# File generated by ImageToStl.com - Free Image and 3D model conversion tools

mtllib 308_bullet.mtl

o obj1
v 0.03335501 0.0485667 0.19668689
v 0.0654282 0.0485667 0.1869576
v 0.0654282 0.09914958 0.1869576
v 0.03335501 0.09914958 0.19668689
v 0.12089555 0.09914958 0.14989549
v 0.14215814 0.09914958 0.12398697
v 0.16395268 0.15406191 0.13854963
v 0.13943028 0.15406191 0.16843024
v -0.12089555 0.0485667 -0.0918956
v -0.14215814 0.0485667 -0.06598708
v -0.14215814 0.09914958 -0.06598708
v -0.12089555 0.09914958 -0.0918956
v 0.03335501 0.0485667 -0.13868701
v 0 0.0485667 -0.14197218
v -0 0.09914958 -0.14197218
v 0.03335501 0.09914958 -0.13868701
v 0.09498703 0.0485667 0.17115808
v 0.09498703 0.09914958 0.17115808
v -0.15795766 0.0485667 -0.03642826
v -0.15795766 0.09914958 -0.03642826
v 0.12089555 0.0485667 0.14989549
v -0.16768695 0.0485667 -0.00435506
v -0.16768695 0.09914958 -0.00435506
v 0.14215814 0.0485667 0.12398697
v -0.17097214 0.0485667 0.02899995
v -0.17097214 0.09914958 0.02899995
v 0.15795766 0.0485667 0.09442815
v 0.15795766 0.09914958 0.09442815
v -0.16768695 0.0485667 0.06235496
v -0.16768695 0.09914958 0.06235496
v 0.16768695 0.0485667 0.06235496
v 0.16768695 0.09914958 0.06235496
v -0.15795766 0.0485667 0.09442815
v -0.15795766 0.09914958 0.09442815
v 0.17097214 0.0485667 0.02899995
v 0.17097214 0.09914958 0.02899995
v -0.14215814 0.0485667 0.12398697
v -0.14215814 0.09914958 0.12398697
v 0.17097214 0.0485667 0.02899995
v 0.16768695 0.0485667 -0.00435506
v 0.16768695 0.09914958 -0.00435506
v 0.17097214 0.09914958 0.02899995
v -0.12089555 0.0485667 0.14989549
v -0.12089555 0.09914958 0.14989549
v 0.15795766 0.0485667 -0.03642826
v 0.15795766 0.09914958 -0.03642826
v -0.09498703 0.0485667 0.17115808
v -0.09498703 0.09914958 0.17115808
v 0.14215814 0.0485667 -0.06598708
v 0.14215814 0.09914958 -0.06598708
v -0.0654282 0.0485667 0.1869576
v -0.0654282 0.09914958 0.1869576
v -0.03335501 0.0485667 -0.13868701
v -0.03335501 0.09914958 -0.13868701
v 0.12089555 0.0485667 -0.0918956
v 0.12089555 0.09914958 -0.0918956
v -0.03335501 0.0485667 0.19668689
v -0.03335501 0.09914958 0.19668689
v -0.0654282 0.0485667 -0.12895772
v -0.0654282 0.09914958 -0.12895772
v 0.09498703 0.0485667 -0.11315819
v 0.09498703 0.09914958 -0.11315819
v 0 0.0485667 0.19997209
v -0 0.09914958 0.19997209
v -0.09498703 0.0485667 -0.11315819
v -0.09498703 0.09914958 -0.11315819
v 0.0654282 0.0485667 -0.12895772
v 0.0654282 0.09914958 -0.12895772
v 0.19339538 0.15406191 0.06746867
v 0.19718421 0.15406191 0.02899995
v 0.19718416 1.60216534 0.02899995
v 0.19339532 1.60216534 0.06746867
v -0.19718421 0.15406191 0.02899995
v -0.19339538 0.15406191 -0.00946878
v 0.18217444 0.15406191 0.10445908
v -0.19339538 0.15406191 0.06746867
v -0.18217444 0.15406191 0.10445908
v -0.16395268 0.15406191 0.13854963
v 0.19339538 0.15406191 -0.00946878
v 0.19718421 0.15406191 0.02899995
v -0.13943028 0.15406191 0.16843024
v 0.18217444 0.15406191 -0.04645919
v -0.10954968 0.15406191 0.19295263
v 0.16395268 0.15406191 -0.08054973
v -0.07545914 0.15406191 0.2111744
v -0.03846873 0.15406191 -0.16439542
v -0 0.15406191 -0.16818425
v 0.13943028 0.15406191 -0.11043034
v -0.03846873 0.15406191 0.22239533
v -0.07545914 0.15406191 -0.15317449
v 0.10954968 0.15406191 -0.13495272
v -0 0.15406191 0.22618416
v -0.10954968 0.15406191 -0.13495272
v 0.07545914 0.15406191 -0.15317449
v 0.03846873 0.15406191 0.22239533
v -0.13943028 0.15406191 -0.11043034
v 0.03846873 0.15406191 -0.16439542
v 0.07545914 0.15406191 0.2111744
v -0.16395268 0.15406191 -0.08054973
v 0.10954968 0.15406191 0.19295263
v -0.18217444 0.15406191 -0.04645919
v 0.1821744 1.60216534 -0.04645919
v 0.16395263 1.60216534 -0.08054973
v 0.1401315 1.73727965 -0.06463299
v 0.15570579 1.73727965 -0.03549554
v -0.16395272 1.60216534 0.13854963
v -0.1821745 1.60216534 0.10445908
v 0.19339532 1.60216534 -0.00946878
v 0.19718416 1.60216534 0.02899995
v -0.13943033 1.60216534 0.16843024
v -0.10954972 1.60216534 0.19295263
v -0.07545918 1.60216534 0.2111744
v -0.03846877 1.60216534 -0.16439542
v -4E-08 1.60216534 -0.16818425
v 0.13943024 1.60216534 -0.11043034
v -0.03846877 1.60216534 0.22239533
v -0.07545918 1.60216534 -0.15317449
v 0.10954963 1.60216534 -0.13495272
v -4E-08 1.60216534 0.22618416
v -0.10954972 1.60216534 -0.13495272
v 0.07545909 1.60216534 -0.15317449
v 0.03846869 1.60216534 0.22239533
v -0.13943033 1.60216534 -0.11043034
v 0.03846869 1.60216534 -0.16439542
v 0.07545909 1.60216534 0.2111744
v -0.16395272 1.60216534 -0.08054973
v 0.10954963 1.60216534 0.19295263
v -0.1821745 1.60216534 -0.04645919
v 0.13943024 1.60216534 0.16843024
v -0.19339542 1.60216534 -0.00946878
v 0.16395263 1.60216534 0.13854963
v -0.19718425 1.60216534 0.02899995
v 0.1821744 1.60216534 0.10445908
v -0.19339542 1.60216534 0.06746867
v -0.06449556 1.73727965 -0.12670591
v -0.093633 1.73727965 -0.11113163
v -0.09363284 2.06789708 -0.11113163
v -0.06449538 2.06789708 -0.12670591
v -0.06449556 1.73727965 0.18470582
v -0.093633 1.73727965 0.16913152
v -0.03287958 1.73727965 -0.13629651
v -7E-08 1.73727965 -0.13953486
v 0.11917204 1.73727965 -0.09017216
v -0.03287958 1.73727965 0.19429642
v 0.09363285 1.73727965 -0.11113163
v -7E-08 1.73727965 0.19753477
v 0.06449541 1.73727965 -0.12670591
v 0.03287944 1.73727965 0.19429642
v -0.11917218 1.73727965 -0.09017216
v 0.03287944 1.73727965 -0.13629651
v 0.06449541 1.73727965 0.18470582
v -0.14013164 1.73727965 -0.06463299
v 0.09363285 1.73727965 0.16913152
v -0.15570594 1.73727965 -0.03549554
v 0.11917204 1.73727965 0.14817205
v -0.16529654 1.73727965 -0.00387957
v 0.1401315 1.73727965 0.12263287
v -0.16853489 1.73727965 0.02899995
v 0.15570579 1.73727965 0.09349544
v -0.16529654 1.73727965 0.06187946
v 0.16529639 1.73727965 0.06187946
v -0.15570594 1.73727965 0.09349544
v 0.16853474 1.73727965 0.02899995
v -0.14013164 1.73727965 0.12263287
v 0.16529639 1.73727965 -0.00387957
v 0.16853474 1.73727965 0.02899995
v -0.11917218 1.73727965 0.14817205
v 0.06449559 2.06789708 -0.12670591
v 0.09363303 2.06789708 -0.11113163
v 0.03287961 2.06789708 0.19429642
v 1E-07 2.06789708 0.19753477
v -0.11917201 2.06789708 -0.09017216
v 0.03287961 2.06789708 -0.13629651
v 0.06449559 2.06789708 0.18470582
v -0.14013147 2.06789708 -0.06463299
v 1E-07 2.06789708 -0.13953486
v 0.09363303 2.06789708 0.16913152
v -0.15570578 2.06789708 -0.03549554
v 0.1191722 2.06789708 0.14817205
v -0.16529638 2.06789708 -0.00387957
v 0.14013167 2.06789708 0.12263287
v -0.16853473 2.06789708 0.02899995
v 0.15570596 2.06789708 0.09349544
v -0.16529638 2.06789708 0.06187946
v 0.16529655 2.06789708 0.06187946
v -0.15570578 2.06789708 0.09349544
v 0.1685349 2.06789708 0.02899995
v -0.14013147 2.06789708 0.12263287
v 0.16529655 2.06789708 -0.00387957
v 0.1685349 2.06789708 0.02899995
v -0.11917201 2.06789708 0.14817205
v 0.15570596 2.06789708 -0.03549554
v -0.09363284 2.06789708 0.16913152
v 0.14013167 2.06789708 -0.06463299
v -0.06449538 2.06789708 0.18470582
v -0.03287941 2.06789708 -0.13629651
v 0.1191722 2.06789708 -0.09017216
v -0.03287941 2.06789708 0.19429642
v 0 0.04790556 -0.09213659
v -0.02363256 0.04790556 -0.08980899
v -0.02599991 0.04790556 -0.10171045
v 0 0.04790556 -0.10427121
v -0.04635696 0.04790556 -0.08291562
v -0.05100068 0.04790556 -0.09412654
v -0.06729986 0.04790556 -0.0717214
v -0.07404149 0.04790556 -0.08181097
v -0.08565646 0.04790556 -0.05665652
v -0.09423694 0.04790556 -0.06523699
v -0.10072135 0.04790556 -0.03829991
v -0.11081092 0.04790556 -0.04504155
v -0.11191557 0.04790556 -0.01735701
v -0.12312649 0.04790556 -0.02200073
v -0.11880894 0.04790556 0.00536739
v -0.13071039 0.04790556 0.00300004
v -0.12113654 0.04790556 0.02899995
v -0.13327116 0.04790556 0.02899995
v -0.11880894 0.04790556 0.05263251
v -0.13071039 0.04790556 0.05499986
v -0.11191557 0.04790556 0.0753569
v -0.12312649 0.04790556 0.08000062
v -0.10072135 0.04790556 0.0962998
v -0.11081092 0.04790556 0.10304144
v -0.08565646 0.04790556 0.11465641
v -0.09423694 0.04790556 0.12323689
v -0.06729986 0.04790556 0.1297213
v -0.07404149 0.04790556 0.13981086
v -0.04635696 0.04790556 0.14091551
v -0.05100068 0.04790556 0.15212643
v -0.02363256 0.04790556 0.14780888
v -0.02599991 0.04790556 0.15971035
v 0 0.04790556 0.15013649
v 0 0.04790556 0.16227111
v 0.02363256 0.04790556 0.14780888
v 0.02599991 0.04790556 0.15971035
v 0.04635696 0.04790556 0.14091551
v 0.05100068 0.04790556 0.15212643
v 0.06729986 0.04790556 0.1297213
v 0.07404149 0.04790556 0.13981086
v 0.08565646 0.04790556 0.11465641
v 0.09423694 0.04790556 0.12323689
v 0.10072135 0.04790556 0.0962998
v 0.11081092 0.04790556 0.10304144
v 0.11191557 0.04790556 0.0753569
v 0.12312649 0.04790556 0.08000062
v 0.11880894 0.04790556 0.05263251
v 0.13071039 0.04790556 0.05499986
v 0.12113654 0.04790556 0.02899995
v 0.13327116 0.04790556 0.02899995
v 0.12113654 0.04790556 0.02899995
v 0.11880894 0.04790556 0.00536739
v 0.13071039 0.04790556 0.00300004
v 0.13327116 0.04790556 0.02899995
v 0.11191557 0.04790556 -0.01735701
v 0.12312649 0.04790556 -0.02200073
v 0.10072135 0.04790556 -0.03829991
v 0.11081092 0.04790556 -0.04504155
v 0.08565646 0.04790556 -0.05665652
v 0.09423694 0.04790556 -0.06523699
v 0.06729986 0.04790556 -0.0717214
v 0.07404149 0.04790556 -0.08181097
v 0.04635696 0.04790556 -0.08291562
v 0.05100068 0.04790556 -0.09412654
v 0.02363256 0.04790556 -0.08980899
v 0.02599991 0.04790556 -0.10171045
v 4E-08 0.05786562 0.01862277
v 0.00196463 0.05786562 0.01881626
v 3E-08 0.05885744 0.02869297
v 4E-08 0.0549283 0.00893955
v 0.00385374 0.0549283 0.0093191
v 3E-08 0.05015814 1.544E-05
v 0.00559474 0.05015814 0.00056647
v 4E-08 0.04373884 -0.00780659
v 0.00712075 0.04373884 -0.00710526
v 3E-08 0.03591681 -0.01422598
v 0.0083731 0.03591681 -0.0134013
v 4E-08 0.02699268 -0.018996
v 0.00930369 0.02699268 -0.01807968
v 0.01824982 0.02699268 -0.01536592
v 0.0164244 0.03591681 -0.01095897
v 0.00385374 0.05786562 0.01938931
v 0.00755934 0.0549283 0.01044318
v 0.01097445 0.05015814 0.00219839
v 0.01396782 0.04373884 -0.00502823
v 0.01097445 0.0549283 0.01226859
v 0.00559474 0.05786562 0.0203199
v 0.01593241 0.05015814 0.00484849
v 0.02027811 0.04373884 -0.0016553
v 0.02384452 0.03591681 -0.00699283
v 0.02649462 0.02699268 -0.01095897
v 0.00712075 0.05786562 0.02157226
v 0.01396782 0.0549283 0.01472519
v 0.02027811 0.05015814 0.0084149
v 0.02580913 0.04373884 0.00288388
v 0.03034832 0.03591681 -0.0016553
v 0.03372124 0.02699268 -0.00502823
v 0.03568583 0.03591681 0.00484849
v 0.03034832 0.04373884 0.0084149
v 0.03965197 0.02699268 0.00219839
v 0.0083731 0.05786562 0.02309826
v 0.0164244 0.0549283 0.01771855
v 0.02384452 0.05015814 0.01276059
v 0.01824982 0.0549283 0.02113366
v 0.00930369 0.05786562 0.02483927
v 0.02649462 0.05015814 0.01771856
v 0.03372124 0.04373884 0.01472519
v 0.03965197 0.03591681 0.0122686
v 0.04405891 0.02699268 0.01044318
v 0.04677268 0.02699268 0.01938931
v 0.0420943 0.03591681 0.0203199
v 0.00987674 0.05786562 0.02672837
v 0.0193739 0.0549283 0.02483927
v 0.02812653 0.05015814 0.02309826
v 0.03579828 0.04373884 0.02157226
v 0.02867756 0.05015814 0.02869297
v 0.01975345 0.0549283 0.02869297
v 0.0364996 0.04373884 0.02869297
v 0.04291897 0.03591681 0.02869297
v 0.04768902 0.02699268 0.02869297
v 0.01007024 0.05786562 0.02869297
v 0.00987674 0.05786562 0.03065757
v 0.0193739 0.0549283 0.03254667
v 0.02812653 0.05015814 0.03428768
v 0.03579827 0.04373884 0.03581368
v 0.0420943 0.03591681 0.03706604
v 0.04677268 0.02699268 0.03799663
v 0.0264946 0.05015814 0.03966738
v 0.01824982 0.0549283 0.03625228
v 0.03372124 0.04373884 0.04266075
v 0.03965197 0.03591681 0.04511734
v 0.04405891 0.02699268 0.04694275
v 0.00930369 0.05786562 0.03254667
v 0.0083731 0.05786562 0.03428768
v 0.0164244 0.0549283 0.03966738
v 0.02384452 0.05015814 0.04462535
v 0.03034832 0.04373884 0.04897104
v 0.03568583 0.03591681 0.05253746
v 0.03965197 0.02699268 0.05518754
v 0.02580912 0.04373884 0.05450206
v 0.0202781 0.05015814 0.04897104
v 0.0303483 0.03591681 0.05904125
v 0.03372124 0.02699268 0.06241416
v 0.00712074 0.05786562 0.03581368
v 0.01396781 0.0549283 0.04266075
v 0.00559474 0.05786562 0.03706603
v 0.01097444 0.0549283 0.04511734
v 0.01593241 0.05015814 0.05253746
v 0.02027811 0.04373884 0.05904125
v 0.02384451 0.03591681 0.06437877
v 0.02649462 0.02699268 0.06834491
v 0.01396781 0.04373884 0.06241417
v 0.01097444 0.05015814 0.05518754
v 0.01642439 0.03591681 0.06834489
v 0.01824982 0.02699268 0.07275183
v 0.00385373 0.05786562 0.03799662
v 0.00755934 0.0549283 0.04694275
v 0.00196463 0.05786562 0.03856967
v 0.00385373 0.0549283 0.04806683
v 0.00559474 0.05015814 0.05681945
v 0.00712074 0.04373884 0.06449121
v 0.0083731 0.03591681 0.07078724
v 0.00930369 0.02699268 0.0754656
v 3E-08 0.03591681 0.07161191
v 3E-08 0.04373884 0.06519253
v 4E-08 0.02699268 0.07638194
v 3E-08 0.05786562 0.03876317
v 3E-08 0.0549283 0.04844639
v 3E-08 0.05015814 0.05737049
v -0.00385367 0.0549283 0.04806683
v -0.00196456 0.05786562 0.03856967
v -0.00559468 0.05015814 0.05681945
v -0.00712068 0.04373884 0.0644912
v -0.00837304 0.03591681 0.07078722
v -0.00930362 0.02699268 0.0754656
v -0.01824974 0.02699268 0.07275183
v -0.01642434 0.03591681 0.06834489
v -0.00385367 0.05786562 0.03799662
v -0.00755927 0.0549283 0.04694275
v -0.01097438 0.05015814 0.05518753
v -0.01396775 0.04373884 0.06241416
v -0.01097438 0.0549283 0.04511733
v -0.00559467 0.05786562 0.03706603
v -0.01593234 0.05015814 0.05253744
v -0.02027803 0.04373884 0.05904125
v -0.02384445 0.03591681 0.06437875
v -0.02649453 0.02699268 0.06834489
v -0.03372116 0.02699268 0.06241416
v -0.03034824 0.03591681 0.05904124
v -0.00712067 0.05786562 0.03581367
v -0.01396775 0.0549283 0.04266075
v -0.02027803 0.05015814 0.04897102
v -0.02580906 0.04373884 0.05450206
v -0.02384444 0.05015814 0.04462533
v -0.01642433 0.0549283 0.03966738
v -0.03034824 0.04373884 0.04897103
v -0.03568575 0.03591681 0.05253744
v -0.0396519 0.02699268 0.05518754
v -0.00837303 0.05786562 0.03428767
v -0.00930362 0.05786562 0.03254667
v -0.01824975 0.0549283 0.03625227
v -0.02649453 0.05015814 0.03966737
v -0.03372116 0.04373884 0.04266075
v -0.03965189 0.03591681 0.04511732
v -0.04405882 0.02699268 0.04694275
v -0.02812644 0.05015814 0.03428767
v -0.01937383 0.0549283 0.03254667
v -0.03579819 0.04373884 0.03581368
v -0.04209422 0.03591681 0.03706603
v -0.0467726 0.02699268 0.03799662
v -0.00987667 0.05786562 0.03065757
v -0.01007016 0.05786562 0.02869297
v -0.01975338 0.0549283 0.02869297
v -0.02867747 0.05015814 0.02869296
v -0.03649952 0.04373884 0.02869297
v -0.04291889 0.03591681 0.02869296
v -0.04768892 0.02699268 0.02869297
v -0.03579819 0.04373884 0.02157226
v -0.02812644 0.05015814 0.02309826
v -0.04209422 0.03591681 0.02031989
v -0.0467726 0.02699268 0.01938931
v -0.00987667 0.05786562 0.02672837
v -0.01937382 0.0549283 0.02483927
v -0.00930362 0.05786562 0.02483927
v -0.01824974 0.0549283 0.02113366
v -0.02649452 0.05015814 0.01771856
v -0.03372116 0.04373884 0.01472519
v -0.03965189 0.03591681 0.0122686
v -0.04405882 0.02699268 0.0104432
v -0.03568574 0.03591681 0.00484849
v -0.03034824 0.04373884 0.0084149
v -0.03965189 0.02699268 0.00219841
v -0.00837303 0.05786562 0.02309827
v -0.01642433 0.0549283 0.01771856
v -0.02384443 0.05015814 0.01276059
v -0.00712067 0.05786562 0.02157226
v -0.01396774 0.0549283 0.0147252
v -0.02027801 0.05015814 0.00841491
v -0.02580904 0.04373884 0.00288388
v -0.03034821 0.03591681 -0.00165529
v -0.03372115 0.02699268 -0.00502822
v -0.02384443 0.03591681 -0.00699282
v -0.02027803 0.04373884 -0.0016553
v -0.02649453 0.02699268 -0.01095895
v -0.00559467 0.05786562 0.02031991
v -0.01097437 0.0549283 0.0122686
v -0.01593232 0.05015814 0.00484849
v -0.00755927 0.0549283 0.0104432
v -0.00385366 0.05786562 0.01938932
v -0.01097436 0.05015814 0.00219841
v -0.01396774 0.04373884 -0.00502823
v -0.01642432 0.03591681 -0.01095895
v -0.01824974 0.02699268 -0.01536589
v -0.00930362 0.02699268 -0.01807966
v -0.00837302 0.03591681 -0.01340128
v -0.00196456 0.05786562 0.01881627
v -0.00385366 0.0549283 0.00931911
v -0.00559466 0.05015814 0.00056651
v -0.00712067 0.04373884 -0.00710526
v 0.05077219 0.02338791 -0.00527989
v 0.05647503 0.02338791 0.00539004
v 0.04178198 0.03511715 0.01138632
v 0.03760278 0.03511715 0.00356762
v 0.03197855 0.03511715 -0.00328554
v 0.04319984 0.02338791 -0.01450684
v 0.03394191 0.02338791 -0.02210462
v 0.0251254 0.03511715 -0.00890978
v 0.01730668 0.03511715 -0.01308899
v 0.0233796 0.02338791 -0.0277503
v 0.0119188 0.02338791 -0.03122689
v 0.00882288 0.03511715 -0.0156625
v 1E-08 0.02338791 -0.03240078
v 4E-08 0.03511715 -0.01653145
v -0.00882282 0.03511715 -0.01566248
v -0.01190216 0.02338791 -0.03122849
v -0.02341141 0.02338791 -0.02773707
v -0.01730661 0.03511715 -0.01308896
v -0.02512531 0.03511715 -0.00890975
v -0.03392893 0.02338791 -0.02211518
v -0.03197846 0.03511715 -0.00328552
v -0.04319974 0.02338791 -0.01450682
v -0.05079753 0.02338791 -0.0052489
v -0.03760271 0.03511715 0.00356765
v -0.04178189 0.03511715 0.01138635
v -0.05644319 0.02338791 0.00531339
v -0.05991979 0.02338791 0.01677417
v -0.04435543 0.03511715 0.01987013
v -0.06109368 0.02338791 0.02869298
v -0.04522439 0.03511715 0.02869298
v -0.04435541 0.03511715 0.03751583
v -0.0599198 0.02338791 0.04061174
v -0.05644321 0.02338791 0.05207252
v -0.04178188 0.03511715 0.04599963
v -0.03760272 0.03511715 0.05381834
v -0.05079756 0.02338791 0.06263481
v -0.03197848 0.03511715 0.06067148
v -0.04319976 0.02338791 0.07189275
v -0.02512529 0.03511715 0.06629572
v -0.03394182 0.02338791 0.07949055
v -0.0173066 0.03511715 0.0704749
v -0.02337952 0.02338791 0.08513622
v -0.01191875 0.02338791 0.08861281
v -0.00882281 0.03511715 0.07304842
v 4E-08 0.03511715 0.07391742
v 3E-08 0.02338791 0.08978671
v 0.01191881 0.02338791 0.08861281
v 0.00882289 0.03511715 0.07304842
v 0.02337958 0.02338791 0.08513623
v 0.01730669 0.03511715 0.0704749
v 0.02512541 0.03511715 0.06629572
v 0.03394189 0.02338791 0.07949057
v 0.03197856 0.03511715 0.06067146
v 0.04319984 0.02338791 0.07189277
v 0.03760279 0.03511715 0.05381832
v 0.05079762 0.02338791 0.06263484
v 0.04178198 0.03511715 0.04599961
v 0.0564433 0.02338791 0.05207254
v 0.05991988 0.02338791 0.04061178
v 0.0443555 0.03511715 0.03751582
v 0.06109379 0.02338791 0.02869297
v 0.04522449 0.03511715 0.02869296
v 0.04522449 0.03511715 0.02869296
v 0.0443555 0.03511715 0.01987011
v 0.05991595 0.02338791 0.01673431
v 0.06109379 0.02338791 0.02869297
v -0.00930362 0.02699268 -0.01807966
v -0.01824974 0.02699268 -0.01536589
v 0.03481981 0.02338791 -0.05506248
v 0.05055051 0.02338791 -0.04665425
v -0.0643386 0.02338791 0.09333855
v -0.07565419 0.02338791 0.07955046
v -0.02649453 0.02699268 -0.01095895
v 0.00930369 0.02699268 -0.01807968
v 4E-08 0.02699268 -0.018996
v 0.01824982 0.02699268 -0.01536592
v 0.00930369 0.02699268 0.0754656
v 0.01824982 0.02699268 0.07275183
v 0.02649462 0.02699268 0.06834491
v 0.03372124 0.02699268 -0.00502823
v 0.02649462 0.02699268 -0.01095897
v 0.03372124 0.02699268 0.06241416
v 0.03965197 0.02699268 0.05518754
v 0.04405891 0.02699268 0.01044318
v 0.03965197 0.02699268 0.00219839
v 0.04405891 0.02699268 0.04694275
v 0.04677268 0.02699268 0.03799663
v 0.04768902 0.02699268 0.02869297
v 0.04768902 0.02699268 0.02869297
v 0.04677268 0.02699268 0.01938931
v -0.0467726 0.02699268 0.01938931
v -0.04768892 0.02699268 0.02869297
v -0.0467726 0.02699268 0.03799662
v -0.04405882 0.02699268 0.04694275
v -0.0396519 0.02699268 0.05518754
v -0.04405882 0.02699268 0.0104432
v -0.03372115 0.02699268 -0.00502822
v -0.03965189 0.02699268 0.00219841
v -0.03372116 0.02699268 0.06241416
v -0.02649453 0.02699268 0.06834489
v -0.01824974 0.02699268 0.07275183
v -0.00930362 0.02699268 0.0754656
v 4E-08 0.02699268 0.07638194
v 0.11484698 0.02338791 0.05184443
v 0.11709698 0.02338791 0.02899995
v 0.12113654 0.02740812 0.02899995
v 0.11880894 0.02740812 0.05263251
v -0.10818349 0.02338791 0.07381102
v -0.09736257 0.02338791 0.09405553
v -0.10072135 0.02740812 0.0962998
v -0.11191557 0.02740812 0.0753569
v 0.11709698 0.02338791 0.02899995
v 0.11484698 0.02338791 0.00615547
v 0.11880894 0.02740812 0.00536739
v 0.12113654 0.02740812 0.02899995
v -0.08280006 0.02338791 0.11180001
v -0.08565646 0.02740812 0.11465641
v 0.10818349 0.02338791 -0.01581113
v 0.11191557 0.02740812 -0.01735701
v -0.06505559 0.02338791 0.12636252
v -0.06729986 0.02740812 0.1297213
v 0.09736257 0.02338791 -0.03605564
v 0.10072135 0.02740812 -0.03829991
v -0.04481108 0.02338791 0.13718343
v -0.04635696 0.02740812 0.14091551
v -0.02363256 0.02740812 -0.08980899
v 0 0.02740812 -0.09213659
v 0 0.02338791 -0.08809703
v -0.02284448 0.02338791 -0.08584704
v 0.08280006 0.02338791 -0.05380011
v 0.08565646 0.02740812 -0.05665652
v -0.02284448 0.02338791 0.14384693
v -0.02363256 0.02740812 0.14780888
v -0.04481108 0.02338791 -0.07918354
v -0.04635696 0.02740812 -0.08291562
v 0.06505559 0.02338791 -0.06836262
v 0.06729986 0.02740812 -0.0717214
v 0 0.02338791 0.14609692
v 0 0.02740812 0.15013649
v -0.06505559 0.02338791 -0.06836262
v -0.06729986 0.02740812 -0.0717214
v 0.04481108 0.02338791 -0.07918354
v 0.04635696 0.02740812 -0.08291562
v 0.02284448 0.02338791 0.14384693
v 0.02363256 0.02740812 0.14780888
v -0.08280006 0.02338791 -0.05380011
v -0.08565646 0.02740812 -0.05665652
v 0.02284448 0.02338791 -0.08584704
v 0.02363256 0.02740812 -0.08980899
v 0.04481108 0.02338791 0.13718343
v 0.04635696 0.02740812 0.14091551
v -0.09736257 0.02338791 -0.03605564
v -0.10072135 0.02740812 -0.03829991
v 0.06505559 0.02338791 0.12636252
v 0.06729986 0.02740812 0.1297213
v -0.10818349 0.02338791 -0.01581113
v -0.11191557 0.02740812 -0.01735701
v 0.08280006 0.02338791 0.11180001
v 0.08565646 0.02740812 0.11465641
v -0.11484698 0.02338791 0.00615547
v -0.11880894 0.02740812 0.00536739
v 0.09736257 0.02338791 0.09405553
v 0.10072135 0.02740812 0.0962998
v -0.11709698 0.02338791 0.02899995
v -0.12113654 0.02740812 0.02899995
v 0.10818349 0.02338791 0.07381102
v 0.11191557 0.02740812 0.0753569
v -0.11484698 0.02338791 0.05184443
v -0.11880894 0.02740812 0.05263251
v -0.04635696 0.04790556 -0.08291562
v -0.02363256 0.04790556 -0.08980899
v -0.01775097 0.02338791 -0.06024025
v -0.03481981 0.02338791 -0.05506248
v 0 0.04790556 -0.09213659
v 0 0.02338791 -0.06198857
v 0.02363256 0.04790556 -0.08980899
v 0.01775097 0.02338791 -0.06024025
v -0.06729986 0.04790556 -0.0717214
v -0.05055051 0.02338791 -0.04665425
v -0.08565646 0.04790556 -0.05665652
v -0.0643386 0.02338791 -0.03533866
v -0.10072135 0.04790556 -0.03829991
v -0.07565419 0.02338791 -0.02155056
v -0.11191557 0.04790556 -0.01735701
v -0.08406243 0.02338791 -0.00581986
v -0.11880894 0.04790556 0.00536739
v -0.0892402 0.02338791 0.01124897
v -0.12113654 0.04790556 0.02899995
v -0.09098852 0.02338791 0.02899995
v -0.11880894 0.04790556 0.05263251
v -0.0892402 0.02338791 0.04675092
v -0.11191557 0.04790556 0.0753569
v -0.08406243 0.02338791 0.06381976
v -0.10072135 0.04790556 0.0962998
v -0.08565646 0.04790556 0.11465641
v -0.06729986 0.04790556 0.1297213
v -0.05055051 0.02338791 0.10465414
v -0.04635696 0.04790556 0.14091551
v -0.03481981 0.02338791 0.11306237
v -0.02363256 0.04790556 0.14780888
v -0.01775097 0.02338791 0.11824015
v 0 0.04790556 0.15013649
v 0 0.02338791 0.11998846
v 0.02363256 0.04790556 0.14780888
v 0.01775097 0.02338791 0.11824015
v 0.04635696 0.04790556 0.14091551
v 0.03481981 0.02338791 0.11306237
v 0.06729986 0.04790556 0.1297213
v 0.05055051 0.02338791 0.10465414
v 0.08565646 0.04790556 0.11465641
v 0.0643386 0.02338791 0.09333855
v 0.10072135 0.04790556 0.0962998
v 0.07565419 0.02338791 0.07955046
v 0.11191557 0.04790556 0.0753569
v 0.08406243 0.02338791 0.06381976
v 0.11880894 0.04790556 0.05263251
v 0.0892402 0.02338791 0.04675092
v 0.12113654 0.04790556 0.02899995
v 0.09098852 0.02338791 0.02899995
v 0.11880894 0.04790556 0.00536739
v 0.12113654 0.04790556 0.02899995
v 0.09098852 0.02338791 0.02899995
v 0.0892402 0.02338791 0.01124897
v 0.11191557 0.04790556 -0.01735701
v 0.08406243 0.02338791 -0.00581986
v 0.10072135 0.04790556 -0.03829991
v 0.07565419 0.02338791 -0.02155056
v 0.08565646 0.04790556 -0.05665652
v 0.0643386 0.02338791 -0.03533866
v 0.06729986 0.04790556 -0.0717214
v 0.04635696 0.04790556 -0.08291562
v 0.11081092 0.02894998 0.10304144
v 0.12312649 0.02894998 0.08000062
v 0.12839408 0.02327585 0.08218253
v 0.11555162 0.02327585 0.10620908
v 0 0.02894998 -0.10427121
v -0.02599991 0.02894998 -0.10171045
v -0.02711224 0.02327585 -0.10730248
v 0 0.02327585 -0.10997281
v -0.05100068 0.02894998 -0.09412654
v -0.05318258 0.02327585 -0.09939414
v -0.07404149 0.02894998 -0.08181097
v -0.07720913 0.02327585 -0.08655167
v -0.09423694 0.02894998 -0.06523699
v -0.09826858 0.02327585 -0.06926863
v -0.11081092 0.02894998 -0.04504155
v -0.11555162 0.02327585 -0.04820918
v -0.12312649 0.02894998 -0.02200073
v -0.12839408 0.02327585 -0.02418264
v -0.13071039 0.02894998 0.00300004
v -0.13630243 0.02327585 0.00188771
v -0.13327116 0.02894998 0.02899995
v -0.13897276 0.02327585 0.02899995
v -0.13071039 0.02894998 0.05499986
v -0.13630243 0.02327585 0.05611219
v -0.12312649 0.02894998 0.08000062
v -0.12839408 0.02327585 0.08218253
v -0.11081092 0.02894998 0.10304144
v -0.11555162 0.02327585 0.10620908
v -0.09423694 0.02894998 0.12323689
v -0.09826858 0.02327585 0.12726852
v -0.07404149 0.02894998 0.13981086
v -0.07720913 0.02327585 0.14455158
v -0.05100068 0.02894998 0.15212643
v -0.05318258 0.02327585 0.15739402
v -0.02599991 0.02894998 0.15971035
v -0.02711224 0.02327585 0.16530237
v 0 0.02894998 0.16227111
v 0 0.02327585 0.16797271
v 0.02599991 0.02894998 0.15971035
v 0.02711224 0.02327585 0.16530237
v 0.05100068 0.02894998 0.15212643
v 0.05318258 0.02327585 0.15739402
v 0.07404149 0.02894998 0.13981086
v 0.07720913 0.02327585 0.14455158
v 0.09423694 0.02894998 0.12323689
v 0.09826858 0.02327585 0.12726852
v 0.13071039 0.02894998 0.05499986
v 0.13630243 0.02327585 0.05611219
v 0.13327116 0.02894998 0.02899995
v 0.13897276 0.02327585 0.02899995
v 0.13327116 0.02894998 0.02899995
v 0.13071039 0.02894998 0.00300004
v 0.13630243 0.02327585 0.00188771
v 0.13897276 0.02327585 0.02899995
v 0.12312649 0.02894998 -0.02200073
v 0.12839408 0.02327585 -0.02418264
v 0.11081092 0.02894998 -0.04504155
v 0.11555162 0.02327585 -0.04820918
v 0.09423694 0.02894998 -0.06523699
v 0.09826858 0.02327585 -0.06926863
v 0.07404149 0.02894998 -0.08181097
v 0.07720913 0.02327585 -0.08655167
v 0.05100068 0.02894998 -0.09412654
v 0.05318258 0.02327585 -0.09939414
v 0.02599991 0.02894998 -0.10171045
v 0.02711224 0.02327585 -0.10730248
v 0 0.02894998 -0.10427121
v 0.02599991 0.02894998 -0.10171045
v -0.02599991 0.02894998 -0.10171045
v -0.05100068 0.02894998 -0.09412654
v -0.07404149 0.02894998 -0.08181097
v -0.09423694 0.02894998 -0.06523699
v -0.11081092 0.02894998 -0.04504155
v -0.12312649 0.02894998 -0.02200073
v -0.13071039 0.02894998 0.00300004
v -0.13327116 0.02894998 0.02899995
v -0.13071039 0.02894998 0.05499986
v -0.12312649 0.02894998 0.08000062
v -0.11081092 0.02894998 0.10304144
v -0.09423694 0.02894998 0.12323689
v -0.07404149 0.02894998 0.13981086
v -0.05100068 0.02894998 0.15212643
v -0.02599991 0.02894998 0.15971035
v 0 0.02894998 0.16227111
v 0.02599991 0.02894998 0.15971035
v 0.05100068 0.02894998 0.15212643
v 0.07404149 0.02894998 0.13981086
v 0.09423694 0.02894998 0.12323689
v 0.11081092 0.02894998 0.10304144
v 0.12312649 0.02894998 0.08000062
v 0.13071039 0.02894998 0.05499986
v 0.13327116 0.02894998 0.02899995
v 0.13071039 0.02894998 0.00300004
v 0.13327116 0.02894998 0.02899995
v 0.12312649 0.02894998 -0.02200073
v 0.11081092 0.02894998 -0.04504155
v 0.09423694 0.02894998 -0.06523699
v 0.07404149 0.02894998 -0.08181097
v 0.05100068 0.02894998 -0.09412654
v 0.18034442 0.02327585 -0.04570117
v 0.1623057 0.02327585 -0.07944926
v 0.16282721 0.0234431 -0.07979773
v 0.18092392 0.0234431 -0.0459412
v 0.16320901 0.02390003 -0.08005283
v 0.18134815 0.02390003 -0.04611693
v 0.16334876 0.02452433 -0.08014622
v 0.18150342 0.02452433 -0.04618124
v 0.18150342 0.04731822 -0.04618124
v 0.16334876 0.04731822 -0.08014622
v 0.16320901 0.04794252 -0.08005283
v 0.18134815 0.04794252 -0.04611693
v 0.16282721 0.04839945 -0.07979773
v 0.18092392 0.04839945 -0.0459412
v 0.1623057 0.0485667 -0.07944926
v 0.18034442 0.0485667 -0.04570117
v -0.10844921 0.02327585 0.19130564
v -0.07470112 0.02327585 0.20934436
v -0.07494115 0.0234431 0.20992386
v -0.10879768 0.0234431 0.19182715
v -0.07511687 0.02390003 0.2103481
v -0.10905278 0.02390003 0.19220895
v -0.07518119 0.02452433 0.21050337
v -0.10914616 0.02452433 0.19234872
v -0.10914616 0.04731822 0.19234872
v -0.07518119 0.04731822 0.21050337
v -0.07511687 0.04794252 0.2103481
v -0.10905278 0.04794252 0.19220895
v -0.07494115 0.04839945 0.20992386
v -0.10879768 0.04839945 0.19182715
v -0.07470112 0.0485667 0.20934436
v -0.10844921 0.0485667 0.19130564
v -0.03832703 0.02452433 -0.16368306
v 0 0.02452433 -0.16745794
v 0 0.02390003 -0.16728988
v -0.03829425 0.02390003 -0.16351822
v 0 0.0234431 -0.16683069
v -0.03820467 0.0234431 -0.16306788
v 0 0.02327585 -0.16620344
v -0.0380823 0.02327585 -0.16245267
v -0.0380823 0.0485667 -0.16245267
v 0 0.0485667 -0.16620344
v 0 0.04839945 -0.16683069
v -0.03820467 0.04839945 -0.16306788
v 0 0.04794252 -0.16728988
v -0.03829425 0.04794252 -0.16351822
v 0 0.04731822 -0.16745794
v -0.03832703 0.04731822 -0.16368306
v 0.13802963 0.02327585 -0.10902969
v 0.13847317 0.0234431 -0.10947322
v 0.13879786 0.02390003 -0.10979792
v 0.1389167 0.02452433 -0.10991675
v 0.1389167 0.04731822 -0.10991675
v 0.13879786 0.04794252 -0.10979792
v 0.13847317 0.04839945 -0.10947322
v 0.13802963 0.0485667 -0.10902969
v -0.0380823 0.02327585 0.22045258
v -0.03820467 0.0234431 0.22106779
v -0.03829425 0.02390003 0.22151813
v -0.03832703 0.02452433 0.22168294
v -0.03832703 0.04731822 0.22168294
v -0.03829425 0.04794252 0.22151813
v -0.03820467 0.04839945 0.22106779
v -0.0380823 0.0485667 0.22045258
v -0.07470112 0.02327585 -0.15134448
v -0.07494115 0.0234431 -0.15192398
v -0.07511687 0.02390003 -0.15234819
v -0.07518119 0.02452433 -0.15250346
v -0.07518119 0.04731822 -0.15250346
v -0.07511687 0.04794252 -0.15234819
v -0.07494115 0.04839945 -0.15192398
v -0.07470112 0.0485667 -0.15134448
v 0.10844921 0.02327585 -0.13330576
v 0.10879768 0.0234431 -0.13382727
v 0.10905278 0.02390003 -0.13420907
v 0.10914616 0.02452433 -0.13434881
v 0.10914616 0.04731822 -0.13434881
v 0.10905278 0.04794252 -0.13420907
v 0.10879768 0.04839945 -0.13382727
v 0.10844921 0.0485667 -0.13330576
v 0 0.02327585 0.22420335
v 0 0.0234431 0.22483057
v 0 0.02390003 0.22528976
v 0 0.02452433 0.22545785
v 0 0.04731822 0.22545785
v 0 0.04794252 0.22528976
v 0 0.04839945 0.22483057
v 0 0.0485667 0.22420335
v -0.10844921 0.02327585 -0.13330576
v -0.10879768 0.0234431 -0.13382727
v -0.10905278 0.02390003 -0.13420907
v -0.10914616 0.02452433 -0.13434881
v -0.10914616 0.04731822 -0.13434881
v -0.10905278 0.04794252 -0.13420907
v -0.10879768 0.04839945 -0.13382727
v -0.10844921 0.0485667 -0.13330576
v 0.07470112 0.02327585 -0.15134448
v 0.07494115 0.0234431 -0.15192398
v 0.07511687 0.02390003 -0.15234819
v 0.07518119 0.02452433 -0.15250346
v 0.07518119 0.04731822 -0.15250346
v 0.07511687 0.04794252 -0.15234819
v 0.07494115 0.04839945 -0.15192398
v 0.07470112 0.0485667 -0.15134448
v 0.0380823 0.02327585 0.22045258
v 0.03820467 0.0234431 0.22106779
v 0.03829425 0.02390003 0.22151813
v 0.03832703 0.02452433 0.22168294
v 0.03832703 0.04731822 0.22168294
v 0.03829425 0.04794252 0.22151813
v 0.03820467 0.04839945 0.22106779
v 0.0380823 0.0485667 0.22045258
v -0.13802963 0.02327585 -0.10902969
v -0.13847317 0.0234431 -0.10947322
v -0.13879786 0.02390003 -0.10979792
v -0.1389167 0.02452433 -0.10991675
v -0.1389167 0.04731822 -0.10991675
v -0.13879786 0.04794252 -0.10979792
v -0.13847317 0.04839945 -0.10947322
v -0.13802963 0.0485667 -0.10902969
v 0.0380823 0.02327585 -0.16245267
v 0.03820467 0.0234431 -0.16306788
v 0.03829425 0.02390003 -0.16351822
v 0.03832703 0.02452433 -0.16368306
v 0.03832703 0.04731822 -0.16368306
v 0.03829425 0.04794252 -0.16351822
v 0.03820467 0.04839945 -0.16306788
v 0.0380823 0.0485667 -0.16245267
v 0.07470112 0.02327585 0.20934436
v 0.07494115 0.0234431 0.20992386
v 0.07511687 0.02390003 0.2103481
v 0.07518119 0.02452433 0.21050337
v 0.07518119 0.04731822 0.21050337
v 0.07511687 0.04794252 0.2103481
v 0.07494115 0.04839945 0.20992386
v 0.07470112 0.0485667 0.20934436
v -0.1623057 0.02327585 -0.07944926
v -0.16282721 0.0234431 -0.07979773
v -0.16320901 0.02390003 -0.08005283
v -0.16334876 0.02452433 -0.08014622
v -0.16334876 0.04731822 -0.08014622
v -0.16320901 0.04794252 -0.08005283
v -0.16282721 0.04839945 -0.07979773
v -0.1623057 0.0485667 -0.07944926
v 0.10844921 0.02327585 0.19130564
v 0.10879768 0.0234431 0.19182715
v 0.10905278 0.02390003 0.19220895
v 0.10914616 0.02452433 0.19234872
v 0.10914616 0.04731822 0.19234872
v 0.10905278 0.04794252 0.19220895
v 0.10879768 0.04839945 0.19182715
v 0.10844921 0.0485667 0.19130564
v -0.18034442 0.02327585 -0.04570117
v -0.18092392 0.0234431 -0.0459412
v -0.18134815 0.02390003 -0.04611693
v -0.18150342 0.02452433 -0.04618124
v -0.18150342 0.04731822 -0.04618124
v -0.18134815 0.04794252 -0.04611693
v -0.18092392 0.04839945 -0.0459412
v -0.18034442 0.0485667 -0.04570117
v 0.13802963 0.02327585 0.16702959
v 0.13847317 0.0234431 0.16747311
v 0.13879786 0.02390003 0.1677978
v 0.1389167 0.02452433 0.16791666
v 0.1389167 0.04731822 0.16791666
v 0.13879786 0.04794252 0.1677978
v 0.13847317 0.04839945 0.16747311
v 0.13802963 0.0485667 0.16702959
v -0.19145262 0.02327585 -0.00908235
v -0.19206783 0.0234431 -0.00920472
v -0.19251817 0.02390003 -0.0092943
v -0.192683 0.02452433 -0.00932709
v -0.192683 0.04731822 -0.00932709
v -0.19251817 0.04794252 -0.0092943
v -0.19206783 0.04839945 -0.00920472
v -0.19145262 0.0485667 -0.00908235
v 0.1623057 0.02327585 0.13744915
v 0.16282721 0.0234431 0.13779762
v 0.16320901 0.02390003 0.13805273
v 0.16334876 0.02452433 0.1381461
v 0.16334876 0.04731822 0.1381461
v 0.16320901 0.04794252 0.13805273
v 0.16282721 0.04839945 0.13779762
v 0.1623057 0.0485667 0.13744915
v -0.19520339 0.02327585 0.02899995
v -0.19583063 0.0234431 0.02899995
v -0.19628982 0.02390003 0.02899995
v -0.19645789 0.02452433 0.02899995
v -0.19645789 0.04731822 0.02899995
v -0.19628982 0.04794252 0.02899995
v -0.19583063 0.04839945 0.02899995
v -0.19520339 0.0485667 0.02899995
v 0.18034442 0.02327585 0.10370106
v 0.18092392 0.0234431 0.1039411
v 0.18134815 0.02390003 0.10411682
v 0.18150342 0.02452433 0.10418113
v 0.18150342 0.04731822 0.10418113
v 0.18134815 0.04794252 0.10411682
v 0.18092392 0.04839945 0.1039411
v 0.18034442 0.0485667 0.10370106
v -0.19145262 0.02327585 0.06708224
v -0.19206783 0.0234431 0.06720461
v -0.19251817 0.02390003 0.0672942
v -0.192683 0.02452433 0.06732698
v -0.192683 0.04731822 0.06732698
v -0.19251817 0.04794252 0.0672942
v -0.19206783 0.04839945 0.06720461
v -0.19145262 0.0485667 0.06708224
v 0.19145262 0.02327585 0.06708224
v 0.19206783 0.0234431 0.06720461
v 0.19251817 0.02390003 0.0672942
v 0.192683 0.02452433 0.06732698
v 0.192683 0.04731822 0.06732698
v 0.19251817 0.04794252 0.0672942
v 0.19206783 0.04839945 0.06720461
v 0.19145262 0.0485667 0.06708224
v -0.18034442 0.02327585 0.10370106
v -0.18092392 0.0234431 0.1039411
v -0.18134815 0.02390003 0.10411682
v -0.18150342 0.02452433 0.10418113
v -0.18150342 0.04731822 0.10418113
v -0.18134815 0.04794252 0.10411682
v -0.18092392 0.04839945 0.1039411
v -0.18034442 0.0485667 0.10370106
v 0.19520339 0.02327585 0.02899995
v 0.19583063 0.0234431 0.02899995
v 0.19628982 0.02390003 0.02899995
v 0.19645789 0.02452433 0.02899995
v 0.19645789 0.04731822 0.02899995
v 0.19628982 0.04794252 0.02899995
v 0.19583063 0.04839945 0.02899995
v 0.19520339 0.0485667 0.02899995
v -0.1623057 0.02327585 0.13744915
v -0.16282721 0.0234431 0.13779762
v -0.16320901 0.02390003 0.13805273
v -0.16334876 0.02452433 0.1381461
v -0.16334876 0.04731822 0.1381461
v -0.16320901 0.04794252 0.13805273
v -0.16282721 0.04839945 0.13779762
v -0.1623057 0.0485667 0.13744915
v 0.19520339 0.02327585 0.02899995
v 0.19145262 0.02327585 -0.00908235
v 0.19206783 0.0234431 -0.00920472
v 0.19583063 0.0234431 0.02899995
v 0.19251817 0.02390003 -0.0092943
v 0.19628982 0.02390003 0.02899995
v 0.192683 0.02452433 -0.00932709
v 0.19645789 0.02452433 0.02899995
v 0.19645789 0.04731822 0.02899995
v 0.192683 0.04731822 -0.00932709
v 0.19251817 0.04794252 -0.0092943
v 0.19628982 0.04794252 0.02899995
v 0.19206783 0.04839945 -0.00920472
v 0.19583063 0.04839945 0.02899995
v 0.19145262 0.0485667 -0.00908235
v 0.19520339 0.0485667 0.02899995
v -0.13802963 0.02327585 0.16702959
v -0.13847317 0.0234431 0.16747311
v -0.13879786 0.02390003 0.1677978
v -0.1389167 0.02452433 0.16791666
v -0.1389167 0.04731822 0.16791666
v -0.13879786 0.04794252 0.1677978
v -0.13847317 0.04839945 0.16747311
v -0.13802963 0.0485667 0.16702959
v 1E-07 2.06789708 0.186757
v 0.03077697 2.06789708 0.18372574
v 0.02693828 2.33950281 0.16442719
v 1.2E-07 2.33950281 0.16708037
v -0.08764503 2.06789708 -0.10217025
v -0.06037091 2.06789708 -0.11674858
v 0.06037111 2.06789708 -0.11674858
v 0.08764522 2.06789708 -0.10217025
v 0.03077697 2.06789708 0.18372574
v 1E-07 2.06789708 0.186757
v -0.11155098 2.06789708 -0.08255112
v 0.03077697 2.06789708 -0.12572584
v 0.06037111 2.06789708 0.17474848
v -0.13117009 2.06789708 -0.05864518
v 1E-07 2.06789708 -0.12875712
v 0.08764522 2.06789708 0.16017014
v -0.14574842 2.06789708 -0.03137106
v 0.11155117 2.06789708 0.14055102
v -0.1547257 2.06789708 -0.00177693
v 0.13117029 2.06789708 0.11664506
v -0.15775695 2.06789708 0.02899995
v 0.14574862 2.06789708 0.08937096
v -0.1547257 2.06789708 0.05977682
v 0.15472589 2.06789708 0.05977682
v -0.14574842 2.06789708 0.08937096
v 0.15775715 2.06789708 0.02899995
v -0.13117009 2.06789708 0.11664506
v 0.15472589 2.06789708 -0.00177693
v 0.15775715 2.06789708 0.02899995
v -0.11155098 2.06789708 0.14055102
v 0.14574862 2.06789708 -0.03137106
v -0.08764503 2.06789708 0.16017014
v 0.13117029 2.06789708 -0.05864518
v -0.06037091 2.06789708 0.17474848
v -0.03077678 2.06789708 -0.12572584
v 0.11155117 2.06789708 -0.08255112
v -0.03077678 2.06789708 0.18372574
v 0.05284121 2.33950281 0.15656963
v 0.04470616 2.52221656 0.13693006
v 0.02279103 2.52221656 0.14357795
v -0.03077678 2.06789708 -0.12572584
v -0.06037091 2.06789708 -0.11674858
v -0.05284097 2.33950281 -0.09856974
v -0.02693803 2.33950281 -0.10642729
v 0.14574862 2.06789708 0.08937096
v 0.15472589 2.06789708 0.05977682
v 0.13542736 2.33950281 0.0559381
v 0.12756979 2.33950281 0.08184104
v -0.08764503 2.06789708 -0.10217025
v -0.11155098 2.06789708 -0.08255112
v -0.09763748 2.33950281 -0.06863765
v -0.07671326 2.33950281 -0.08580973
v 0.11155117 2.06789708 -0.08255112
v 0.08764522 2.06789708 -0.10217025
v 0.07671349 2.33950281 -0.08580973
v 0.09763771 2.33950281 -0.06863765
v -0.1547257 2.06789708 0.05977682
v -0.14574842 2.06789708 0.08937096
v -0.12756957 2.33950281 0.08184104
v -0.13542713 2.33950281 0.0559381
v 0.06037111 2.06789708 -0.11674858
v 0.03077697 2.06789708 -0.12572584
v 0.02693828 2.33950281 -0.10642729
v 0.05284121 2.33950281 -0.09856974
v -0.03077678 2.06789708 0.18372574
v -0.02693803 2.33950281 0.16442719
v 0.15775715 2.06789708 0.02899995
v 0.13808054 2.33950281 0.02899995
v 0.06037111 2.06789708 0.17474848
v -0.13117009 2.06789708 0.11664506
v -0.11480956 2.33950281 0.10571332
v -0.13117009 2.06789708 -0.05864518
v -0.11480956 2.33950281 -0.04771343
v 0.15775715 2.06789708 0.02899995
v 0.15472589 2.06789708 -0.00177693
v 0.13542736 2.33950281 0.00206179
v 0.13808054 2.33950281 0.02899995
v 1E-07 2.06789708 -0.12875712
v 1.2E-07 2.33950281 -0.10908049
v -0.11155098 2.06789708 0.14055102
v -0.09763748 2.33950281 0.12663755
v 0.08764522 2.06789708 0.16017014
v 0.07671349 2.33950281 0.14380962
v 0.14574862 2.06789708 -0.03137106
v 0.12756979 2.33950281 -0.02384115
v -0.14574842 2.06789708 -0.03137106
v -0.12756957 2.33950281 -0.02384115
v -0.08764503 2.06789708 0.16017014
v -0.07671326 2.33950281 0.14380962
v 0.11155117 2.06789708 0.14055102
v 0.09763771 2.33950281 0.12663755
v 0.13117029 2.06789708 -0.05864518
v 0.1148098 2.33950281 -0.04771343
v -0.1547257 2.06789708 -0.00177693
v -0.13542713 2.33950281 0.00206179
v -0.06037091 2.06789708 0.17474848
v -0.05284097 2.33950281 0.15656963
v 0.13117029 2.06789708 0.11664506
v 0.1148098 2.33950281 0.10571332
v -0.15775695 2.06789708 0.02899995
v -0.13808031 2.33950281 0.02899995
v 0.06490326 2.52221656 0.12613449
v 0.0526119 2.63937783 0.10773924
v 0.03623971 2.63937783 0.11649037
v -0.09713449 2.52221656 0.09390315
v -0.10793007 2.52221656 0.07370606
v -0.09713449 2.52221656 -0.03590329
v -0.08260608 2.52221656 -0.05360617
v 0.11457805 2.52221656 0.00620896
v 0.11682276 2.52221656 0.02899995
v 5E-08 2.52221656 -0.08782277
v 0.02279103 2.52221656 -0.08557805
v -0.08260608 2.52221656 0.11160607
v 0.10793017 2.52221656 -0.01570618
v -0.10793007 2.52221656 -0.01570618
v -0.06490318 2.52221656 0.12613449
v 0.08260617 2.52221656 0.11160607
v 0.09713458 2.52221656 -0.03590329
v -0.11457795 2.52221656 0.00620896
v -0.04470608 2.52221656 0.13693006
v 0.09713458 2.52221656 0.09390315
v -0.02279093 2.52221656 -0.08557805
v -0.11682267 2.52221656 0.02899995
v -0.06490318 2.52221656 -0.06813459
v -0.04470608 2.52221656 -0.07893017
v 0.08260617 2.52221656 -0.05360617
v 0.10793017 2.52221656 0.07370606
v 0.04470616 2.52221656 -0.07893017
v 0.06490326 2.52221656 -0.06813459
v -0.02279093 2.52221656 0.14357795
v -0.11457795 2.52221656 0.05179093
v 5E-08 2.52221656 0.14582267
v 0.11457805 2.52221656 0.05179093
v 0.11682276 2.52221656 0.02899995
v -0.08749044 2.63937783 -0.00723978
v -0.09287935 2.63937783 0.0105251
v -0.07230331 2.76435089 0.01461792
v -0.06810823 2.76435089 0.00078859
v 0.08749041 2.63937783 -0.00723978
v 0.09287933 2.63937783 0.0105251
v -0.07873931 2.63937783 -0.02361199
v -0.05261193 2.63937783 0.10773924
v -0.06696228 2.63937783 0.09596221
v 0.06696224 2.63937783 0.09596221
v 0.07873929 2.63937783 -0.02361199
v -0.03623973 2.63937783 0.11649037
v 0.07873929 2.63937783 0.08161184
v -0.01847486 2.63937783 -0.06387939
v -1E-08 2.63937783 -0.06569901
v -0.09469897 2.63937783 0.02899995
v -0.05261193 2.63937783 -0.04973935
v -0.03623973 2.63937783 -0.05849048
v 0.06696224 2.63937783 -0.03796232
v 0.08749041 2.63937783 0.06523967
v 0.03623971 2.63937783 -0.05849048
v 0.0526119 2.63937783 -0.04973935
v -0.01847486 2.63937783 0.12187928
v -0.09287935 2.63937783 0.04747479
v 0.01847484 2.63937783 0.12187928
v -1E-08 2.63937783 0.12369889
v 0.09287933 2.63937783 0.04747479
v -0.06696228 2.63937783 -0.03796232
v -0.08749044 2.63937783 0.06523967
v 0.01847484 2.63937783 -0.06387939
v 0.09469894 2.63937783 0.02899995
v -0.07873931 2.63937783 0.08161184
v 0.09469894 2.63937783 0.02899995
v 0.06129578 2.76435089 0.06995647
v 0.06810823 2.76435089 0.0572113
v 0.04743737 2.86235166 0.04864922
v 0.04269248 2.86235166 0.05752626
v -0.02821135 2.76435089 0.09710818
v -0.04095654 2.76435089 0.09029572
v 0.05212777 2.76435089 0.08112772
v -0.01438202 2.76435089 -0.04330337
v 0 2.76435089 -0.04471987
v -0.07371981 2.76435089 0.02899995
v -0.04095654 2.76435089 -0.03229585
v -0.02821135 2.76435089 -0.03910828
v 0.05212777 2.76435089 -0.02312783
v 0.06129578 2.76435089 -0.0119566
v 0.02821135 2.76435089 -0.03910828
v 0.04095653 2.76435089 -0.03229585
v -0.01438202 2.76435089 0.10130325
v -0.07230331 2.76435089 0.04338197
v 0.01438202 2.76435089 0.10130325
v 0 2.76435089 0.10271976
v 0.07230331 2.76435089 0.04338197
v -0.05212778 2.76435089 -0.02312783
v -0.06810823 2.76435089 0.0572113
v 0.01438202 2.76435089 -0.04330337
v 0.07371981 2.76435089 0.02899995
v 0.02821135 2.76435089 0.09710818
v -0.06129578 2.76435089 0.06995647
v -0.06129578 2.76435089 -0.0119566
v 0.07230331 2.76435089 0.01461792
v 0.07371981 2.76435089 0.02899995
v -0.05212778 2.76435089 0.08112772
v 0.04095653 2.76435089 0.09029572
v 0.06810823 2.76435089 0.00078859
v -0.0503596 2.86235166 0.03901706
v -0.04743772 2.86235166 0.04864922
v -0.03580673 2.917346 0.04383145
v -0.0380122 2.917346 0.03656098
v 0.0196491 2.86235166 -0.0184376
v 0.02852615 2.86235166 -0.01369272
v -0.01001729 2.86235166 0.07935937
v -0.01964945 2.86235166 0.07643749
v -0.05134621 2.86235166 0.02899994
v 0.01001694 2.86235166 0.07935937
v -1.7E-07 2.86235166 0.08034597
v -0.01964945 2.86235166 -0.0184376
v -0.01001729 2.86235166 -0.02135948
v 0.05035925 2.86235166 0.03901706
v -0.0363073 2.86235166 -0.00730718
v -0.0285265 2.86235166 -0.01369272
v 0.03630694 2.86235166 -0.00730718
v 0.01001694 2.86235166 -0.02135948
v 0.05134585 2.86235166 0.02899994
v 0.0196491 2.86235166 0.07643749
v -0.04269284 2.86235166 0.05752626
v -0.04269284 2.86235166 0.00047361
v 0.05035925 2.86235166 0.01898283
v 0.05134585 2.86235166 0.02899994
v -1.7E-07 2.86235166 -0.02234609
v -0.0363073 2.86235166 0.06530707
v 0.02852615 2.86235166 0.0716926
v 0.04743737 2.86235166 0.00935067
v -0.04743772 2.86235166 0.00935067
v -0.0285265 2.86235166 0.0716926
v 0.03630694 2.86235166 0.06530707
v 0.04269248 2.86235166 0.00047361
v -0.0503596 2.86235166 0.01898283
v 0.0387563 2.917346 0.02899994
v 0.03801159 2.917346 0.02143891
v 0.02664808 2.97062016 0.02369926
v 0.02717016 2.97062016 0.02899994
v 0.00756074 2.917346 -0.00901195
v 0.01483121 2.917346 -0.00680648
v -3E-07 2.917346 0.06775653
v -0.00756134 2.917346 0.06701183
v 0.0387563 2.917346 0.02899994
v 0.03801159 2.917346 0.03656098
v 0.01483121 2.917346 0.06480637
v 0.00756074 2.917346 0.06701183
v -0.03222523 2.917346 0.05053195
v -0.03222523 2.917346 0.00746793
v -0.02740535 2.917346 0.0015949
v -3E-07 2.917346 -0.00975665
v -0.02740535 2.917346 0.05640499
v 0.0215317 2.917346 0.06122487
v 0.03580612 2.917346 0.01416843
v -0.03580673 2.917346 0.01416843
v -0.02153231 2.917346 0.06122487
v 0.02740474 2.917346 0.05640499
v 0.03222463 2.917346 0.00746793
v -0.0380122 2.917346 0.02143891
v -0.01483181 2.917346 0.06480637
v 0.03222463 2.917346 0.05053195
v -0.00756134 2.917346 -0.00901195
v -0.0387569 2.917346 0.02899994
v -0.02153231 2.917346 -0.00322499
v -0.01483181 2.917346 -0.00680648
v 0.02740474 2.917346 0.0015949
v 0.03580612 2.917346 0.04383145
v 0.0215317 2.917346 -0.00322499
v -0.01921262 2.97062016 0.04821231
v -0.01509531 2.97062016 0.0515913
v -0.01147006 2.99523473 0.04616563
v -0.01459853 2.99523473 0.04359816
v -2.4E-07 2.97062016 0.00182954
v 0.00530044 2.97062016 0.00235162
v -0.0225916 2.97062016 0.044095
v 0.01509482 2.97062016 0.0515913
v 0.01039742 2.97062016 0.05410212
v 0.02510194 2.97062016 0.01860228
v -0.02510242 2.97062016 0.01860228
v -0.0225916 2.97062016 0.01390487
v 0.01921213 2.97062016 0.04821231
v 0.02259112 2.97062016 0.01390487
v -0.02664857 2.97062016 0.02369926
v -0.01039791 2.97062016 0.05410212
v 0.02259112 2.97062016 0.044095
v -0.00530093 2.97062016 0.00235162
v -0.02717065 2.97062016 0.02899994
v -0.01509531 2.97062016 0.00640858
v -0.01039791 2.97062016 0.00389777
v 0.01921213 2.97062016 0.00978757
v 0.02510194 2.97062016 0.0393976
v 0.01039742 2.97062016 0.00389777
v 0.01509482 2.97062016 0.00640858
v -0.00530093 2.97062016 0.05564827
v -0.02664857 2.97062016 0.03430063
v 0.00530044 2.97062016 0.05564827
v -2.4E-07 2.97062016 0.05617034
v 0.02664808 2.97062016 0.03430063
v -0.01921262 2.97062016 0.00978757
v -0.02510242 2.97062016 0.0393976
v 0.02717016 2.97062016 0.02899994
v -3.1E-07 2.99523473 0.00835494
v -0.00402795 2.99523473 0.00875163
v -0.00281055 3.0073123 0.01487236
v -4E-07 3.0073123 0.01459559
v 0.01459791 2.99523473 0.04359816
v 0.01146944 2.99523473 0.04616563
v 0.01716538 2.99523473 0.01753019
v 0.01907319 2.99523473 0.02109944
v -0.02024862 2.99523473 0.0249723
v -0.0190738 2.99523473 0.02109944
v -0.00790081 2.99523473 0.04807343
v 0.01716538 2.99523473 0.04046968
v -0.02064531 2.99523473 0.02899994
v -0.01147006 2.99523473 0.01183425
v -0.00790081 2.99523473 0.00992645
v 0.01459791 2.99523473 0.01440172
v 0.01907319 2.99523473 0.03690044
v 0.00790019 2.99523473 0.00992645
v 0.01146944 2.99523473 0.01183425
v -0.00402795 2.99523473 0.04924825
v -0.02024862 2.99523473 0.03302758
v 0.00402733 2.99523473 0.04924825
v -3.1E-07 2.99523473 0.04964494
v 0.020248 2.99523473 0.03302758
v -0.01459853 2.99523473 0.01440172
v -0.0190738 2.99523473 0.03690044
v 0.00402733 2.99523473 0.00875163
v 0.02064469 2.99523473 0.02899994
v 0.00790019 2.99523473 0.04807343
v -0.017166 2.99523473 0.04046968
v -0.017166 2.99523473 0.01753019
v 0.020248 2.99523473 0.0249723
v 0.02064469 2.99523473 0.02899994
v 0.00280975 3.0073123 0.04312752
v 0.00551191 3.0073123 0.04230783
v 0.00294226 3.01272511 0.03610425
v 0.00149974 3.01272511 0.03654183
v -0.01440475 3.0073123 0.02899994
v -0.01412797 3.0073123 0.02618979
v -0.00800303 3.0073123 0.01702316
v -0.0055127 3.0073123 0.01569205
v 0.01018502 3.0073123 0.01881453
v 0.01197639 3.0073123 0.02099731
v 0.01330749 3.0073123 0.03451225
v 0.01197639 3.0073123 0.03700257
v 0.00551191 3.0073123 0.01569205
v 0.00800223 3.0073123 0.01702316
v -0.00281055 3.0073123 0.04312752
v -0.0055127 3.0073123 0.04230783
v -0.01412797 3.0073123 0.03181009
v -4E-07 3.0073123 0.0434043
v 0.01412718 3.0073123 0.03181009
v -0.01018581 3.0073123 0.01881453
v -0.01330829 3.0073123 0.03451225
v 0.00280975 3.0073123 0.01487236
v 0.01440396 3.0073123 0.02899994
v -0.01197718 3.0073123 0.03700257
v -0.01197718 3.0073123 0.02099731
v 0.01412718 3.0073123 0.02618979
v 0.01440396 3.0073123 0.02899994
v -0.01018581 3.0073123 0.03918536
v 0.00800223 3.0073123 0.04097673
v 0.01330749 3.0073123 0.02348763
v -0.01330829 3.0073123 0.02348763
v -0.00800303 3.0073123 0.04097673
v 0.01018502 3.0073123 0.03918536
v -0.00150061 3.01272511 0.02145805
v -0.00294314 3.01272511 0.02189564
v -0.00427257 3.01272511 0.02260624
v -0.00543784 3.01272511 0.02356254
v -0.00639414 3.01272511 0.0247278
v -0.00710474 3.01272511 0.02605724
v -0.00754233 3.01272511 0.02749977
v -0.00769008 3.01272511 0.02899994
v -0.00754233 3.01272511 0.03050012
v -0.00710474 3.01272511 0.03194264
v -0.00639414 3.01272511 0.03327208
v -0.00543784 3.01272511 0.03443734
v -0.00427257 3.01272511 0.03539365
v -0.00294314 3.01272511 0.03610425
v -0.00150061 3.01272511 0.03654183
v -4.4E-07 3.01272511 0.03668959
v 0.00149974 3.01272511 0.03654183
v 0.00294226 3.01272511 0.03610425
v 0.0042717 3.01272511 0.03539365
v 0.00543696 3.01272511 0.03443734
v 0.00639327 3.01272511 0.03327208
v 0.00710387 3.01272511 0.03194264
v 0.00754145 3.01272511 0.03050012
v 0.00768921 3.01272511 0.02899994
v 0.00754145 3.01272511 0.02749977
v 0.00710387 3.01272511 0.02605724
v 0.00639327 3.01272511 0.0247278
v 0.00543696 3.01272511 0.02356254
v 0.0042717 3.01272511 0.02260624
v 0.00294226 3.01272511 0.02189564
v 0.00149974 3.01272511 0.02145805
v -4.4E-07 3.01272511 0.0213103
v -0.00639414 3.01272511 0.03327208
v -0.00710474 3.01272511 0.03194264
v -0.00639414 3.01272511 0.0247278
v -0.00543784 3.01272511 0.02356254
v 0.00754145 3.01272511 0.02749977
v 0.00768921 3.01272511 0.02899994
v -4.4E-07 3.01272511 0.0213103
v 0.00149974 3.01272511 0.02145805
v -0.00543784 3.01272511 0.03443734
v 0.0042717 3.01272511 0.03539365
v 0.00710387 3.01272511 0.02605724
v -0.00710474 3.01272511 0.02605724
v -0.00427257 3.01272511 0.03539365
v 0.00543696 3.01272511 0.03443734
v 0.00639327 3.01272511 0.0247278
v -0.00754233 3.01272511 0.02749977
v -0.00294314 3.01272511 0.03610425
v 0.00639327 3.01272511 0.03327208
v -0.00150061 3.01272511 0.02145805
v -0.00769008 3.01272511 0.02899994
v -0.00427257 3.01272511 0.02260624
v -0.00294314 3.01272511 0.02189564
v 0.00543696 3.01272511 0.02356254
v 0.00710387 3.01272511 0.03194264
v 0.00294226 3.01272511 0.02189564
v 0.0042717 3.01272511 0.02260624
v -0.00150061 3.01272511 0.03654183
v -0.00754233 3.01272511 0.03050012
v -4.4E-07 3.01272511 0.03668959
v 0.00754145 3.01272511 0.03050012
v 0.00768921 3.01272511 0.02899994
vn 0.1334 0.72981 0.67051
vn 0.26161 0.72981 0.63161
vn 0.373 -0.2239 0.90041
vn 0.1901 -0.2239 0.95589
vn 0.68916 -0.22389 0.68916
vn 0.81036 -0.22389 0.54147
vn 0.8115 -0.2179 0.5422
vn 0.69012 -0.2179 0.69012
vn -0.48341 0.72981 -0.48341
vn -0.56842 0.72982 -0.37981
vn -0.81036 -0.22389 -0.54147
vn -0.68916 -0.22389 -0.68916
vn 0.1334 0.72981 -0.67051
vn 0 0.72983 -0.68363
vn 0 -0.2239 -0.97461
vn 0.1901 -0.2239 -0.95589
vn 0.37981 0.72982 0.56842
vn 0.54147 -0.22389 0.81036
vn -0.63161 0.72981 -0.26161
vn -0.90041 -0.2239 -0.373
vn 0.48341 0.72981 0.48341
vn -0.67051 0.72981 -0.1334
vn -0.95589 -0.2239 -0.1901
vn 0.56842 0.72982 0.37981
vn -0.68363 0.72983 0
vn -0.97461 -0.2239 0
vn 0.63161 0.72981 0.26161
vn 0.90041 -0.2239 0.373
vn -0.67051 0.72981 0.1334
vn -0.95589 -0.2239 0.1901
vn 0.67051 0.72981 0.1334
vn 0.95589 -0.2239 0.1901
vn -0.63161 0.72981 0.26161
vn -0.90041 -0.2239 0.373
vn 0.68363 0.72983 0
vn 0.97461 -0.2239 0
vn -0.56842 0.72982 0.37981
vn -0.81036 -0.22389 0.54147
vn 0.67051 0.72981 -0.1334
vn 0.95589 -0.2239 -0.1901
vn -0.48341 0.72981 0.48341
vn -0.68916 -0.22389 0.68916
vn 0.63161 0.72981 -0.26161
vn 0.90041 -0.2239 -0.373
vn -0.37981 0.72982 0.56842
vn -0.54147 -0.22389 0.81036
vn 0.56842 0.72982 -0.37981
vn 0.81036 -0.22389 -0.54147
vn -0.26161 0.72981 0.63161
vn -0.373 -0.2239 0.90041
vn -0.1334 0.72981 -0.67051
vn -0.1901 -0.2239 -0.95589
vn 0.48341 0.72981 -0.48341
vn 0.68916 -0.22389 -0.68916
vn -0.1334 0.72981 0.67051
vn -0.1901 -0.2239 0.95589
vn -0.26161 0.72981 -0.63161
vn -0.373 -0.2239 -0.90041
vn 0.37981 0.72982 -0.56842
vn 0.54147 -0.22389 -0.81036
vn 0 0.72983 0.68363
vn 0 -0.2239 0.97461
vn -0.37981 0.72982 -0.56842
vn -0.54147 -0.22389 -0.81036
vn 0.26161 0.72981 -0.63161
vn 0.373 -0.2239 -0.90041
vn 0.95722 -0.2179 0.1904
vn 0.97597 -0.21789 0
vn 0.99462 0.1036 0
vn 0.97552 0.1036 0.194
vn -0.97597 -0.21789 0
vn -0.95722 -0.2179 -0.1904
vn 0.90168 -0.2179 0.37349
vn -0.95722 -0.2179 0.1904
vn -0.90168 -0.2179 0.37349
vn -0.8115 -0.2179 0.5422
vn 0.95722 -0.2179 -0.1904
vn -0.69012 -0.2179 0.69012
vn 0.90168 -0.2179 -0.37349
vn -0.5422 -0.2179 0.8115
vn 0.8115 -0.2179 -0.5422
vn -0.37349 -0.2179 0.90168
vn -0.1904 -0.2179 -0.95722
vn 0 -0.21789 -0.97597
vn 0.69012 -0.2179 -0.69012
vn -0.1904 -0.2179 0.95722
vn -0.37349 -0.2179 -0.90168
vn 0.5422 -0.2179 -0.8115
vn 0 -0.21789 0.97597
vn -0.5422 -0.2179 -0.8115
vn 0.37349 -0.2179 -0.90168
vn 0.1904 -0.2179 0.95722
vn -0.69012 -0.2179 -0.69012
vn 0.1904 -0.2179 -0.95722
vn 0.37349 -0.2179 0.90168
vn -0.8115 -0.2179 -0.5422
vn 0.5422 -0.2179 0.8115
vn -0.90168 -0.2179 -0.37349
vn 0.91892 0.1036 -0.38061
vn 0.82699 0.1036 -0.55259
vn 0.82688 0.105 -0.55249
vn 0.91877 0.105 -0.38059
vn -0.82699 0.1036 0.55259
vn -0.91892 0.1036 0.38061
vn 0.97552 0.1036 -0.194
vn -0.7033 0.1036 0.7033
vn -0.55259 0.1036 0.82699
vn -0.38061 0.1036 0.91892
vn -0.194 0.1036 -0.97552
vn 0 0.1036 -0.99462
vn 0.7033 0.1036 -0.7033
vn -0.194 0.1036 0.97552
vn -0.38061 0.1036 -0.91892
vn 0.55259 0.1036 -0.82699
vn 0 0.1036 0.99462
vn -0.55259 0.1036 -0.82699
vn 0.38061 0.1036 -0.91892
vn 0.194 0.1036 0.97552
vn -0.7033 0.1036 -0.7033
vn 0.194 0.1036 -0.97552
vn 0.38061 0.1036 0.91892
vn -0.82699 0.1036 -0.55259
vn 0.55259 0.1036 0.82699
vn -0.91892 0.1036 -0.38061
vn 0.7033 0.1036 0.7033
vn -0.97552 0.1036 -0.194
vn 0.82699 0.1036 0.55259
vn -0.99462 0.1036 0
vn 0.91892 0.1036 0.38061
vn -0.97552 0.1036 0.194
vn -0.38059 0.105 -0.91877
vn -0.55249 0.105 -0.82688
vn -0.4044 0.6857 -0.6052
vn -0.2785 0.6857 -0.6725
vn -0.38059 0.105 0.91877
vn -0.55249 0.105 0.82688
vn -0.19399 0.105 -0.97537
vn 0 0.105 -0.99447
vn 0.7032 0.105 -0.7032
vn -0.19399 0.105 0.97537
vn 0.55249 0.105 -0.82688
vn 0 0.105 0.99447
vn 0.38059 0.105 -0.91877
vn 0.19399 0.105 0.97537
vn -0.7032 0.105 -0.7032
vn 0.19399 0.105 -0.97537
vn 0.38059 0.105 0.91877
vn -0.82688 0.105 -0.55249
vn 0.55249 0.105 0.82688
vn -0.91877 0.105 -0.38059
vn 0.7032 0.105 0.7032
vn -0.97537 0.105 -0.19399
vn 0.82688 0.105 0.55249
vn -0.99447 0.105 0
vn 0.91877 0.105 0.38059
vn -0.97537 0.105 0.19399
vn 0.97537 0.105 0.19399
vn -0.91877 0.105 0.38059
vn 0.99447 0.105 0
vn -0.82688 0.105 0.55249
vn 0.97537 0.105 -0.19399
vn -0.7032 0.105 0.7032
vn 0.2785 0.6857 -0.6725
vn 0.4044 0.6857 -0.6052
vn 0.142 0.6857 0.7139
vn 0 0.68569 0.72789
vn -0.5147 0.68569 -0.5147
vn 0.142 0.6857 -0.7139
vn 0.2785 0.6857 0.6725
vn -0.6052 0.6857 -0.4044
vn 0 0.68569 -0.72789
vn 0.4044 0.6857 0.6052
vn -0.6725 0.6857 -0.2785
vn 0.5147 0.68569 0.5147
vn -0.7139 0.6857 -0.142
vn 0.6052 0.6857 0.4044
vn -0.72789 0.68569 0
vn 0.6725 0.6857 0.2785
vn -0.7139 0.6857 0.142
vn 0.7139 0.6857 0.142
vn -0.6725 0.6857 0.2785
vn 0.72789 0.68569 0
vn -0.6052 0.6857 0.4044
vn 0.7139 0.6857 -0.142
vn -0.5147 0.68569 0.5147
vn 0.6725 0.6857 -0.2785
vn -0.4044 0.6857 0.6052
vn 0.6052 0.6857 -0.4044
vn -0.2785 0.6857 0.6725
vn -0.142 0.6857 -0.7139
vn 0.5147 0.68569 -0.5147
vn -0.142 0.6857 0.7139
vn 0 -0.72983 -0.68363
vn -0.1334 -0.72981 -0.67051
vn 0.142 -0.6857 0.7139
vn 0 -0.68569 0.72789
vn -0.26161 -0.72981 -0.63161
vn 0.2785 -0.6857 0.6725
vn -0.37981 -0.72982 -0.56842
vn 0.4044 -0.6857 0.6052
vn -0.48341 -0.72981 -0.48341
vn 0.5147 -0.68569 0.5147
vn -0.56842 -0.72982 -0.37981
vn 0.6052 -0.6857 0.4044
vn -0.63161 -0.72981 -0.26161
vn 0.6725 -0.6857 0.2785
vn -0.67051 -0.72981 -0.1334
vn 0.7139 -0.6857 0.142
vn -0.68363 -0.72983 0
vn 0.72789 -0.68569 0
vn -0.67051 -0.72981 0.1334
vn 0.7139 -0.6857 -0.142
vn -0.63161 -0.72981 0.26161
vn 0.6725 -0.6857 -0.2785
vn -0.56842 -0.72982 0.37981
vn 0.6052 -0.6857 -0.4044
vn -0.48341 -0.72981 0.48341
vn 0.5147 -0.68569 -0.5147
vn -0.37981 -0.72982 0.56842
vn 0.4044 -0.6857 -0.6052
vn -0.26161 -0.72981 0.63161
vn 0.2785 -0.6857 -0.6725
vn -0.1334 -0.72981 0.67051
vn 0.142 -0.6857 -0.7139
vn 0 -0.72983 0.68363
vn 0 -0.68569 -0.72789
vn 0.1334 -0.72981 0.67051
vn -0.142 -0.6857 -0.7139
vn 0.26161 -0.72981 0.63161
vn -0.2785 -0.6857 -0.6725
vn 0.37981 -0.72982 0.56842
vn -0.4044 -0.6857 -0.6052
vn 0.48341 -0.72981 0.48341
vn -0.5147 -0.68569 -0.5147
vn 0.56842 -0.72982 0.37981
vn -0.6052 -0.6857 -0.4044
vn 0.63161 -0.72981 0.26161
vn -0.6725 -0.6857 -0.2785
vn 0.67051 -0.72981 0.1334
vn -0.7139 -0.6857 -0.142
vn 0.68363 -0.72983 0
vn -0.72789 -0.68569 0
vn 0.67051 -0.72981 -0.1334
vn -0.7139 -0.6857 0.142
vn 0.63161 -0.72981 -0.26161
vn -0.6725 -0.6857 0.2785
vn 0.56842 -0.72982 -0.37981
vn -0.6052 -0.6857 0.4044
vn 0.48341 -0.72981 -0.48341
vn -0.5147 -0.68569 0.5147
vn 0.37981 -0.72982 -0.56842
vn -0.4044 -0.6857 0.6052
vn 0.26161 -0.72981 -0.63161
vn -0.2785 -0.6857 0.6725
vn 0.1334 -0.72981 -0.67051
vn -0.142 -0.6857 0.7139
vn 0 -0.97959 0.201
vn -0.0392 -0.9796 0.1971
vn 0 -1 0
vn 0 -0.9217 0.3879
vn -0.0757 -0.92172 0.38041
vn 0 -0.82862 0.55981
vn -0.10921 -0.82864 0.54903
vn 0 -0.7041 0.7101
vn -0.1385 -0.70408 0.69648
vn 0 -0.55281 0.83331
vn -0.1626 -0.5528 0.8173
vn 0 -0.9013 -0.4332
vn 0.0845 -0.90129 -0.4249
vn 0.1658 -0.9013 -0.4002
vn -0.3189 -0.55279 0.76989
vn -0.0769 -0.97959 0.1857
vn -0.1484 -0.9217 0.3584
vn -0.2142 -0.82862 0.51721
vn -0.27179 -0.70407 0.65607
vn -0.2155 -0.92171 0.3225
vn -0.1116 -0.9796 0.1671
vn -0.31102 -0.82864 0.46542
vn -0.39448 -0.70407 0.59048
vn -0.46298 -0.55278 0.69288
vn 0.2407 -0.90129 -0.3602
vn -0.1421 -0.9796 0.1421
vn -0.2743 -0.92169 0.2743
vn -0.39582 -0.82864 0.39582
vn -0.50211 -0.70411 0.50211
vn -0.58926 -0.55276 0.58926
vn 0.3063 -0.90131 -0.3063
vn -0.69288 -0.55278 0.46298
vn -0.59048 -0.70407 0.39448
vn 0.3602 -0.90129 -0.2407
vn -0.1671 -0.9796 0.1116
vn -0.3225 -0.92171 0.2155
vn -0.46542 -0.82864 0.31102
vn -0.3584 -0.9217 0.1484
vn -0.1857 -0.97959 0.0769
vn -0.51721 -0.82862 0.2142
vn -0.65607 -0.70407 0.27179
vn -0.76989 -0.55279 0.3189
vn 0.4002 -0.9013 -0.1658
vn 0.4249 -0.90129 -0.0845
vn -0.8173 -0.5528 0.1626
vn -0.1971 -0.9796 0.0392
vn -0.38041 -0.92172 0.0757
vn -0.54903 -0.82864 0.10921
vn -0.69648 -0.70408 0.1385
vn -0.55981 -0.82862 0
vn -0.3879 -0.9217 0
vn -0.7101 -0.7041 0
vn -0.83331 -0.55281 0
vn 0.4332 -0.9013 0
vn -0.201 -0.97959 0
vn -0.1971 -0.9796 -0.0392
vn -0.38041 -0.92172 -0.0757
vn -0.54903 -0.82864 -0.10921
vn -0.69648 -0.70408 -0.1385
vn -0.8173 -0.5528 -0.1626
vn 0.4249 -0.90129 0.0845
vn -0.51721 -0.82862 -0.2142
vn -0.3584 -0.9217 -0.1484
vn -0.65607 -0.70407 -0.27179
vn -0.76989 -0.55279 -0.3189
vn 0.4002 -0.9013 0.1658
vn -0.1857 -0.97959 -0.0769
vn -0.1671 -0.9796 -0.1116
vn -0.3225 -0.92171 -0.2155
vn -0.46542 -0.82864 -0.31102
vn -0.59048 -0.70407 -0.39448
vn -0.69288 -0.55278 -0.46298
vn 0.3602 -0.90129 0.2407
vn -0.50211 -0.70411 -0.50211
vn -0.39582 -0.82864 -0.39582
vn -0.58926 -0.55276 -0.58926
vn 0.3063 -0.90131 0.3063
vn -0.1421 -0.9796 -0.1421
vn -0.2743 -0.92169 -0.2743
vn -0.1116 -0.9796 -0.1671
vn -0.2155 -0.92171 -0.3225
vn -0.31102 -0.82864 -0.46542
vn -0.39448 -0.70407 -0.59048
vn -0.46298 -0.55278 -0.69288
vn 0.2407 -0.90129 0.3602
vn -0.27179 -0.70407 -0.65607
vn -0.2142 -0.82862 -0.51721
vn -0.3189 -0.55279 -0.76989
vn 0.1658 -0.9013 0.4002
vn -0.0769 -0.97959 -0.1857
vn -0.1484 -0.9217 -0.3584
vn -0.0392 -0.9796 -0.1971
vn -0.0757 -0.92172 -0.38041
vn -0.10921 -0.82864 -0.54903
vn -0.1385 -0.70408 -0.69648
vn -0.1626 -0.5528 -0.8173
vn 0.0845 -0.90129 0.4249
vn 0 -0.55281 -0.83331
vn 0 -0.7041 -0.7101
vn 0 -0.9013 0.4332
vn 0 -0.97959 -0.201
vn 0 -0.9217 -0.3879
vn 0 -0.82862 -0.55981
vn 0.0757 -0.92172 -0.38041
vn 0.0392 -0.9796 -0.1971
vn 0.10921 -0.82864 -0.54903
vn 0.1385 -0.70408 -0.69648
vn 0.1626 -0.5528 -0.8173
vn -0.0845 -0.90129 0.4249
vn -0.1658 -0.9013 0.4002
vn 0.3189 -0.55279 -0.76989
vn 0.0769 -0.97959 -0.1857
vn 0.1484 -0.9217 -0.3584
vn 0.2142 -0.82862 -0.51721
vn 0.27179 -0.70407 -0.65607
vn 0.2155 -0.92171 -0.3225
vn 0.1116 -0.9796 -0.1671
vn 0.31102 -0.82864 -0.46542
vn 0.39448 -0.70407 -0.59048
vn 0.46298 -0.55278 -0.69288
vn -0.2407 -0.90129 0.3602
vn -0.3063 -0.90131 0.3063
vn 0.58926 -0.55276 -0.58926
vn 0.1421 -0.9796 -0.1421
vn 0.2743 -0.92169 -0.2743
vn 0.39582 -0.82864 -0.39582
vn 0.50211 -0.70411 -0.50211
vn 0.46542 -0.82864 -0.31102
vn 0.3225 -0.92171 -0.2155
vn 0.59048 -0.70407 -0.39448
vn 0.69288 -0.55278 -0.46298
vn -0.3602 -0.90129 0.2407
vn 0.1671 -0.9796 -0.1116
vn 0.1857 -0.97959 -0.0769
vn 0.3584 -0.9217 -0.1484
vn 0.51721 -0.82862 -0.2142
vn 0.65607 -0.70407 -0.27179
vn 0.76989 -0.55279 -0.3189
vn -0.4002 -0.9013 0.1658
vn 0.54903 -0.82864 -0.10921
vn 0.38041 -0.92172 -0.0757
vn 0.69648 -0.70408 -0.1385
vn 0.8173 -0.5528 -0.1626
vn -0.4249 -0.90129 0.0845
vn 0.1971 -0.9796 -0.0392
vn 0.201 -0.97959 0
vn 0.3879 -0.9217 0
vn 0.55981 -0.82862 0
vn 0.7101 -0.7041 0
vn 0.83331 -0.55281 0
vn -0.4332 -0.9013 0
vn 0.69648 -0.70408 0.1385
vn 0.54903 -0.82864 0.10921
vn 0.8173 -0.5528 0.1626
vn -0.4249 -0.90129 -0.0845
vn 0.1971 -0.9796 0.0392
vn 0.38041 -0.92172 0.0757
vn 0.1857 -0.97959 0.0769
vn 0.3584 -0.9217 0.1484
vn 0.51721 -0.82862 0.2142
vn 0.65607 -0.70407 0.27179
vn 0.76989 -0.55279 0.3189
vn -0.4002 -0.9013 -0.1658
vn 0.69288 -0.55278 0.46298
vn 0.59048 -0.70407 0.39448
vn -0.3602 -0.90129 -0.2407
vn 0.1671 -0.9796 0.1116
vn 0.3225 -0.92171 0.2155
vn 0.46542 -0.82864 0.31102
vn 0.1421 -0.9796 0.1421
vn 0.2743 -0.92169 0.2743
vn 0.39582 -0.82864 0.39582
vn 0.50211 -0.70411 0.50211
vn 0.58926 -0.55276 0.58926
vn -0.3063 -0.90131 -0.3063
vn 0.46298 -0.55278 0.69288
vn 0.39448 -0.70407 0.59048
vn -0.2407 -0.90129 -0.3602
vn 0.1116 -0.9796 0.1671
vn 0.2155 -0.92171 0.3225
vn 0.31102 -0.82864 0.46542
vn 0.1484 -0.9217 0.3584
vn 0.0769 -0.97959 0.1857
vn 0.2142 -0.82862 0.51721
vn 0.27179 -0.70407 0.65607
vn 0.3189 -0.55279 0.76989
vn -0.1658 -0.9013 -0.4002
vn -0.0845 -0.90129 -0.4249
vn 0.1626 -0.5528 0.8173
vn 0.0392 -0.9796 0.1971
vn 0.0757 -0.92172 0.38041
vn 0.10921 -0.82864 0.54903
vn 0.1385 -0.70408 0.69648
vn -0.24539 -0.95545 0.16399
vn -0.2726 -0.95549 0.1128
vn 0.49359 -0.84538 -0.2042
vn 0.44402 -0.84543 -0.29681
vn 0.3777 -0.84539 -0.3777
vn -0.2086 -0.9555 0.2086
vn -0.1639 -0.95549 0.2453
vn 0.2968 -0.84539 -0.4441
vn 0.2044 -0.84539 -0.49349
vn -0.1129 -0.95548 0.27259
vn -0.0576 -0.95548 0.28939
vn 0.1042 -0.84539 -0.52389
vn 0 -0.95547 0.29509
vn 0 -0.84537 -0.53418
vn -0.1041 -0.8454 -0.5239
vn 0.0576 -0.95548 0.28939
vn 0.1129 -0.95548 0.27259
vn -0.20449 -0.84537 -0.49348
vn -0.29669 -0.84538 -0.44419
vn 0.1639 -0.95549 0.2453
vn -0.3777 -0.84539 -0.3777
vn 0.2086 -0.9555 0.2086
vn 0.2453 -0.95549 0.1639
vn -0.4441 -0.84539 -0.2968
vn -0.49349 -0.84539 -0.2044
vn 0.27259 -0.95548 0.1129
vn 0.28939 -0.95548 0.0576
vn -0.52389 -0.84539 -0.1042
vn 0.29509 -0.95547 0
vn -0.53418 -0.84537 0
vn -0.52389 -0.84539 0.1042
vn 0.28939 -0.95548 -0.0576
vn 0.27259 -0.95548 -0.1129
vn -0.49349 -0.84539 0.2044
vn -0.4441 -0.84539 0.2968
vn 0.2453 -0.95549 -0.1639
vn -0.3777 -0.84539 0.3777
vn 0.2086 -0.9555 -0.2086
vn -0.2968 -0.84539 0.4441
vn 0.1639 -0.95549 -0.2453
vn -0.2044 -0.84539 0.49349
vn 0.1129 -0.95548 -0.27259
vn 0.0576 -0.95548 -0.28939
vn -0.1042 -0.84539 0.52389
vn 0 -0.84537 0.53418
vn 0 -0.95547 -0.29509
vn -0.0576 -0.95548 -0.28939
vn 0.1042 -0.84539 0.52389
vn -0.1129 -0.95548 -0.27259
vn 0.2044 -0.84539 0.49349
vn 0.2968 -0.84539 0.4441
vn -0.1639 -0.95549 -0.2453
vn 0.3777 -0.84539 0.3777
vn -0.2086 -0.9555 -0.2086
vn 0.4441 -0.84539 0.2968
vn -0.2453 -0.95549 -0.1639
vn 0.49349 -0.84539 0.2044
vn -0.27259 -0.95548 -0.1129
vn -0.28939 -0.95548 -0.0576
vn 0.52389 -0.84539 0.1042
vn -0.29509 -0.95547 0
vn 0.53418 -0.84537 0
vn 0.52388 -0.84537 -0.1044
vn -0.2893 -0.9555 0.0576
vn 0.3939 -0.91581 0.0783
vn 0.40161 -0.91581 0
vn 0.92678 -0.37559 0
vn 0.90898 -0.37559 0.1808
vn -0.37101 -0.91582 0.1537
vn -0.33391 -0.91582 0.22311
vn -0.77059 -0.3756 0.51489
vn -0.85621 -0.37561 0.35471
vn 0.3939 -0.91581 -0.0783
vn 0.90898 -0.37559 -0.1808
vn -0.284 -0.9158 0.284
vn -0.65533 -0.37562 0.65533
vn 0.37101 -0.91582 -0.1537
vn 0.85621 -0.37561 -0.35471
vn -0.22311 -0.91582 0.33391
vn -0.51489 -0.3756 0.77059
vn 0.33391 -0.91582 -0.22311
vn 0.77059 -0.3756 -0.51489
vn -0.1537 -0.91582 0.37101
vn -0.35471 -0.37561 0.85621
vn -0.1808 -0.37559 -0.90898
vn 0 -0.37559 -0.92678
vn 0 -0.91581 -0.40161
vn -0.0783 -0.91581 -0.3939
vn 0.284 -0.9158 -0.284
vn 0.65533 -0.37562 -0.65533
vn -0.0783 -0.91581 0.3939
vn -0.1808 -0.37559 0.90898
vn -0.1537 -0.91582 -0.37101
vn -0.35471 -0.37561 -0.85621
vn 0.22311 -0.91582 -0.33391
vn 0.51489 -0.3756 -0.77059
vn 0 -0.91581 0.40161
vn 0 -0.37559 0.92678
vn -0.22311 -0.91582 -0.33391
vn -0.51489 -0.3756 -0.77059
vn 0.1537 -0.91582 -0.37101
vn 0.35471 -0.37561 -0.85621
vn 0.0783 -0.91581 0.3939
vn 0.1808 -0.37559 0.90898
vn -0.284 -0.9158 -0.284
vn -0.65533 -0.37562 -0.65533
vn 0.0783 -0.91581 -0.3939
vn 0.1808 -0.37559 -0.90898
vn 0.1537 -0.91582 0.37101
vn 0.35471 -0.37561 0.85621
vn -0.33391 -0.91582 -0.22311
vn -0.77059 -0.3756 -0.51489
vn 0.22311 -0.91582 0.33391
vn 0.51489 -0.3756 0.77059
vn -0.37101 -0.91582 -0.1537
vn -0.85621 -0.37561 -0.35471
vn 0.284 -0.9158 0.284
vn 0.65533 -0.37562 0.65533
vn -0.3939 -0.91581 -0.0783
vn -0.90898 -0.37559 -0.1808
vn 0.33391 -0.91582 0.22311
vn 0.77059 -0.3756 0.51489
vn -0.40161 -0.91581 0
vn -0.92678 -0.37559 0
vn 0.37101 -0.91582 0.1537
vn 0.85621 -0.37561 0.35471
vn -0.3939 -0.91581 0.0783
vn -0.90898 -0.37559 0.1808
vn -0.76469 -0.3926 -0.51099
vn -0.84969 -0.39259 -0.35199
vn -0.33341 -0.93261 -0.1381
vn -0.30001 -0.93263 -0.20051
vn 0 -0.3926 0.91971
vn 0.17939 -0.39258 0.90205
vn 0.0704 -0.93263 0.35391
vn 0 -0.93264 0.36081
vn 0.35199 -0.39259 0.84969
vn 0.1381 -0.93261 0.33341
vn 0.51099 -0.3926 0.76469
vn 0.20051 -0.93263 0.30001
vn 0.65033 -0.39262 0.65033
vn 0.2552 -0.9326 0.2552
vn 0.76469 -0.3926 0.51099
vn 0.30001 -0.93263 0.20051
vn 0.84969 -0.39259 0.35199
vn 0.33341 -0.93261 0.1381
vn 0.90205 -0.39258 0.17939
vn 0.35391 -0.93263 0.0704
vn 0.91971 -0.3926 0
vn 0.36081 -0.93264 0
vn 0.90205 -0.39258 -0.17939
vn 0.35391 -0.93263 -0.0704
vn 0.84969 -0.39259 -0.35199
vn 0.33341 -0.93261 -0.1381
vn 0.76469 -0.3926 -0.51099
vn 0.30001 -0.93263 -0.20051
vn 0.65033 -0.39262 -0.65033
vn 0.2552 -0.9326 -0.2552
vn 0.51099 -0.3926 -0.76469
vn 0.20051 -0.93263 -0.30001
vn 0.35199 -0.39259 -0.84969
vn 0.1381 -0.93261 -0.33341
vn 0.17939 -0.39258 -0.90205
vn 0.0704 -0.93263 -0.35391
vn 0 -0.39252 -0.91974
vn 0 -0.93264 -0.36081
vn -0.17939 -0.39258 -0.90205
vn -0.0704 -0.93263 -0.35391
vn -0.35199 -0.39259 -0.84969
vn -0.1381 -0.93261 -0.33341
vn -0.51099 -0.3926 -0.76469
vn -0.20051 -0.93263 -0.30001
vn -0.65033 -0.39262 -0.65033
vn -0.2552 -0.9326 -0.2552
vn -0.90205 -0.39258 -0.17939
vn -0.35391 -0.93263 -0.0704
vn -0.91971 -0.3926 0
vn -0.36081 -0.93264 0
vn -0.90205 -0.39258 0.17939
vn -0.35391 -0.93263 0.0704
vn -0.84969 -0.39259 0.35199
vn -0.33341 -0.93261 0.1381
vn -0.76469 -0.3926 0.51099
vn -0.30001 -0.93263 0.20051
vn -0.65033 -0.39262 0.65033
vn -0.2552 -0.9326 0.2552
vn -0.51099 -0.3926 0.76469
vn -0.20051 -0.93263 0.30001
vn -0.35199 -0.39259 0.84969
vn -0.1381 -0.93261 0.33341
vn -0.17939 -0.39258 0.90205
vn -0.0704 -0.93263 0.35391
vn 0.12741 -0.99044 -0.0528
vn 0.11461 -0.99045 -0.0766
vn 0.4243 -0.86 -0.2835
vn 0.47149 -0.85998 -0.19529
vn 0.72261 -0.49471 -0.48281
vn 0.8029 -0.4947 -0.3326
vn 0.82438 -0.1301 -0.55089
vn 0.91603 -0.1301 -0.37941
vn 0.91603 0.1301 -0.37941
vn 0.82438 0.1301 -0.55089
vn 0.72261 0.49471 -0.48281
vn 0.8029 0.4947 -0.3326
vn 0.4243 0.86 -0.2835
vn 0.47149 0.85998 -0.19529
vn 0.11461 0.99045 -0.0766
vn 0.12741 0.99044 -0.0528
vn -0.0766 -0.99045 0.11461
vn -0.0528 -0.99044 0.12741
vn -0.19529 -0.85998 0.47149
vn -0.2835 -0.86 0.4243
vn -0.3326 -0.4947 0.8029
vn -0.48281 -0.49471 0.72261
vn -0.37941 -0.1301 0.91603
vn -0.55089 -0.1301 0.82438
vn -0.55082 0.1301 0.82442
vn -0.37941 0.1301 0.91603
vn -0.3326 0.4947 0.8029
vn -0.48281 0.49471 0.72261
vn -0.19529 0.85998 0.47149
vn -0.2835 0.86 0.4243
vn -0.0528 0.99044 0.12741
vn -0.0766 0.99045 0.11461
vn -0.19339 -0.13009 -0.97246
vn 0 -0.13 -0.99151
vn 0 -0.49468 -0.86907
vn -0.1695 -0.49469 -0.85238
vn 0 -0.86 -0.5103
vn -0.0996 -0.85999 -0.50049
vn 0 -0.99045 -0.13791
vn -0.0269 -0.99045 -0.13521
vn -0.0269 0.99045 -0.13521
vn 0 0.99045 -0.13791
vn 0 0.86 -0.5103
vn -0.0996 0.85999 -0.50049
vn 0 0.49468 -0.86907
vn -0.1695 0.49469 -0.85238
vn 0 0.13 -0.99151
vn -0.19339 0.13009 -0.97246
vn 0.0975 -0.99045 -0.0975
vn 0.36088 -0.85996 -0.36088
vn 0.61452 -0.49471 -0.61452
vn 0.7011 -0.1301 -0.7011
vn 0.7011 0.1301 -0.7011
vn 0.61452 0.49471 -0.61452
vn 0.36088 0.85996 -0.36088
vn 0.0975 0.99045 -0.0975
vn -0.0269 -0.99045 0.13521
vn -0.0996 -0.85999 0.50049
vn -0.1695 -0.49469 0.85238
vn -0.19339 -0.13 0.97247
vn -0.19339 0.13 0.97247
vn -0.1695 0.49469 0.85238
vn -0.0996 0.85999 0.50049
vn -0.0269 0.99045 0.13521
vn -0.0528 -0.99044 -0.12741
vn -0.19529 -0.85998 -0.47149
vn -0.3326 -0.4947 -0.8029
vn -0.37941 -0.1301 -0.91603
vn -0.37941 0.1301 -0.91603
vn -0.3326 0.4947 -0.8029
vn -0.19529 0.85998 -0.47149
vn -0.0528 0.99044 -0.12741
vn 0.0766 -0.99045 -0.11461
vn 0.2835 -0.86 -0.4243
vn 0.48281 -0.49471 -0.72261
vn 0.55089 -0.1301 -0.82438
vn 0.55089 0.1301 -0.82438
vn 0.48281 0.49471 -0.72261
vn 0.2835 0.86 -0.4243
vn 0.0766 0.99045 -0.11461
vn 0 -0.99045 0.13791
vn 0 -0.86 0.5103
vn 0 -0.49468 0.86907
vn 0 -0.13 0.99151
vn 0 0.13 0.99151
vn 0 0.49468 0.86907
vn 0 0.86 0.5103
vn 0 0.99045 0.13791
vn -0.0766 -0.99045 -0.11461
vn -0.2835 -0.86 -0.4243
vn -0.48281 -0.49471 -0.72261
vn -0.55089 -0.1301 -0.82438
vn -0.55089 0.1301 -0.82438
vn -0.48281 0.49471 -0.72261
vn -0.2835 0.86 -0.4243
vn -0.0766 0.99045 -0.11461
vn 0.0528 -0.99044 -0.12741
vn 0.19529 -0.85998 -0.47149
vn 0.3326 -0.4947 -0.8029
vn 0.37941 -0.1301 -0.91603
vn 0.37941 0.1301 -0.91603
vn 0.3326 0.4947 -0.8029
vn 0.19529 0.85998 -0.47149
vn 0.0528 0.99044 -0.12741
vn 0.0269 -0.99045 0.13521
vn 0.0996 -0.85999 0.50049
vn 0.1695 -0.49469 0.85238
vn 0.19339 -0.13 0.97247
vn 0.19339 0.13 0.97247
vn 0.1695 0.49469 0.85238
vn 0.0996 0.85999 0.50049
vn 0.0269 0.99045 0.13521
vn -0.0975 -0.99045 -0.0975
vn -0.36088 -0.85996 -0.36088
vn -0.61452 -0.49471 -0.61452
vn -0.7011 -0.1301 -0.7011
vn -0.7011 0.1301 -0.7011
vn -0.61452 0.49471 -0.61452
vn -0.36088 0.85996 -0.36088
vn -0.0975 0.99045 -0.0975
vn 0.0269 -0.99045 -0.13521
vn 0.0996 -0.85999 -0.50049
vn 0.1695 -0.49469 -0.85238
vn 0.19339 -0.13009 -0.97246
vn 0.19339 0.13009 -0.97246
vn 0.1695 0.49469 -0.85238
vn 0.0996 0.85999 -0.50049
vn 0.0269 0.99045 -0.13521
vn 0.0528 -0.99044 0.12741
vn 0.19529 -0.85998 0.47149
vn 0.3326 -0.4947 0.8029
vn 0.37941 -0.1301 0.91603
vn 0.37941 0.1301 0.91603
vn 0.3326 0.4947 0.8029
vn 0.19529 0.85998 0.47149
vn 0.0528 0.99044 0.12741
vn -0.11461 -0.99045 -0.0766
vn -0.4243 -0.86 -0.2835
vn -0.72261 -0.49471 -0.48281
vn -0.82438 -0.1301 -0.55089
vn -0.82438 0.1301 -0.55089
vn -0.72261 0.49471 -0.48281
vn -0.4243 0.86 -0.2835
vn -0.11461 0.99045 -0.0766
vn 0.0766 -0.99045 0.11461
vn 0.2835 -0.86 0.4243
vn 0.48281 -0.49471 0.72261
vn 0.55089 -0.1301 0.82438
vn 0.55082 0.1301 0.82442
vn 0.48281 0.49471 0.72261
vn 0.2835 0.86 0.4243
vn 0.0766 0.99045 0.11461
vn -0.12741 -0.99044 -0.0528
vn -0.47149 -0.85998 -0.19529
vn -0.8029 -0.4947 -0.3326
vn -0.91603 -0.1301 -0.37941
vn -0.91603 0.1301 -0.37941
vn -0.8029 0.4947 -0.3326
vn -0.47149 0.85998 -0.19529
vn -0.12741 0.99044 -0.0528
vn 0.0975 -0.99045 0.0975
vn 0.36088 -0.85996 0.36088
vn 0.61452 -0.49471 0.61452
vn 0.7011 -0.1301 0.7011
vn 0.7011 0.1301 0.7011
vn 0.61452 0.49471 0.61452
vn 0.36088 0.85996 0.36088
vn 0.0975 0.99045 0.0975
vn -0.13521 -0.99045 -0.0269
vn -0.50049 -0.85999 -0.0996
vn -0.85238 -0.49469 -0.1695
vn -0.97246 -0.13009 -0.19339
vn -0.97246 0.13009 -0.19339
vn -0.85238 0.49469 -0.1695
vn -0.50049 0.85999 -0.0996
vn -0.13521 0.99045 -0.0269
vn 0.11461 -0.99045 0.0766
vn 0.4243 -0.86 0.2835
vn 0.72261 -0.49471 0.48281
vn 0.82438 -0.1301 0.55089
vn 0.82438 0.1301 0.55089
vn 0.72261 0.49471 0.48281
vn 0.4243 0.86 0.2835
vn 0.11461 0.99045 0.0766
vn -0.13791 -0.99045 0
vn -0.5103 -0.86 0
vn -0.86907 -0.49468 0
vn -0.9915 -0.1301 0
vn -0.9915 0.1301 0
vn -0.86907 0.49468 0
vn -0.5103 0.86 0
vn -0.13791 0.99045 0
vn 0.12741 -0.99044 0.0528
vn 0.47149 -0.85998 0.19529
vn 0.8029 -0.4947 0.3326
vn 0.91603 -0.1301 0.37941
vn 0.91603 0.1301 0.37941
vn 0.8029 0.4947 0.3326
vn 0.47149 0.85998 0.19529
vn 0.12741 0.99044 0.0528
vn -0.13521 -0.99045 0.0269
vn -0.50049 -0.85999 0.0996
vn -0.85237 -0.49468 0.16959
vn -0.97246 -0.13009 0.19339
vn -0.97246 0.13009 0.19339
vn -0.85237 0.49468 0.16959
vn -0.50049 0.85999 0.0996
vn -0.13521 0.99045 0.0269
vn 0.13521 -0.99045 0.0269
vn 0.50049 -0.85999 0.0996
vn 0.85237 -0.49468 0.16959
vn 0.97246 -0.13009 0.19339
vn 0.97246 0.13009 0.19339
vn 0.85237 0.49468 0.16959
vn 0.50049 0.85999 0.0996
vn 0.13521 0.99045 0.0269
vn -0.12741 -0.99044 0.0528
vn -0.47149 -0.85998 0.19529
vn -0.8029 -0.4947 0.3326
vn -0.91603 -0.1301 0.37941
vn -0.91603 0.1301 0.37941
vn -0.8029 0.4947 0.3326
vn -0.47149 0.85998 0.19529
vn -0.12741 0.99044 0.0528
vn 0.13791 -0.99045 0
vn 0.5103 -0.86 0
vn 0.86907 -0.49468 0
vn 0.9915 -0.1301 0
vn 0.9915 0.1301 0
vn 0.86907 0.49468 0
vn 0.5103 0.86 0
vn 0.13791 0.99045 0
vn -0.11461 -0.99045 0.0766
vn -0.4243 -0.86 0.2835
vn -0.72261 -0.49471 0.48281
vn -0.82438 -0.1301 0.55089
vn -0.82438 0.1301 0.55089
vn -0.72261 0.49471 0.48281
vn -0.4243 0.86 0.2835
vn -0.11461 0.99045 0.0766
vn 0.13521 -0.99045 -0.0269
vn 0.50049 -0.85999 -0.0996
vn 0.85238 -0.49469 -0.1695
vn 0.97246 -0.13009 -0.19339
vn 0.97246 0.13009 -0.19339
vn 0.85238 0.49469 -0.1695
vn 0.50049 0.85999 -0.0996
vn 0.13521 0.99045 -0.0269
vn -0.0975 -0.99045 0.0975
vn -0.36088 -0.85996 0.36088
vn -0.61452 -0.49471 0.61452
vn -0.7011 -0.1301 0.7011
vn -0.7011 0.1301 0.7011
vn -0.61452 0.49471 0.61452
vn -0.36088 0.85996 0.36088
vn -0.0975 0.99045 0.0975
vn 0 0.73518 0.67788
vn 0.13229 0.73516 0.66486
vn 0.19419 0.0938 0.97647
vn 0 0.0938 0.99559
vn 0 1 0
vn 0.381 0.0938 0.9198
vn 0.3783 0.1503 0.9134
vn 0.19291 0.15031 0.96964
vn -0.13229 0.73516 -0.66486
vn -0.25939 0.73518 -0.62628
vn -0.381 0.0938 -0.9198
vn -0.19419 0.0938 -0.97647
vn 0.62628 0.73518 0.25939
vn 0.66486 0.73516 0.13229
vn 0.97647 0.0938 0.19419
vn 0.9198 0.0938 0.381
vn -0.37658 0.73516 -0.56367
vn -0.47931 0.73521 -0.47931
vn -0.70399 0.0938 -0.70399
vn -0.55311 0.0938 -0.82781
vn 0.47931 0.73521 -0.47931
vn 0.37658 0.73516 -0.56367
vn 0.55311 0.0938 -0.82781
vn 0.70399 0.0938 -0.70399
vn -0.66486 0.73516 0.13229
vn -0.62628 0.73518 0.25939
vn -0.9198 0.0938 0.381
vn -0.97647 0.0938 0.19419
vn 0.25939 0.73518 -0.62628
vn 0.13229 0.73516 -0.66486
vn 0.19419 0.0938 -0.97647
vn 0.381 0.0938 -0.9198
vn -0.13229 0.73516 0.66486
vn -0.19419 0.0938 0.97647
vn 0.67788 0.73518 0
vn 0.99559 0.0938 0
vn 0.25939 0.73518 0.62628
vn -0.56367 0.73516 0.37658
vn -0.82781 0.0938 0.55311
vn -0.56367 0.73516 -0.37658
vn -0.82781 0.0938 -0.55311
vn 0.66486 0.73516 -0.13229
vn 0.97647 0.0938 -0.19419
vn 0 0.73518 -0.67788
vn 0 0.0938 -0.99559
vn -0.47931 0.73521 0.47931
vn -0.70399 0.0938 0.70399
vn 0.37658 0.73516 0.56367
vn 0.55311 0.0938 0.82781
vn 0.62628 0.73518 -0.25939
vn 0.9198 0.0938 -0.381
vn -0.62628 0.73518 -0.25939
vn -0.9198 0.0938 -0.381
vn -0.37658 0.73516 0.56367
vn -0.55311 0.0938 0.82781
vn 0.47931 0.73521 0.47931
vn 0.70399 0.0938 0.70399
vn 0.56367 0.73516 -0.37658
vn 0.82781 0.0938 -0.55311
vn -0.66486 0.73516 -0.13229
vn -0.97647 0.0938 -0.19419
vn -0.25939 0.73518 0.62628
vn -0.381 0.0938 0.9198
vn 0.56367 0.73516 0.37658
vn 0.82781 0.0938 0.55311
vn -0.67788 0.73518 0
vn -0.99559 0.0938 0
vn 0.5493 0.1503 0.822
vn 0.54692 0.17571 0.81854
vn 0.37671 0.1757 0.90952
vn -0.822 0.1503 0.5493
vn -0.9134 0.1503 0.3783
vn -0.822 0.1503 -0.5493
vn -0.69907 0.15029 -0.69907
vn 0.96964 0.15031 -0.19291
vn 0.98864 0.15031 0
vn 0 0.15031 -0.98864
vn 0.19291 0.15031 -0.96964
vn -0.69907 0.15029 0.69907
vn 0.9134 0.1503 -0.3783
vn -0.9134 0.1503 -0.3783
vn -0.5493 0.1503 0.822
vn 0.69907 0.15029 0.69907
vn 0.822 0.1503 -0.5493
vn -0.96964 0.15031 -0.19291
vn -0.3783 0.1503 0.9134
vn 0.822 0.1503 0.5493
vn -0.19291 0.15031 -0.96964
vn -0.98864 0.15031 0
vn -0.5493 0.1503 -0.822
vn -0.3783 0.1503 -0.9134
vn 0.69907 0.15029 -0.69907
vn 0.9134 0.1503 0.3783
vn 0.3783 0.1503 -0.9134
vn 0.5493 0.1503 -0.822
vn -0.19291 0.15031 0.96964
vn -0.96964 0.15031 0.19291
vn 0 0.15031 0.98864
vn 0.96964 0.15031 0.19291
vn -0.90952 0.1757 -0.37671
vn -0.96552 0.1757 -0.1921
vn -0.96219 0.1938 -0.1914
vn -0.90638 0.1938 -0.37539
vn 0.90952 0.1757 -0.37671
vn 0.96552 0.1757 -0.1921
vn -0.81854 0.17571 -0.54692
vn -0.54692 0.17571 0.81854
vn -0.69611 0.1757 0.69611
vn 0.69611 0.1757 0.69611
vn 0.81854 0.17571 -0.54692
vn -0.37671 0.1757 0.90952
vn 0.81854 0.17571 0.54692
vn -0.1921 0.1757 -0.96552
vn 0 0.17571 -0.98444
vn -0.98444 0.17571 0
vn -0.54692 0.17571 -0.81854
vn -0.37671 0.1757 -0.90952
vn 0.69611 0.1757 -0.69611
vn 0.90952 0.1757 0.37671
vn 0.37671 0.1757 -0.90952
vn 0.54692 0.17571 -0.81854
vn -0.1921 0.1757 0.96552
vn -0.96552 0.1757 0.1921
vn 0.1921 0.1757 0.96552
vn 0 0.17571 0.98444
vn 0.96552 0.1757 0.1921
vn -0.69611 0.1757 -0.69611
vn -0.90952 0.1757 0.37671
vn 0.1921 0.1757 -0.96552
vn 0.98444 0.17571 0
vn -0.81854 0.17571 0.54692
vn 0.81572 0.1938 0.54501
vn 0.90638 0.1938 0.37539
vn 0.90061 0.2229 0.37311
vn 0.81056 0.22289 0.54158
vn -0.37539 0.1938 0.90638
vn -0.54501 0.1938 0.81572
vn 0.6937 0.1938 0.6937
vn -0.1914 0.1938 -0.96219
vn 0 0.19381 -0.98104
vn -0.98104 0.19381 0
vn -0.54501 0.1938 -0.81572
vn -0.37539 0.1938 -0.90638
vn 0.6937 0.1938 -0.6937
vn 0.81572 0.1938 -0.54501
vn 0.37539 0.1938 -0.90638
vn 0.54501 0.1938 -0.81572
vn -0.1914 0.1938 0.96219
vn -0.96219 0.1938 0.1914
vn 0.1914 0.1938 0.96219
vn 0 0.19381 0.98104
vn 0.96219 0.1938 0.1914
vn -0.6937 0.1938 -0.6937
vn -0.90638 0.1938 0.37539
vn 0.1914 0.1938 -0.96219
vn 0.98104 0.19381 0
vn 0.37539 0.1938 0.90638
vn -0.81572 0.1938 0.54501
vn -0.81572 0.1938 -0.54501
vn 0.96219 0.1938 -0.1914
vn -0.6937 0.1938 0.6937
vn 0.54501 0.1938 0.81572
vn 0.90638 0.1938 -0.37539
vn -0.95611 0.2229 0.1902
vn -0.90061 0.2229 0.37311
vn -0.90168 0.2179 0.37349
vn -0.95722 0.2179 0.1904
vn 0.37311 0.2229 -0.90061
vn 0.54158 0.22289 -0.81056
vn -0.1902 0.2229 0.95611
vn -0.37311 0.2229 0.90061
vn -0.97484 0.22289 0
vn 0.1902 0.2229 0.95611
vn 0 0.22289 0.97484
vn -0.37311 0.2229 -0.90061
vn -0.1902 0.2229 -0.95611
vn 0.95611 0.2229 0.1902
vn -0.68932 0.22291 -0.68932
vn -0.54158 0.22289 -0.81056
vn 0.68932 0.22291 -0.68932
vn 0.1902 0.2229 -0.95611
vn 0.97484 0.22289 0
vn 0.37311 0.2229 0.90061
vn -0.81056 0.22289 0.54158
vn -0.81056 0.22289 -0.54158
vn 0.95611 0.2229 -0.1902
vn 0 0.22289 -0.97484
vn -0.68932 0.22291 0.68932
vn 0.54158 0.22289 0.81056
vn 0.90061 0.2229 -0.37311
vn -0.90061 0.2229 -0.37311
vn -0.54158 0.22289 0.81056
vn 0.68932 0.22291 0.68932
vn 0.81056 0.22289 -0.54158
vn -0.95611 0.2229 -0.1902
vn 0.97597 0.21789 0
vn 0.95722 0.2179 -0.1904
vn 0.95352 0.23411 -0.1897
vn 0.97221 0.2341 0
vn 0.1904 0.2179 -0.95722
vn 0.37349 0.2179 -0.90168
vn 0 0.21789 0.97597
vn -0.1904 0.2179 0.95722
vn 0.95722 0.2179 0.1904
vn 0.37349 0.2179 0.90168
vn 0.1904 0.2179 0.95722
vn -0.8115 0.2179 0.5422
vn -0.8115 0.2179 -0.5422
vn -0.69012 0.2179 -0.69012
vn 0 0.21789 -0.97597
vn -0.69012 0.2179 0.69012
vn 0.5422 0.2179 0.8115
vn 0.90168 0.2179 -0.37349
vn -0.90168 0.2179 -0.37349
vn -0.5422 0.2179 0.8115
vn 0.69012 0.2179 0.69012
vn 0.8115 0.2179 -0.5422
vn -0.95722 0.2179 -0.1904
vn -0.37349 0.2179 0.90168
vn 0.8115 0.2179 0.5422
vn -0.1904 0.2179 -0.95722
vn -0.97597 0.21789 0
vn -0.5422 0.2179 -0.8115
vn -0.37349 0.2179 -0.90168
vn 0.69012 0.2179 -0.69012
vn 0.90168 0.2179 0.37349
vn 0.5422 0.2179 -0.8115
vn -0.68746 0.23409 0.68746
vn -0.54009 0.2341 0.80839
vn -0.51882 0.35752 0.77653
vn -0.66038 0.35749 0.66038
vn 0 0.2341 -0.97221
vn 0.1897 0.23411 -0.95352
vn -0.80839 0.2341 0.54009
vn 0.54009 0.2341 0.80839
vn 0.3721 0.2341 0.89819
vn 0.89822 0.23411 -0.37201
vn -0.89822 0.23411 -0.37201
vn -0.80839 0.2341 -0.54009
vn 0.68746 0.23409 0.68746
vn 0.80839 0.2341 -0.54009
vn -0.95352 0.23411 -0.1897
vn -0.37201 0.23411 0.89822
vn 0.80839 0.2341 0.54009
vn -0.1897 0.23411 -0.95352
vn -0.97221 0.2341 0
vn -0.54009 0.2341 -0.80839
vn -0.3721 0.2341 -0.89819
vn 0.68746 0.23409 -0.68746
vn 0.89822 0.23411 0.37201
vn 0.3721 0.2341 -0.89819
vn 0.54009 0.2341 -0.80839
vn -0.1897 0.23411 0.95352
vn -0.95352 0.23411 0.1897
vn 0.1897 0.23411 0.95352
vn 0 0.2341 0.97221
vn 0.95352 0.23411 0.1897
vn -0.68746 0.23409 -0.68746
vn -0.89822 0.23411 0.37201
vn 0 0.3575 -0.93391
vn -0.18219 0.35749 -0.91597
vn -0.1521 0.62619 -0.76469
vn 0 0.62618 -0.77968
vn 0.66038 0.35749 0.66038
vn 0.51882 0.35752 0.77653
vn 0.77653 0.35752 -0.51882
vn 0.86282 0.35751 -0.35741
vn -0.91597 0.35749 -0.18219
vn -0.86282 0.35751 -0.35741
vn -0.35741 0.35751 0.86282
vn 0.77653 0.35752 0.51882
vn -0.93391 0.3575 0
vn -0.51882 0.35752 -0.77653
vn -0.35741 0.35751 -0.86282
vn 0.66038 0.35749 -0.66038
vn 0.86282 0.35751 0.35741
vn 0.35741 0.35751 -0.86282
vn 0.51882 0.35752 -0.77653
vn -0.18219 0.35749 0.91597
vn -0.91597 0.35749 0.18219
vn 0.18219 0.35749 0.91597
vn 0 0.3575 0.93391
vn 0.91597 0.35749 0.18219
vn -0.66038 0.35749 -0.66038
vn -0.86282 0.35751 0.35741
vn 0.18219 0.35749 -0.91597
vn 0.93391 0.3575 0
vn 0.35741 0.35751 0.86282
vn -0.77653 0.35752 0.51882
vn -0.77653 0.35752 -0.51882
vn 0.91597 0.35749 -0.18219
vn 0.1521 0.62619 0.76469
vn 0.2984 0.6262 0.7203
vn 0.1343 0.93638 0.32429
vn 0.0685 0.93639 0.3442
vn -0.77968 0.62618 0
vn -0.76469 0.62619 -0.1521
vn -0.43318 0.62617 -0.64827
vn -0.29842 0.62614 -0.72034
vn 0.5513 0.6262 -0.5513
vn 0.64827 0.62617 -0.43318
vn 0.7203 0.6262 0.2984
vn 0.64827 0.62617 0.43318
vn 0.2984 0.6262 -0.7203
vn 0.43318 0.62617 -0.64827
vn -0.1521 0.62619 0.76469
vn -0.2984 0.6262 0.7203
vn -0.76474 0.62613 0.15211
vn 0 0.62618 0.77968
vn 0.76469 0.62619 0.1521
vn -0.5513 0.6262 -0.5513
vn -0.7203 0.6262 0.2984
vn 0.1521 0.62619 -0.76469
vn 0.77968 0.62618 0
vn -0.64827 0.62617 0.43318
vn -0.64827 0.62617 -0.43318
vn 0.76469 0.62619 -0.1521
vn -0.55134 0.62614 0.55134
vn 0.43318 0.62617 0.64827
vn 0.7203 0.6262 -0.2984
vn -0.7203 0.6262 -0.2984
vn -0.43318 0.62617 0.64827
vn 0.5513 0.6262 0.5513
vn -0.0685 0.93639 -0.3442
vn -0.1343 0.93638 -0.32429
vn -0.195 0.93639 -0.2918
vn -0.24819 0.93638 -0.24819
vn -0.2918 0.93639 -0.195
vn -0.32429 0.93638 -0.1343
vn -0.3442 0.93639 -0.0685
vn -0.35099 0.93638 0
vn -0.34429 0.93636 0.0685
vn -0.32429 0.93638 0.1343
vn -0.2918 0.93639 0.195
vn -0.24819 0.93638 0.24819
vn -0.195 0.93639 0.2918
vn -0.1343 0.93638 0.32429
vn -0.0684 0.9364 0.3442
vn 0 0.93638 0.35099
vn 0.195 0.93639 0.2918
vn 0.24819 0.93638 0.24819
vn 0.2918 0.93639 0.195
vn 0.32429 0.93638 0.1343
vn 0.34429 0.93636 0.0685
vn 0.35099 0.93638 0
vn 0.34429 0.93636 -0.0685
vn 0.32429 0.93638 -0.1343
vn 0.2918 0.93639 -0.195
vn 0.24819 0.93638 -0.24819
vn 0.195 0.93639 -0.2918
vn 0.1343 0.93638 -0.32429
vn 0.0685 0.93639 -0.3442
vn 0 0.93638 -0.35099
vt 0.41583 0.07747
vt 0.43197 0.07618
vt 0.43355 0.10124
vt 0.41715 0.10212
vt 0.46661 0.09844
vt 0.48336 0.09703
vt 0.48605 0.12578
vt 0.469 0.12719
vt 0.2061 0.08241
vt 0.22213 0.0824
vt 0.22184 0.10687
vt 0.20567 0.1068
vt 0.12628 0.08019
vt 0.14226 0.08074
vt 0.14098 0.10527
vt 0.12474 0.10475
vt 0.44815 0.07526
vt 0.45005 0.09994
vt 0.23822 0.08235
vt 0.23804 0.10687
vt 0.46436 0.0733
vt 0.25435 0.08225
vt 0.25427 0.1068
vt 0.48084 0.07181
vt 0.27051 0.08208
vt 0.27051 0.10667
vt 0.49748 0.06939
vt 0.50025 0.09509
vt 0.28668 0.08183
vt 0.28676 0.10648
vt 0.51443 0.06697
vt 0.51722 0.09328
vt 0.30286 0.08142
vt 0.30301 0.10623
vt 0.53133 0.06512
vt 0.53422 0.09113
vt 0.31903 0.08154
vt 0.31929 0.10593
vt 0.01076 0.06876
vt 0.02806 0.07027
vt 0.02501 0.09667
vt 0.00827 0.09484
vt 0.33516 0.08099
vt 0.33556 0.10547
vt 0.04509 0.07266
vt 0.04197 0.09843
vt 0.35129 0.08048
vt 0.35184 0.10516
vt 0.06169 0.07498
vt 0.05884 0.10003
vt 0.36742 0.0799
vt 0.36814 0.10444
vt 0.15818 0.08171
vt 0.15717 0.10602
vt 0.07812 0.07638
vt 0.07552 0.10136
vt 0.38356 0.07924
vt 0.38444 0.10388
vt 0.17415 0.08179
vt 0.17334 0.10635
vt 0.09423 0.07828
vt 0.09204 0.10274
vt 0.39971 0.07846
vt 0.40078 0.1032
vt 0.19011 0.08245
vt 0.18951 0.10664
vt 0.11029 0.07931
vt 0.10844 0.10382
vt 0.52078 0.12291
vt 0.53867 0.12141
vt 0.54475 0.75785
vt 0.52724 0.75674
vt 0.27066 0.13437
vt 0.25431 0.13446
vt 0.50327 0.12453
vt 0.28702 0.13423
vt 0.3034 0.13404
vt 0.31981 0.13379
vt 0.02163 0.12611
vt 0.00391 0.12453
vt 0.33628 0.13349
vt 0.03908 0.12757
vt 0.35273 0.13288
vt 0.05631 0.12891
vt 0.3692 0.13247
vt 0.15634 0.13336
vt 0.13997 0.13303
vt 0.07339 0.13013
vt 0.38571 0.13173
vt 0.17266 0.1338
vt 0.09027 0.13099
vt 0.40221 0.1309
vt 0.18899 0.13411
vt 0.10697 0.13173
vt 0.41876 0.13021
vt 0.20532 0.13433
vt 0.1235 0.13233
vt 0.43539 0.12916
vt 0.22165 0.13445
vt 0.45211 0.12823
vt 0.23798 0.13449
vt 0.03928 0.75929
vt 0.05665 0.75837
vt 0.06174 0.8243
vt 0.04523 0.82552
vt 0.32497 0.75219
vt 0.30839 0.75217
vt 0.02172 0.76033
vt 0.00391 0.76152
vt 0.34155 0.75214
vt 0.35816 0.75215
vt 0.3748 0.75221
vt 0.15858 0.75455
vt 0.14179 0.75502
vt 0.07388 0.75755
vt 0.39149 0.75232
vt 0.17532 0.75412
vt 0.09099 0.75681
vt 0.40821 0.7526
vt 0.19203 0.75363
vt 0.108 0.75615
vt 0.42497 0.75294
vt 0.20872 0.75331
vt 0.12493 0.75556
vt 0.44177 0.75335
vt 0.22537 0.75304
vt 0.45863 0.75384
vt 0.24199 0.75282
vt 0.47556 0.7543
vt 0.2586 0.75252
vt 0.49264 0.75499
vt 0.2752 0.7524
vt 0.50985 0.75579
vt 0.29179 0.7522
vt 0.17735 0.8185
vt 0.19381 0.81812
vt 0.20016 0.97703
vt 0.18468 0.97771
vt 0.37404 0.81644
vt 0.35769 0.81622
vt 0.16088 0.81911
vt 0.14438 0.81979
vt 0.07826 0.8232
vt 0.39039 0.81672
vt 0.09481 0.82222
vt 0.40675 0.81694
vt 0.11134 0.82132
vt 0.42309 0.81725
vt 0.21025 0.81764
vt 0.12787 0.82051
vt 0.43942 0.81766
vt 0.22668 0.81719
vt 0.45574 0.81817
vt 0.24308 0.8168
vt 0.472 0.81895
vt 0.25948 0.81664
vt 0.48827 0.81972
vt 0.27587 0.81635
vt 0.50448 0.82065
vt 0.29226 0.8163
vt 0.52062 0.82179
vt 0.30864 0.81611
vt 0.5366 0.82315
vt 0.325 0.81598
vt 0.02877 0.82689
vt 0.01261 0.82845
vt 0.34134 0.81607
vt 0.12112 0.98133
vt 0.10552 0.98241
vt 0.41904 0.97453
vt 0.40352 0.97416
vt 0.21562 0.97637
vt 0.13708 0.98029
vt 0.43431 0.97489
vt 0.23146 0.97578
vt 0.15293 0.97944
vt 0.44971 0.97539
vt 0.24714 0.97542
vt 0.46512 0.97601
vt 0.26262 0.97504
vt 0.48049 0.97677
vt 0.27833 0.97475
vt 0.49574 0.97771
vt 0.29427 0.97441
vt 0.51075 0.97887
vt 0.31005 0.97425
vt 0.5266 0.98031
vt 0.32578 0.97393
vt 0.04226 0.98824
vt 0.02502 0.99029
vt 0.34159 0.97382
vt 0.0584 0.98645
vt 0.35694 0.9738
vt 0.07406 0.98495
vt 0.37223 0.97383
vt 0.16877 0.97847
vt 0.0898 0.98353
vt 0.38777 0.974
vt 0.55757 0.62297
vt 0.55762 0.61104
vt 0.56348 0.611
vt 0.56343 0.62298
vt 0.55767 0.59906
vt 0.56353 0.59906
vt 0.55772 0.58727
vt 0.56337 0.58731
vt 0.55777 0.57575
vt 0.56343 0.57574
vt 0.55781 0.56421
vt 0.56348 0.56419
vt 0.55786 0.55264
vt 0.56354 0.55263
vt 0.55791 0.54123
vt 0.56338 0.54127
vt 0.55795 0.53026
vt 0.56322 0.53028
vt 0.558 0.51951
vt 0.56326 0.5195
vt 0.55804 0.50874
vt 0.5633 0.50875
vt 0.55809 0.49798
vt 0.56336 0.49799
vt 0.55813 0.48722
vt 0.56341 0.48721
vt 0.55817 0.47643
vt 0.56346 0.47644
vt 0.55822 0.46582
vt 0.56331 0.46585
vt 0.55826 0.45545
vt 0.56334 0.45544
vt 0.5583 0.44507
vt 0.56338 0.44507
vt 0.55834 0.43469
vt 0.56342 0.4347
vt 0.55839 0.42433
vt 0.56346 0.42434
vt 0.55843 0.41397
vt 0.56351 0.41397
vt 0.55847 0.4036
vt 0.56356 0.40361
vt 0.55851 0.39322
vt 0.56363 0.39325
vt 0.55856 0.38299
vt 0.56353 0.38302
vt 0.5586 0.37296
vt 0.56364 0.37285
vt 0.55864 0.36276
vt 0.56359 0.36234
vt 0.55715 0.72582
vt 0.55721 0.71251
vt 0.56378 0.71263
vt 0.56348 0.72648
vt 0.55726 0.69925
vt 0.56384 0.69925
vt 0.55731 0.68618
vt 0.5636 0.68619
vt 0.55737 0.6734
vt 0.56364 0.67337
vt 0.55742 0.66061
vt 0.56369 0.66058
vt 0.55747 0.64778
vt 0.56376 0.64778
vt 0.55752 0.63514
vt 0.5636 0.63518
vt 0.5649 0.03303
vt 0.56421 0.03275
vt 0.56602 0.0294
vt 0.56377 0.03671
vt 0.56238 0.03614
vt 0.56259 0.04052
vt 0.56048 0.03964
vt 0.56132 0.04457
vt 0.55844 0.04337
vt 0.55996 0.04896
vt 0.55626 0.04739
vt 0.55849 0.05387
vt 0.55384 0.05195
vt 0.54963 0.04915
vt 0.55295 0.04514
vt 0.5636 0.03233
vt 0.56114 0.03529
vt 0.55859 0.03837
vt 0.55586 0.04161
vt 0.56009 0.03423
vt 0.56307 0.0318
vt 0.55698 0.03674
vt 0.55368 0.03938
vt 0.5501 0.0423
vt 0.54612 0.04551
vt 0.56266 0.03118
vt 0.55926 0.03298
vt 0.55571 0.03483
vt 0.552 0.03678
vt 0.54792 0.03892
vt 0.54332 0.04131
vt 0.54641 0.03521
vt 0.5508 0.03392
vt 0.54151 0.0366
vt 0.56238 0.03049
vt 0.55869 0.03159
vt 0.55486 0.03271
vt 0.5584 0.03012
vt 0.56223 0.02976
vt 0.55444 0.03048
vt 0.55024 0.03087
vt 0.54564 0.03128
vt 0.54065 0.03172
vt 0.54066 0.02679
vt 0.54569 0.02729
vt 0.56224 0.02901
vt 0.5584 0.02862
vt 0.55444 0.0282
vt 0.55025 0.02778
vt 0.5549 0.02597
vt 0.55871 0.02715
vt 0.55085 0.02474
vt 0.54649 0.02338
vt 0.54162 0.02193
vt 0.56239 0.02828
vt 0.56268 0.02759
vt 0.55929 0.02576
vt 0.55579 0.02387
vt 0.55204 0.02186
vt 0.54802 0.0197
vt 0.5435 0.01733
vt 0.55705 0.02196
vt 0.56013 0.02452
vt 0.5538 0.01929
vt 0.55025 0.01636
vt 0.54624 0.01313
vt 0.56309 0.02697
vt 0.56362 0.02645
vt 0.56119 0.02346
vt 0.55868 0.02036
vt 0.55599 0.01708
vt 0.5531 0.01355
vt 0.5498 0.00952
vt 0.5586 0.01537
vt 0.56059 0.0191
vt 0.55643 0.01128
vt 0.55404 0.00677
vt 0.56424 0.02604
vt 0.56244 0.02263
vt 0.56493 0.02576
vt 0.56383 0.02206
vt 0.5627 0.01824
vt 0.56147 0.01417
vt 0.56016 0.0098
vt 0.55869 0.00482
vt 0.56454 0.01358
vt 0.56495 0.01781
vt 0.56409 0.00901
vt 0.56365 0.00391
vt 0.56567 0.02562
vt 0.56531 0.02178
vt 0.56641 0.02562
vt 0.56681 0.02179
vt 0.56723 0.01783
vt 0.56766 0.01361
vt 0.56811 0.009
vt 0.56862 0.00398
vt 0.57205 0.00983
vt 0.57071 0.01424
vt 0.57353 0.00491
vt 0.56714 0.02577
vt 0.56828 0.0221
vt 0.56945 0.0183
vt 0.56966 0.02267
vt 0.56783 0.02605
vt 0.57156 0.01917
vt 0.57357 0.01546
vt 0.57576 0.0114
vt 0.57823 0.00682
vt 0.58239 0.00971
vt 0.57911 0.01364
vt 0.56845 0.02647
vt 0.5709 0.02351
vt 0.57345 0.02044
vt 0.57616 0.01718
vt 0.57195 0.02458
vt 0.56897 0.027
vt 0.57504 0.02207
vt 0.57833 0.01942
vt 0.58192 0.01652
vt 0.58595 0.01328
vt 0.58864 0.01752
vt 0.58414 0.01987
vt 0.56938 0.02762
vt 0.57278 0.02583
vt 0.57631 0.02397
vt 0.58006 0.022
vt 0.57718 0.02608
vt 0.57335 0.02721
vt 0.58125 0.02488
vt 0.5856 0.02359
vt 0.59054 0.02215
vt 0.56966 0.02831
vt 0.56981 0.02904
vt 0.57364 0.02869
vt 0.57762 0.02831
vt 0.58181 0.02793
vt 0.5864 0.0275
vt 0.59141 0.02705
vt 0.57759 0.03059
vt 0.57363 0.03019
vt 0.58178 0.03103
vt 0.58636 0.03151
vt 0.59141 0.032
vt 0.5698 0.02979
vt 0.56965 0.03052
vt 0.57333 0.03165
vt 0.57715 0.03283
vt 0.58117 0.03406
vt 0.58556 0.03543
vt 0.59044 0.03689
vt 0.57998 0.03692
vt 0.57626 0.03493
vt 0.58402 0.03912
vt 0.58854 0.04151
vt 0.56937 0.0312
vt 0.57275 0.03304
vt 0.56895 0.03182
vt 0.57191 0.03428
vt 0.57498 0.03682
vt 0.57825 0.03951
vt 0.58178 0.04245
vt 0.58577 0.04568
vt 0.57893 0.04527
vt 0.57605 0.04172
vt 0.58222 0.04925
vt 0.56842 0.03235
vt 0.57084 0.03533
vt 0.57336 0.03842
vt 0.5678 0.03276
vt 0.56959 0.03616
vt 0.57145 0.03967
vt 0.57343 0.04341
vt 0.57557 0.04749
vt 0.578 0.05208
vt 0.57186 0.04904
vt 0.57055 0.04461
vt 0.57329 0.05391
vt 0.56711 0.03304
vt 0.5682 0.03672
vt 0.56935 0.04054
vt 0.56674 0.03701
vt 0.56638 0.03318
vt 0.56711 0.04098
vt 0.56749 0.04522
vt 0.56791 0.04978
vt 0.56841 0.05486
vt 0.56341 0.05485
vt 0.56389 0.04976
vt 0.56563 0.03318
vt 0.56524 0.03701
vt 0.56483 0.04097
vt 0.56437 0.04517
vt 0.62269 0.4101
vt 0.6236 0.40268
vt 0.63665 0.40427
vt 0.63631 0.41133
vt 0.63608 0.41856
vt 0.62213 0.41764
vt 0.62187 0.42528
vt 0.63618 0.42583
vt 0.63598 0.43306
vt 0.62187 0.43286
vt 0.62204 0.44035
vt 0.6361 0.44023
vt 0.62228 0.44768
vt 0.6363 0.44725
vt 0.63621 0.45424
vt 0.62269 0.45485
vt 0.62306 0.46192
vt 0.63649 0.46116
vt 0.6365 0.46805
vt 0.62339 0.46882
vt 0.63647 0.47501
vt 0.62374 0.47568
vt 0.62405 0.48243
vt 0.63662 0.48192
vt 0.63672 0.48876
vt 0.6243 0.48909
vt 0.6245 0.49565
vt 0.63679 0.4955
vt 0.62464 0.50215
vt 0.63683 0.50216
vt 0.6369 0.50874
vt 0.62466 0.50862
vt 0.62461 0.51506
vt 0.63698 0.51526
vt 0.63679 0.52181
vt 0.62453 0.52152
vt 0.63686 0.52836
vt 0.62438 0.52801
vt 0.63668 0.53494
vt 0.62416 0.53458
vt 0.63678 0.54158
vt 0.62393 0.54123
vt 0.62369 0.54798
vt 0.63664 0.54823
vt 0.63648 0.55497
vt 0.62353 0.55483
vt 0.62341 0.56174
vt 0.63655 0.56172
vt 0.62343 0.56869
vt 0.63664 0.56841
vt 0.63655 0.57509
vt 0.62356 0.57567
vt 0.63677 0.58174
vt 0.62391 0.58263
vt 0.63705 0.58827
vt 0.62449 0.58948
vt 0.63716 0.59467
vt 0.62534 0.59612
vt 0.62652 0.60237
vt 0.63745 0.60083
vt 0.62802 0.60797
vt 0.63747 0.60641
vt 0.63705 0.39149
vt 0.637 0.39758
vt 0.62488 0.39581
vt 0.6266 0.38957
vt 0.64296 0.45403
vt 0.64296 0.46087
vt 0.60612 0.43312
vt 0.60579 0.42491
vt 0.61123 0.52745
vt 0.61157 0.52112
vt 0.64296 0.4677
vt 0.64296 0.44035
vt 0.64296 0.44718
vt 0.64296 0.43324
vt 0.64296 0.56182
vt 0.64296 0.56833
vt 0.64296 0.57486
vt 0.64296 0.4189
vt 0.64296 0.42609
vt 0.64296 0.58149
vt 0.64296 0.58793
vt 0.64296 0.40446
vt 0.64296 0.41162
vt 0.64296 0.59444
vt 0.64296 0.60105
vt 0.64296 0.60779
vt 0.64296 0.39005
vt 0.64296 0.39737
vt 0.64296 0.49559
vt 0.64296 0.50229
vt 0.64296 0.50888
vt 0.64296 0.51535
vt 0.64296 0.5219
vt 0.64296 0.48878
vt 0.64296 0.47477
vt 0.64296 0.48186
vt 0.64296 0.52846
vt 0.64296 0.53504
vt 0.64296 0.54164
vt 0.64296 0.54823
vt 0.64296 0.55504
vt 0.60368 0.61016
vt 0.60691 0.61865
vt 0.60482 0.61955
vt 0.60161 0.61084
vt 0.604 0.51462
vt 0.60366 0.52067
vt 0.60218 0.52056
vt 0.60251 0.51457
vt 0.60221 0.37694
vt 0.59866 0.38699
vt 0.59618 0.38627
vt 0.59976 0.37592
vt 0.60313 0.52679
vt 0.60162 0.52664
vt 0.59627 0.39686
vt 0.59383 0.3964
vt 0.6025 0.53307
vt 0.60092 0.53288
vt 0.59497 0.40656
vt 0.59259 0.40635
vt 0.60166 0.53957
vt 0.60003 0.53935
vt 0.59706 0.45767
vt 0.59576 0.45027
vt 0.59763 0.44996
vt 0.59886 0.45737
vt 0.59453 0.41605
vt 0.59219 0.41603
vt 0.60082 0.54633
vt 0.5991 0.54611
vt 0.59996 0.46443
vt 0.59827 0.46472
vt 0.59477 0.42521
vt 0.59254 0.42532
vt 0.59994 0.55343
vt 0.59813 0.55322
vt 0.60103 0.47122
vt 0.59938 0.47148
vt 0.59544 0.43391
vt 0.59334 0.43413
vt 0.59918 0.56086
vt 0.5973 0.56068
vt 0.60197 0.47779
vt 0.60038 0.478
vt 0.5965 0.44217
vt 0.5945 0.44244
vt 0.59866 0.5686
vt 0.59671 0.56851
vt 0.60276 0.48417
vt 0.60122 0.48434
vt 0.59847 0.57664
vt 0.59645 0.57665
vt 0.60331 0.49041
vt 0.60181 0.49054
vt 0.59883 0.58491
vt 0.59674 0.58507
vt 0.60379 0.49655
vt 0.60228 0.49664
vt 0.59977 0.59331
vt 0.59768 0.59362
vt 0.60402 0.50262
vt 0.60255 0.50265
vt 0.60135 0.60176
vt 0.59924 0.60224
vt 0.60406 0.50861
vt 0.6026 0.50861
vt 0.59237 0.46592
vt 0.59085 0.45898
vt 0.60814 0.45609
vt 0.60895 0.4632
vt 0.58919 0.45163
vt 0.60742 0.44871
vt 0.58747 0.44376
vt 0.60665 0.44108
vt 0.59373 0.47255
vt 0.60967 0.47011
vt 0.59492 0.47893
vt 0.61032 0.47683
vt 0.59588 0.48509
vt 0.61087 0.48339
vt 0.59661 0.49111
vt 0.61136 0.48982
vt 0.59715 0.49704
vt 0.61165 0.49617
vt 0.59748 0.50287
vt 0.61185 0.50243
vt 0.59757 0.50865
vt 0.61191 0.50866
vt 0.59745 0.51441
vt 0.61178 0.51488
vt 0.59706 0.52019
vt 0.59639 0.52608
vt 0.5955 0.53215
vt 0.61073 0.53388
vt 0.59437 0.5385
vt 0.61022 0.54047
vt 0.59312 0.5452
vt 0.60961 0.54724
vt 0.59181 0.55234
vt 0.60908 0.55424
vt 0.59061 0.55996
vt 0.60872 0.56143
vt 0.58966 0.56806
vt 0.60855 0.56882
vt 0.5891 0.57662
vt 0.60866 0.57638
vt 0.58917 0.58558
vt 0.60909 0.58403
vt 0.58998 0.59475
vt 0.60997 0.5917
vt 0.59159 0.60403
vt 0.61147 0.59926
vt 0.59406 0.61321
vt 0.61361 0.6066
vt 0.59709 0.62217
vt 0.61654 0.61357
vt 0.58696 0.38394
vt 0.59024 0.3729
vt 0.61346 0.38267
vt 0.61016 0.3908
vt 0.58475 0.39499
vt 0.608 0.39925
vt 0.58372 0.40582
vt 0.60663 0.40786
vt 0.5837 0.41625
vt 0.60595 0.41645
vt 0.5845 0.42609
vt 0.58582 0.43527
vt 0.47253 0.01758
vt 0.48687 0.01465
vt 0.48789 0.01896
vt 0.4733 0.02194
vt 0.14452 0.02708
vt 0.15969 0.02721
vt 0.1597 0.0318
vt 0.14435 0.03168
vt 0.17512 0.02697
vt 0.17516 0.03164
vt 0.19083 0.02674
vt 0.19078 0.03146
vt 0.20651 0.02726
vt 0.20649 0.03199
vt 0.22218 0.02692
vt 0.22229 0.03166
vt 0.23806 0.02638
vt 0.2382 0.03119
vt 0.25409 0.02594
vt 0.25421 0.03073
vt 0.27019 0.02552
vt 0.2702 0.03033
vt 0.28631 0.02581
vt 0.28632 0.03067
vt 0.3023 0.0255
vt 0.30241 0.0303
vt 0.31828 0.02518
vt 0.3183 0.02991
vt 0.33418 0.02537
vt 0.33423 0.03016
vt 0.3499 0.02491
vt 0.35009 0.02963
vt 0.36565 0.02412
vt 0.36588 0.02887
vt 0.38143 0.02334
vt 0.38168 0.02805
vt 0.39723 0.02246
vt 0.39738 0.0272
vt 0.41293 0.02239
vt 0.41301 0.02704
vt 0.42819 0.02213
vt 0.42842 0.0267
vt 0.44313 0.02089
vt 0.44348 0.02536
vt 0.45799 0.01971
vt 0.4585 0.02418
vt 0.50092 0.0108
vt 0.5023 0.01502
vt 0.51449 0.0056
vt 0.51636 0.00963
vt 0.02781 0.00968
vt 0.04135 0.01442
vt 0.04007 0.01861
vt 0.02608 0.01372
vt 0.05536 0.01807
vt 0.05437 0.02236
vt 0.06967 0.02088
vt 0.06892 0.02524
vt 0.0842 0.02298
vt 0.08371 0.02744
vt 0.09907 0.02398
vt 0.09878 0.02851
vt 0.11423 0.0248
vt 0.11393 0.0293
vt 0.12943 0.02599
vt 0.12909 0.03056
vt 0.57228 0.62279
vt 0.57263 0.63496
vt 0.57217 0.61086
vt 0.5721 0.59893
vt 0.5719 0.58719
vt 0.57186 0.57565
vt 0.57189 0.56409
vt 0.57185 0.55247
vt 0.57152 0.54106
vt 0.57118 0.5301
vt 0.57108 0.5194
vt 0.57112 0.5087
vt 0.5712 0.49795
vt 0.57126 0.48714
vt 0.57121 0.47632
vt 0.57099 0.46572
vt 0.57091 0.45535
vt 0.57091 0.44501
vt 0.57096 0.43466
vt 0.57101 0.4243
vt 0.57106 0.41393
vt 0.5711 0.40356
vt 0.5711 0.39317
vt 0.571 0.38294
vt 0.57105 0.37276
vt 0.57112 0.36239
vt 0.57377 0.71256
vt 0.57377 0.72661
vt 0.57348 0.69902
vt 0.57307 0.68598
vt 0.57296 0.67325
vt 0.573 0.66048
vt 0.57297 0.64761
vt 0.04841 0.04987
vt 0.06464 0.05249
vt 0.0646 0.05276
vt 0.04836 0.05015
vt 0.06456 0.05303
vt 0.04831 0.05043
vt 0.06452 0.0533
vt 0.04826 0.05071
vt 0.0467 0.06044
vt 0.06323 0.06283
vt 0.06319 0.0631
vt 0.04665 0.06073
vt 0.06316 0.06338
vt 0.04661 0.06101
vt 0.06312 0.06366
vt 0.04657 0.0613
vt 0.35069 0.05841
vt 0.36669 0.05786
vt 0.3667 0.05813
vt 0.3507 0.05868
vt 0.36671 0.05841
vt 0.35071 0.05895
vt 0.36672 0.05868
vt 0.35072 0.05922
vt 0.35107 0.06875
vt 0.36712 0.0682
vt 0.36713 0.06847
vt 0.35107 0.06902
vt 0.36715 0.06874
vt 0.35108 0.0693
vt 0.36716 0.06901
vt 0.35109 0.06957
vt 0.15879 0.06063
vt 0.14315 0.06008
vt 0.14316 0.05982
vt 0.1588 0.06036
vt 0.14317 0.05955
vt 0.15881 0.0601
vt 0.14318 0.05929
vt 0.15882 0.05983
vt 0.15853 0.07078
vt 0.14275 0.07025
vt 0.14276 0.06998
vt 0.15854 0.07051
vt 0.14277 0.06971
vt 0.15855 0.07025
vt 0.14278 0.06945
vt 0.15856 0.06998
vt 0.08049 0.05457
vt 0.08046 0.05483
vt 0.08043 0.0551
vt 0.08039 0.05537
vt 0.07935 0.06483
vt 0.07932 0.0651
vt 0.07929 0.06537
vt 0.07926 0.06565
vt 0.38269 0.05723
vt 0.3827 0.0575
vt 0.38272 0.05777
vt 0.38273 0.05804
vt 0.3832 0.06754
vt 0.38321 0.06782
vt 0.38322 0.06809
vt 0.38323 0.06836
vt 0.17455 0.06019
vt 0.17454 0.06046
vt 0.17454 0.06073
vt 0.17453 0.06099
vt 0.17439 0.0704
vt 0.17439 0.07067
vt 0.17438 0.07094
vt 0.17438 0.07121
vt 0.09621 0.05623
vt 0.09618 0.05649
vt 0.09615 0.05676
vt 0.09613 0.05703
vt 0.09532 0.0664
vt 0.09529 0.06667
vt 0.09527 0.06694
vt 0.09524 0.06721
vt 0.39867 0.05651
vt 0.39869 0.05678
vt 0.3987 0.05705
vt 0.39872 0.05732
vt 0.39924 0.06678
vt 0.39926 0.06705
vt 0.39927 0.06732
vt 0.39929 0.06759
vt 0.19037 0.06039
vt 0.19037 0.06066
vt 0.19037 0.06093
vt 0.19037 0.0612
vt 0.1903 0.07061
vt 0.1903 0.07088
vt 0.19029 0.07115
vt 0.19029 0.07142
vt 0.11191 0.05756
vt 0.11189 0.05782
vt 0.11187 0.05809
vt 0.11185 0.05835
vt 0.11122 0.06769
vt 0.1112 0.06796
vt 0.11118 0.06823
vt 0.11116 0.06849
vt 0.41455 0.05561
vt 0.41457 0.05588
vt 0.41458 0.05615
vt 0.4146 0.05641
vt 0.41522 0.06586
vt 0.41524 0.06613
vt 0.41525 0.0664
vt 0.41527 0.06667
vt 0.20627 0.06043
vt 0.20627 0.0607
vt 0.20626 0.06097
vt 0.20626 0.06124
vt 0.20628 0.07072
vt 0.20627 0.07099
vt 0.20627 0.07126
vt 0.20627 0.07154
vt 0.12757 0.05855
vt 0.12756 0.05881
vt 0.12754 0.05908
vt 0.12753 0.05934
vt 0.12703 0.06868
vt 0.12702 0.06895
vt 0.127 0.06922
vt 0.12699 0.06948
vt 0.43032 0.05452
vt 0.43034 0.05479
vt 0.43036 0.05506
vt 0.43038 0.05532
vt 0.43114 0.06476
vt 0.43116 0.06503
vt 0.43118 0.0653
vt 0.4312 0.06557
vt 0.22219 0.06042
vt 0.22219 0.06069
vt 0.22219 0.06096
vt 0.22219 0.06123
vt 0.22227 0.07073
vt 0.22227 0.071
vt 0.22227 0.07127
vt 0.22227 0.07154
vt 0.44604 0.05319
vt 0.44607 0.05346
vt 0.4461 0.05373
vt 0.44612 0.05399
vt 0.44705 0.06338
vt 0.44708 0.06365
vt 0.4471 0.06392
vt 0.44713 0.06419
vt 0.23819 0.06032
vt 0.23819 0.06059
vt 0.23819 0.06086
vt 0.2382 0.06113
vt 0.23831 0.07066
vt 0.23831 0.07093
vt 0.23831 0.07121
vt 0.23831 0.07148
vt 0.46178 0.05144
vt 0.46181 0.05171
vt 0.46185 0.05198
vt 0.46188 0.05225
vt 0.46306 0.06172
vt 0.46309 0.06199
vt 0.46312 0.06227
vt 0.46315 0.06254
vt 0.25427 0.06017
vt 0.25427 0.06044
vt 0.25427 0.06071
vt 0.25427 0.06099
vt 0.25442 0.07053
vt 0.25442 0.07081
vt 0.25442 0.07108
vt 0.25442 0.07135
vt 0.4777 0.04927
vt 0.47774 0.04954
vt 0.47778 0.04981
vt 0.47782 0.05009
vt 0.47926 0.05962
vt 0.4793 0.0599
vt 0.47934 0.06018
vt 0.47938 0.06045
vt 0.27038 0.06
vt 0.27038 0.06027
vt 0.27038 0.06055
vt 0.27039 0.06082
vt 0.27054 0.07036
vt 0.27054 0.07064
vt 0.27055 0.07091
vt 0.27055 0.07118
vt 0.49399 0.04658
vt 0.49404 0.04686
vt 0.49409 0.04714
vt 0.49414 0.04743
vt 0.49585 0.05715
vt 0.49589 0.05744
vt 0.49594 0.05772
vt 0.49598 0.05801
vt 0.28647 0.05975
vt 0.28647 0.06003
vt 0.28648 0.0603
vt 0.28648 0.06057
vt 0.28664 0.07015
vt 0.28665 0.07042
vt 0.28665 0.07069
vt 0.28665 0.07097
vt 0.51094 0.04329
vt 0.51101 0.04359
vt 0.51107 0.04388
vt 0.51114 0.04418
vt 0.51301 0.05441
vt 0.51306 0.05471
vt 0.5131 0.05501
vt 0.51314 0.05531
vt 0.30252 0.05954
vt 0.30252 0.05981
vt 0.30253 0.06008
vt 0.30253 0.06035
vt 0.30272 0.06992
vt 0.30272 0.0702
vt 0.30273 0.07047
vt 0.30273 0.07074
vt 0.52899 0.03894
vt 0.52909 0.03924
vt 0.52919 0.03954
vt 0.52927 0.03985
vt 0.53117 0.05208
vt 0.5312 0.0524
vt 0.53122 0.05271
vt 0.53123 0.05302
vt 0.31859 0.05925
vt 0.31859 0.05952
vt 0.3186 0.0598
vt 0.3186 0.06007
vt 0.31883 0.06959
vt 0.31884 0.06986
vt 0.31884 0.07014
vt 0.31885 0.07041
vt 0.0137 0.04212
vt 0.03153 0.04658
vt 0.03146 0.04687
vt 0.0136 0.04241
vt 0.0314 0.04717
vt 0.0135 0.04271
vt 0.03133 0.04746
vt 0.01342 0.04301
vt 0.01104 0.0552
vt 0.0295 0.05771
vt 0.02946 0.05801
vt 0.01101 0.05551
vt 0.02941 0.05831
vt 0.01099 0.05583
vt 0.02937 0.05861
vt 0.01097 0.05615
vt 0.33466 0.05885
vt 0.33467 0.05912
vt 0.33468 0.05939
vt 0.33468 0.05966
vt 0.33497 0.06921
vt 0.33498 0.06949
vt 0.33499 0.06976
vt 0.33499 0.07003
vt 0.96574 0.34354
vt 0.96324 0.35763
vt 0.84234 0.3345
vt 0.84476 0.32281
vt 0.2004 0.98244
vt 0.18485 0.98335
vt 0.12159 0.98699
vt 0.10591 0.98789
vt 0.41894 0.97993
vt 0.40344 0.97994
vt 0.21594 0.98199
vt 0.13744 0.98616
vt 0.43427 0.98039
vt 0.23165 0.9816
vt 0.15325 0.985
vt 0.44964 0.98092
vt 0.24729 0.98088
vt 0.46501 0.98154
vt 0.26285 0.98063
vt 0.48033 0.98226
vt 0.27855 0.98043
vt 0.49552 0.98313
vt 0.29438 0.98027
vt 0.51034 0.98433
vt 0.31014 0.97978
vt 0.52547 0.98604
vt 0.32586 0.97976
vt 0.04296 0.99407
vt 0.02616 0.99607
vt 0.34153 0.97942
vt 0.0589 0.99215
vt 0.35695 0.97916
vt 0.07457 0.99044
vt 0.3723 0.97936
vt 0.16908 0.98434
vt 0.09027 0.98932
vt 0.38782 0.97962
vt 0.83965 0.3462
vt 0.76122 0.3253
vt 0.76394 0.31565
vt 0.96891 0.13056
vt 0.97072 0.14468
vt 0.84979 0.15905
vt 0.84809 0.14736
vt 0.94681 0.42741
vt 0.9428 0.44121
vt 0.82227 0.40496
vt 0.82627 0.39314
vt 0.97225 0.15883
vt 0.97351 0.173
vt 0.85237 0.18244
vt 0.85121 0.17075
vt 0.95589 0.06057
vt 0.95901 0.07447
vt 0.83862 0.10053
vt 0.8356 0.08879
vt 0.97541 0.24415
vt 0.97491 0.2584
vt 0.8535 0.25262
vt 0.85401 0.24092
vt 0.96188 0.08843
vt 0.9645 0.10243
vt 0.84388 0.12397
vt 0.84138 0.11225
vt 0.96797 0.32942
vt 0.84691 0.31112
vt 0.93857 0.45495
vt 0.81802 0.41682
vt 0.96046 0.37168
vt 0.97412 0.27264
vt 0.85273 0.26431
vt 0.97447 0.1872
vt 0.85324 0.19414
vt 0.94116 0.00547
vt 0.94515 0.01915
vt 0.82498 0.05343
vt 0.82093 0.04154
vt 0.96682 0.11648
vt 0.84613 0.13566
vt 0.97303 0.28687
vt 0.85168 0.27601
vt 0.95743 0.38569
vt 0.8367 0.3579
vt 0.94895 0.0329
vt 0.82877 0.06525
vt 0.97515 0.20142
vt 0.85385 0.20583
vt 0.97162 0.30108
vt 0.85037 0.28771
vt 0.95413 0.39965
vt 0.83349 0.36962
vt 0.95253 0.04671
vt 0.83231 0.07703
vt 0.97553 0.21566
vt 0.85418 0.21753
vt 0.96995 0.31527
vt 0.84877 0.2994
vt 0.95059 0.41356
vt 0.83 0.38138
vt 0.97562 0.2299
vt 0.85423 0.22923
vt 0.7582 0.33495
vt 0.70769 0.31677
vt 0.71059 0.30884
vt 0.77437 0.25768
vt 0.77513 0.24801
vt 0.77484 0.19961
vt 0.77396 0.18993
vt 0.74549 0.08334
vt 0.74106 0.07357
vt 0.76767 0.15123
vt 0.76538 0.14154
vt 0.77332 0.26734
vt 0.74958 0.09308
vt 0.77544 0.20929
vt 0.77201 0.277
vt 0.75488 0.34461
vt 0.75335 0.1028
vt 0.77578 0.21897
vt 0.77042 0.28668
vt 0.75126 0.35425
vt 0.76966 0.1609
vt 0.77584 0.22865
vt 0.7728 0.18025
vt 0.77137 0.17058
vt 0.7568 0.1125
vt 0.7473 0.36395
vt 0.76281 0.13186
vt 0.75996 0.12218
vt 0.76853 0.29633
vt 0.77562 0.23833
vt 0.76637 0.306
vt 0.74302 0.37365
vt 0.73842 0.38337
vt 0.72421 0.21197
vt 0.72452 0.22009
vt 0.66971 0.22157
vt 0.66941 0.21537
vt 0.69924 0.11584
vt 0.69533 0.10808
vt 0.72361 0.20386
vt 0.72094 0.26874
vt 0.72221 0.26065
vt 0.7045 0.32466
vt 0.70286 0.12367
vt 0.71942 0.27681
vt 0.70102 0.3325
vt 0.71858 0.1715
vt 0.71665 0.16345
vt 0.72459 0.22822
vt 0.72163 0.18765
vt 0.72024 0.17956
vt 0.70619 0.13155
vt 0.69727 0.34028
vt 0.71198 0.14743
vt 0.70923 0.13947
vt 0.71763 0.28485
vt 0.72439 0.23634
vt 0.71322 0.30087
vt 0.71557 0.29288
vt 0.6932 0.34799
vt 0.72276 0.19575
vt 0.72393 0.24445
vt 0.71446 0.15543
vt 0.68884 0.35562
vt 0.7232 0.25256
vt 0.69112 0.10042
vt 0.64898 0.3065
vt 0.64568 0.31224
vt 0.60678 0.28655
vt 0.60939 0.28266
vt 0.6652 0.26476
vt 0.66656 0.25864
vt 0.65204 0.30069
vt 0.6644 0.18458
vt 0.66268 0.17849
vt 0.66977 0.22777
vt 0.66711 0.19684
vt 0.66587 0.19069
vt 0.65338 0.15453
vt 0.65043 0.14866
vt 0.65852 0.16642
vt 0.65607 0.16045
vt 0.66361 0.27085
vt 0.6696 0.23396
vt 0.65971 0.28293
vt 0.66178 0.27691
vt 0.64212 0.31792
vt 0.66812 0.203
vt 0.66919 0.24015
vt 0.66072 0.17244
vt 0.63829 0.32353
vt 0.6574 0.2889
vt 0.66855 0.24633
vt 0.66888 0.20918
vt 0.64378 0.1371
vt 0.64006 0.13142
vt 0.66767 0.2525
vt 0.65484 0.29482
vt 0.64723 0.14285
vt 0.62595 0.23178
vt 0.62563 0.23619
vt 0.60113 0.23371
vt 0.6014 0.23043
vt 0.61689 0.18399
vt 0.61492 0.17986
vt 0.6211 0.25794
vt 0.62239 0.25365
vt 0.62609 0.22736
vt 0.61796 0.26641
vt 0.61962 0.2622
vt 0.62287 0.20102
vt 0.62166 0.1967
vt 0.60399 0.29035
vt 0.62471 0.20974
vt 0.62388 0.20536
vt 0.61275 0.17578
vt 0.61867 0.18818
vt 0.60101 0.29407
vt 0.6161 0.27056
vt 0.6251 0.24059
vt 0.62534 0.21413
vt 0.60514 0.16399
vt 0.60223 0.16022
vt 0.62026 0.19242
vt 0.62439 0.24497
vt 0.61405 0.27466
vt 0.60787 0.16784
vt 0.62578 0.21853
vt 0.62349 0.24932
vt 0.61182 0.2787
vt 0.6104 0.17177
vt 0.62603 0.22295
vt 0.58183 0.17765
vt 0.58419 0.18035
vt 0.56522 0.19734
vt 0.56332 0.19563
vt 0.59531 0.19805
vt 0.59384 0.19496
vt 0.59617 0.25301
vt 0.59739 0.24987
vt 0.58092 0.27626
vt 0.58333 0.2736
vt 0.59325 0.25918
vt 0.59479 0.25612
vt 0.6007 0.23698
vt 0.60088 0.21729
vt 0.60035 0.21402
vt 0.59664 0.20118
vt 0.60011 0.24024
vt 0.59157 0.26218
vt 0.58641 0.18314
vt 0.60124 0.22057
vt 0.59936 0.24348
vt 0.58973 0.26514
vt 0.58849 0.186
vt 0.60145 0.22385
vt 0.59845 0.24669
vt 0.58774 0.26803
vt 0.5978 0.20434
vt 0.6015 0.22714
vt 0.59966 0.21077
vt 0.59881 0.20754
vt 0.59042 0.18893
vt 0.58561 0.27085
vt 0.59221 0.19192
vt 0.57794 0.23532
vt 0.57736 0.23737
vt 0.56806 0.2342
vt 0.56853 0.23276
vt 0.57515 0.21042
vt 0.5741 0.20845
vt 0.5784 0.23324
vt 0.57125 0.24913
vt 0.57258 0.24725
vt 0.56701 0.19911
vt 0.5788 0.22274
vt 0.57851 0.22065
vt 0.5698 0.25096
vt 0.56867 0.2009
vt 0.57898 0.22485
vt 0.57665 0.23941
vt 0.56823 0.25276
vt 0.57607 0.21243
vt 0.57902 0.22695
vt 0.57754 0.2165
vt 0.57686 0.21445
vt 0.57021 0.20273
vt 0.56654 0.25451
vt 0.57293 0.20651
vt 0.57163 0.2046
vt 0.57582 0.24141
vt 0.57894 0.22906
vt 0.57379 0.24534
vt 0.57486 0.24339
vt 0.56473 0.25622
vt 0.57808 0.21857
vt 0.57873 0.23116
vt 0.56279 0.2579
vt 0.5662 0.21533
vt 0.56697 0.21671
vt 0.56225 0.21931
vt 0.56163 0.21832
vt 0.5618 0.24339
vt 0.56303 0.24219
vt 0.56067 0.20902
vt 0.55919 0.2079
vt 0.56934 0.2254
vt 0.56921 0.22392
vt 0.56749 0.23561
vt 0.56044 0.24453
vt 0.56938 0.22688
vt 0.56818 0.21954
vt 0.56762 0.21811
vt 0.56203 0.2102
vt 0.55895 0.24562
vt 0.56435 0.21269
vt 0.56325 0.21142
vt 0.56682 0.237
vt 0.56931 0.22836
vt 0.56515 0.23967
vt 0.56603 0.23835
vt 0.55732 0.24665
vt 0.56862 0.22098
vt 0.56915 0.22984
vt 0.56533 0.21399
vt 0.55556 0.24762
vt 0.56415 0.24096
vt 0.56889 0.2313
vt 0.56897 0.22244
vt 0.55756 0.20682
vt 0.55579 0.2058
vt 0.56081 0.23625
vt 0.56002 0.23713
vt 0.5571 0.23407
vt 0.55766 0.2335
vt 0.56422 0.22684
vt 0.56418 0.22573
vt 0.56323 0.22137
vt 0.56278 0.22032
vt 0.55826 0.21486
vt 0.55718 0.21415
vt 0.55587 0.23999
vt 0.55706 0.23939
vt 0.56013 0.21648
vt 0.55924 0.21564
vt 0.56215 0.23435
vt 0.56269 0.23335
vt 0.56417 0.22795
vt 0.56152 0.23532
vt 0.55456 0.24049
vt 0.56359 0.22244
vt 0.56404 0.22906
vt 0.56092 0.21738
vt 0.55311 0.24087
vt 0.56383 0.23016
vt 0.56387 0.22352
vt 0.55466 0.213
vt 0.5532 0.21258
vt 0.56353 0.23124
vt 0.55913 0.23795
vt 0.55597 0.21353
vt 0.56407 0.22462
vt 0.56315 0.23231
vt 0.55815 0.23871
vt 0.0095 0.00467
vt 0.00998 0.00515
vt 0.01035 0.00571
vt 0.01061 0.00633
vt 0.01074 0.00699
vt 0.01074 0.00766
vt 0.01061 0.00832
vt 0.01035 0.00894
vt 0.00998 0.0095
vt 0.0095 0.00998
vt 0.00894 0.01035
vt 0.00832 0.01061
vt 0.00766 0.01074
vt 0.00699 0.01074
vt 0.00633 0.01061
vt 0.00571 0.01035
vt 0.00515 0.00998
vt 0.00467 0.0095
vt 0.0043 0.00894
vt 0.00404 0.00832
vt 0.00391 0.00766
vt 0.00391 0.00699
vt 0.00404 0.00633
vt 0.0043 0.00571
vt 0.00467 0.00515
vt 0.00515 0.00467
vt 0.00571 0.0043
vt 0.00633 0.00404
vt 0.00699 0.00391
vt 0.00766 0.00391
vt 0.00832 0.00404
vt 0.00894 0.0043
vt 0.55973 0.22918
vt 0.55991 0.22839
vt 0.55982 0.22443
vt 0.5596 0.22365
vt 0.5536 0.21755
vt 0.55277 0.21742
vt 0.55818 0.22078
vt 0.55768 0.22015
vt 0.55954 0.22997
vt 0.55649 0.23458
vt 0.55439 0.21778
vt 0.55999 0.22521
vt 0.55928 0.23074
vt 0.55583 0.23504
vt 0.55515 0.21813
vt 0.56009 0.226
vt 0.55894 0.23146
vt 0.55513 0.23545
vt 0.55863 0.22145
vt 0.56009 0.22679
vt 0.55932 0.2229
vt 0.55902 0.22215
vt 0.55586 0.21853
vt 0.55438 0.23578
vt 0.55711 0.21956
vt 0.55652 0.219
vt 0.55857 0.23218
vt 0.56003 0.22759
vt 0.55814 0.23286
vt 0.55359 0.23601
vt 0.55277 0.23614
usemtl mat0
f 1/1/1 2/2/2 3/3/3
f 1/1/1 3/3/3 4/4/4
f 5/5/5 6/6/6 7/7/7
f 5/5/5 7/7/7 8/8/8
f 9/9/9 10/10/10 11/11/11
f 9/9/9 11/11/11 12/12/12
f 13/13/13 14/14/14 15/15/15
f 13/13/13 15/15/15 16/16/16
f 2/2/2 17/17/17 18/18/18
f 2/2/2 18/18/18 3/3/3
f 10/10/10 19/19/19 20/20/20
f 10/10/10 20/20/20 11/11/11
f 17/17/17 21/21/21 5/5/5
f 17/17/17 5/5/5 18/18/18
f 19/19/19 22/22/22 23/23/23
f 19/19/19 23/23/23 20/20/20
f 21/21/21 24/24/24 6/6/6
f 21/21/21 6/6/6 5/5/5
f 22/22/22 25/25/25 26/26/26
f 22/22/22 26/26/26 23/23/23
f 24/24/24 27/27/27 28/28/28
f 24/24/24 28/28/28 6/6/6
f 25/25/25 29/29/29 30/30/30
f 25/25/25 30/30/30 26/26/26
f 27/27/27 31/31/31 32/32/32
f 27/27/27 32/32/32 28/28/28
f 29/29/29 33/33/33 34/34/34
f 29/29/29 34/34/34 30/30/30
f 31/31/31 35/35/35 36/36/36
f 31/31/31 36/36/36 32/32/32
f 33/33/33 37/37/37 38/38/38
f 33/33/33 38/38/38 34/34/34
f 39/39/35 40/40/39 41/41/40
f 39/39/35 41/41/40 42/42/36
f 37/37/37 43/43/41 44/44/42
f 37/37/37 44/44/42 38/38/38
f 40/40/39 45/45/43 46/46/44
f 40/40/39 46/46/44 41/41/40
f 43/43/41 47/47/45 48/48/46
f 43/43/41 48/48/46 44/44/42
f 45/45/43 49/49/47 50/50/48
f 45/45/43 50/50/48 46/46/44
f 47/47/45 51/51/49 52/52/50
f 47/47/45 52/52/50 48/48/46
f 14/14/14 53/53/51 54/54/52
f 14/14/14 54/54/52 15/15/15
f 49/49/47 55/55/53 56/56/54
f 49/49/47 56/56/54 50/50/48
f 51/51/49 57/57/55 58/58/56
f 51/51/49 58/58/56 52/52/50
f 53/53/51 59/59/57 60/60/58
f 53/53/51 60/60/58 54/54/52
f 55/55/53 61/61/59 62/62/60
f 55/55/53 62/62/60 56/56/54
f 57/57/55 63/63/61 64/64/62
f 57/57/55 64/64/62 58/58/56
f 59/59/57 65/65/63 66/66/64
f 59/59/57 66/66/64 60/60/58
f 61/61/59 67/67/65 68/68/66
f 61/61/59 68/68/66 62/62/60
f 63/63/61 1/1/1 4/4/4
f 63/63/61 4/4/4 64/64/62
f 65/65/63 9/9/9 12/12/12
f 65/65/63 12/12/12 66/66/64
f 67/67/65 13/13/13 16/16/16
f 67/67/65 16/16/16 68/68/66
f 69/69/67 70/70/68 71/71/69
f 69/69/67 71/71/69 72/72/70
f 23/23/23 26/26/26 73/73/71
f 23/23/23 73/73/71 74/74/72
f 6/6/6 28/28/28 75/75/73
f 6/6/6 75/75/73 7/7/7
f 26/26/26 30/30/30 76/76/74
f 26/26/26 76/76/74 73/73/71
f 28/28/28 32/32/32 69/69/67
f 28/28/28 69/69/67 75/75/73
f 30/30/30 34/34/34 77/77/75
f 30/30/30 77/77/75 76/76/74
f 32/32/32 36/36/36 70/70/68
f 32/32/32 70/70/68 69/69/67
f 34/34/34 38/38/38 78/78/76
f 34/34/34 78/78/76 77/77/75
f 42/42/36 41/41/40 79/79/77
f 42/42/36 79/79/77 80/80/68
f 38/38/38 44/44/42 81/81/78
f 38/38/38 81/81/78 78/78/76
f 41/41/40 46/46/44 82/82/79
f 41/41/40 82/82/79 79/79/77
f 44/44/42 48/48/46 83/83/80
f 44/44/42 83/83/80 81/81/78
f 46/46/44 50/50/48 84/84/81
f 46/46/44 84/84/81 82/82/79
f 48/48/46 52/52/50 85/85/82
f 48/48/46 85/85/82 83/83/80
f 15/15/15 54/54/52 86/86/83
f 15/15/15 86/86/83 87/87/84
f 50/50/48 56/56/54 88/88/85
f 50/50/48 88/88/85 84/84/81
f 52/52/50 58/58/56 89/89/86
f 52/52/50 89/89/86 85/85/82
f 54/54/52 60/60/58 90/90/87
f 54/54/52 90/90/87 86/86/83
f 56/56/54 62/62/60 91/91/88
f 56/56/54 91/91/88 88/88/85
f 58/58/56 64/64/62 92/92/89
f 58/58/56 92/92/89 89/89/86
f 60/60/58 66/66/64 93/93/90
f 60/60/58 93/93/90 90/90/87
f 62/62/60 68/68/66 94/94/91
f 62/62/60 94/94/91 91/91/88
f 64/64/62 4/4/4 95/95/92
f 64/64/62 95/95/92 92/92/89
f 66/66/64 12/12/12 96/96/93
f 66/66/64 96/96/93 93/93/90
f 68/68/66 16/16/16 97/97/94
f 68/68/66 97/97/94 94/94/91
f 4/4/4 3/3/3 98/98/95
f 4/4/4 98/98/95 95/95/92
f 12/12/12 11/11/11 99/99/96
f 12/12/12 99/99/96 96/96/93
f 16/16/16 15/15/15 87/87/84
f 16/16/16 87/87/84 97/97/94
f 3/3/3 18/18/18 100/100/97
f 3/3/3 100/100/97 98/98/95
f 11/11/11 20/20/20 101/101/98
f 11/11/11 101/101/98 99/99/96
f 18/18/18 5/5/5 8/8/8
f 18/18/18 8/8/8 100/100/97
f 20/20/20 23/23/23 74/74/72
f 20/20/20 74/74/72 101/101/98
f 102/102/99 103/103/100 104/104/101
f 102/102/99 104/104/101 105/105/102
f 77/77/75 78/78/76 106/106/103
f 77/77/75 106/106/103 107/107/104
f 80/80/68 79/79/77 108/108/105
f 80/80/68 108/108/105 109/109/69
f 78/78/76 81/81/78 110/110/106
f 78/78/76 110/110/106 106/106/103
f 79/79/77 82/82/79 102/102/99
f 79/79/77 102/102/99 108/108/105
f 81/81/78 83/83/80 111/111/107
f 81/81/78 111/111/107 110/110/106
f 82/82/79 84/84/81 103/103/100
f 82/82/79 103/103/100 102/102/99
f 83/83/80 85/85/82 112/112/108
f 83/83/80 112/112/108 111/111/107
f 87/87/84 86/86/83 113/113/109
f 87/87/84 113/113/109 114/114/110
f 84/84/81 88/88/85 115/115/111
f 84/84/81 115/115/111 103/103/100
f 85/85/82 89/89/86 116/116/112
f 85/85/82 116/116/112 112/112/108
f 86/86/83 90/90/87 117/117/113
f 86/86/83 117/117/113 113/113/109
f 88/88/85 91/91/88 118/118/114
f 88/88/85 118/118/114 115/115/111
f 89/89/86 92/92/89 119/119/115
f 89/89/86 119/119/115 116/116/112
f 90/90/87 93/93/90 120/120/116
f 90/90/87 120/120/116 117/117/113
f 91/91/88 94/94/91 121/121/117
f 91/91/88 121/121/117 118/118/114
f 92/92/89 95/95/92 122/122/118
f 92/92/89 122/122/118 119/119/115
f 93/93/90 96/96/93 123/123/119
f 93/93/90 123/123/119 120/120/116
f 94/94/91 97/97/94 124/124/120
f 94/94/91 124/124/120 121/121/117
f 95/95/92 98/98/95 125/125/121
f 95/95/92 125/125/121 122/122/118
f 96/96/93 99/99/96 126/126/122
f 96/96/93 126/126/122 123/123/119
f 97/97/94 87/87/84 114/114/110
f 97/97/94 114/114/110 124/124/120
f 98/98/95 100/100/97 127/127/123
f 98/98/95 127/127/123 125/125/121
f 99/99/96 101/101/98 128/128/124
f 99/99/96 128/128/124 126/126/122
f 100/100/97 8/8/8 129/129/125
f 100/100/97 129/129/125 127/127/123
f 101/101/98 74/74/72 130/130/126
f 101/101/98 130/130/126 128/128/124
f 8/8/8 7/7/7 131/131/127
f 8/8/8 131/131/127 129/129/125
f 74/74/72 73/73/71 132/132/128
f 74/74/72 132/132/128 130/130/126
f 7/7/7 75/75/73 133/133/129
f 7/7/7 133/133/129 131/131/127
f 73/73/71 76/76/74 134/134/130
f 73/73/71 134/134/130 132/132/128
f 75/75/73 69/69/67 72/72/70
f 75/75/73 72/72/70 133/133/129
f 76/76/74 77/77/75 107/107/104
f 76/76/74 107/107/104 134/134/130
f 135/135/131 136/136/132 137/137/133
f 135/135/131 137/137/133 138/138/134
f 111/111/107 112/112/108 139/139/135
f 111/111/107 139/139/135 140/140/136
f 114/114/110 113/113/109 141/141/137
f 114/114/110 141/141/137 142/142/138
f 103/103/100 115/115/111 143/143/139
f 103/103/100 143/143/139 104/104/101
f 112/112/108 116/116/112 144/144/140
f 112/112/108 144/144/140 139/139/135
f 113/113/109 117/117/113 135/135/131
f 113/113/109 135/135/131 141/141/137
f 115/115/111 118/118/114 145/145/141
f 115/115/111 145/145/141 143/143/139
f 116/116/112 119/119/115 146/146/142
f 116/116/112 146/146/142 144/144/140
f 117/117/113 120/120/116 136/136/132
f 117/117/113 136/136/132 135/135/131
f 118/118/114 121/121/117 147/147/143
f 118/118/114 147/147/143 145/145/141
f 119/119/115 122/122/118 148/148/144
f 119/119/115 148/148/144 146/146/142
f 120/120/116 123/123/119 149/149/145
f 120/120/116 149/149/145 136/136/132
f 121/121/117 124/124/120 150/150/146
f 121/121/117 150/150/146 147/147/143
f 122/122/118 125/125/121 151/151/147
f 122/122/118 151/151/147 148/148/144
f 123/123/119 126/126/122 152/152/148
f 123/123/119 152/152/148 149/149/145
f 124/124/120 114/114/110 142/142/138
f 124/124/120 142/142/138 150/150/146
f 125/125/121 127/127/123 153/153/149
f 125/125/121 153/153/149 151/151/147
f 126/126/122 128/128/124 154/154/150
f 126/126/122 154/154/150 152/152/148
f 127/127/123 129/129/125 155/155/151
f 127/127/123 155/155/151 153/153/149
f 128/128/124 130/130/126 156/156/152
f 128/128/124 156/156/152 154/154/150
f 129/129/125 131/131/127 157/157/153
f 129/129/125 157/157/153 155/155/151
f 130/130/126 132/132/128 158/158/154
f 130/130/126 158/158/154 156/156/152
f 131/131/127 133/133/129 159/159/155
f 131/131/127 159/159/155 157/157/153
f 132/132/128 134/134/130 160/160/156
f 132/132/128 160/160/156 158/158/154
f 133/133/129 72/72/70 161/161/157
f 133/133/129 161/161/157 159/159/155
f 134/134/130 107/107/104 162/162/158
f 134/134/130 162/162/158 160/160/156
f 72/72/70 71/71/69 163/163/159
f 72/72/70 163/163/159 161/161/157
f 107/107/104 106/106/103 164/164/160
f 107/107/104 164/164/160 162/162/158
f 109/109/69 108/108/105 165/165/161
f 109/109/69 165/165/161 166/166/159
f 106/106/103 110/110/106 167/167/162
f 106/106/103 167/167/162 164/164/160
f 108/108/105 102/102/99 105/105/102
f 108/108/105 105/105/102 165/165/161
f 110/110/106 111/111/107 140/140/136
f 110/110/106 140/140/136 167/167/162
f 145/145/141 147/147/143 168/168/163
f 145/145/141 168/168/163 169/169/164
f 146/146/142 148/148/144 170/170/165
f 146/146/142 170/170/165 171/171/166
f 136/136/132 149/149/145 172/172/167
f 136/136/132 172/172/167 137/137/133
f 147/147/143 150/150/146 173/173/168
f 147/147/143 173/173/168 168/168/163
f 148/148/144 151/151/147 174/174/169
f 148/148/144 174/174/169 170/170/165
f 149/149/145 152/152/148 175/175/170
f 149/149/145 175/175/170 172/172/167
f 150/150/146 142/142/138 176/176/171
f 150/150/146 176/176/171 173/173/168
f 151/151/147 153/153/149 177/177/172
f 151/151/147 177/177/172 174/174/169
f 152/152/148 154/154/150 178/178/173
f 152/152/148 178/178/173 175/175/170
f 153/153/149 155/155/151 179/179/174
f 153/153/149 179/179/174 177/177/172
f 154/154/150 156/156/152 180/180/175
f 154/154/150 180/180/175 178/178/173
f 155/155/151 157/157/153 181/181/176
f 155/155/151 181/181/176 179/179/174
f 156/156/152 158/158/154 182/182/177
f 156/156/152 182/182/177 180/180/175
f 157/157/153 159/159/155 183/183/178
f 157/157/153 183/183/178 181/181/176
f 158/158/154 160/160/156 184/184/179
f 158/158/154 184/184/179 182/182/177
f 159/159/155 161/161/157 185/185/180
f 159/159/155 185/185/180 183/183/178
f 160/160/156 162/162/158 186/186/181
f 160/160/156 186/186/181 184/184/179
f 161/161/157 163/163/159 187/187/182
f 161/161/157 187/187/182 185/185/180
f 162/162/158 164/164/160 188/188/183
f 162/162/158 188/188/183 186/186/181
f 166/166/159 165/165/161 189/189/184
f 166/166/159 189/189/184 190/190/182
f 164/164/160 167/167/162 191/191/185
f 164/164/160 191/191/185 188/188/183
f 165/165/161 105/105/102 192/192/186
f 165/165/161 192/192/186 189/189/184
f 167/167/162 140/140/136 193/193/187
f 167/167/162 193/193/187 191/191/185
f 105/105/102 104/104/101 194/194/188
f 105/105/102 194/194/188 192/192/186
f 140/140/136 139/139/135 195/195/189
f 140/140/136 195/195/189 193/193/187
f 142/142/138 141/141/137 196/196/190
f 142/142/138 196/196/190 176/176/171
f 104/104/101 143/143/139 197/197/191
f 104/104/101 197/197/191 194/194/188
f 139/139/135 144/144/140 198/198/192
f 139/139/135 198/198/192 195/195/189
f 141/141/137 135/135/131 138/138/134
f 141/141/137 138/138/134 196/196/190
f 143/143/139 145/145/141 169/169/164
f 143/143/139 169/169/164 197/197/191
f 144/144/140 146/146/142 171/171/166
f 144/144/140 171/171/166 198/198/192
f 199/199/193 200/200/194 201/201/195
f 199/199/193 201/201/195 202/202/196
f 200/200/194 203/203/197 204/204/198
f 200/200/194 204/204/198 201/201/195
f 203/203/197 205/205/199 206/206/200
f 203/203/197 206/206/200 204/204/198
f 205/205/199 207/207/201 208/208/202
f 205/205/199 208/208/202 206/206/200
f 207/207/201 209/209/203 210/210/204
f 207/207/201 210/210/204 208/208/202
f 209/209/203 211/211/205 212/212/206
f 209/209/203 212/212/206 210/210/204
f 211/211/205 213/213/207 214/214/208
f 211/211/205 214/214/208 212/212/206
f 213/213/207 215/215/209 216/216/210
f 213/213/207 216/216/210 214/214/208
f 215/215/209 217/217/211 218/218/212
f 215/215/209 218/218/212 216/216/210
f 217/217/211 219/219/213 220/220/214
f 217/217/211 220/220/214 218/218/212
f 219/219/213 221/221/215 222/222/216
f 219/219/213 222/222/216 220/220/214
f 221/221/215 223/223/217 224/224/218
f 221/221/215 224/224/218 222/222/216
f 223/223/217 225/225/219 226/226/220
f 223/223/217 226/226/220 224/224/218
f 225/225/219 227/227/221 228/228/222
f 225/225/219 228/228/222 226/226/220
f 227/227/221 229/229/223 230/230/224
f 227/227/221 230/230/224 228/228/222
f 229/229/223 231/231/225 232/232/226
f 229/229/223 232/232/226 230/230/224
f 231/231/225 233/233/227 234/234/228
f 231/231/225 234/234/228 232/232/226
f 233/233/227 235/235/229 236/236/230
f 233/233/227 236/236/230 234/234/228
f 235/235/229 237/237/231 238/238/232
f 235/235/229 238/238/232 236/236/230
f 237/237/231 239/239/233 240/240/234
f 237/237/231 240/240/234 238/238/232
f 239/239/233 241/241/235 242/242/236
f 239/239/233 242/242/236 240/240/234
f 241/241/235 243/243/237 244/244/238
f 241/241/235 244/244/238 242/242/236
f 243/243/237 245/245/239 246/246/240
f 243/243/237 246/246/240 244/244/238
f 245/245/239 247/247/241 248/248/242
f 245/245/239 248/248/242 246/246/240
f 249/249/241 250/250/243 251/251/244
f 249/249/241 251/251/244 252/252/242
f 250/250/243 253/253/245 254/254/246
f 250/250/243 254/254/246 251/251/244
f 253/253/245 255/255/247 256/256/248
f 253/253/245 256/256/248 254/254/246
f 255/255/247 257/257/249 258/258/250
f 255/255/247 258/258/250 256/256/248
f 257/257/249 259/259/251 260/260/252
f 257/257/249 260/260/252 258/258/250
f 259/259/251 261/261/253 262/262/254
f 259/259/251 262/262/254 260/260/252
f 261/261/253 263/263/255 264/264/256
f 261/261/253 264/264/256 262/262/254
f 263/263/255 199/199/193 202/202/196
f 263/263/255 202/202/196 264/264/256
f 265/265/257 266/266/258 267/267/259
f 268/268/260 269/269/261 266/266/258
f 268/268/260 266/266/258 265/265/257
f 270/270/262 271/271/263 269/269/261
f 270/270/262 269/269/261 268/268/260
f 272/272/264 273/273/265 271/271/263
f 272/272/264 271/271/263 270/270/262
f 274/274/266 275/275/267 273/273/265
f 274/274/266 273/273/265 272/272/264
f 276/276/268 277/277/269 275/275/267
f 276/276/268 275/275/267 274/274/266
f 277/277/269 278/278/270 279/279/271
f 277/277/269 279/279/271 275/275/267
f 266/266/258 280/280/272 267/267/259
f 269/269/261 281/281/273 280/280/272
f 269/269/261 280/280/272 266/266/258
f 271/271/263 282/282/274 281/281/273
f 271/271/263 281/281/273 269/269/261
f 273/273/265 283/283/275 282/282/274
f 273/273/265 282/282/274 271/271/263
f 275/275/267 279/279/271 283/283/275
f 275/275/267 283/283/275 273/273/265
f 281/281/273 284/284/276 285/285/277
f 281/281/273 285/285/277 280/280/272
f 282/282/274 286/286/278 284/284/276
f 282/282/274 284/284/276 281/281/273
f 283/283/275 287/287/279 286/286/278
f 283/283/275 286/286/278 282/282/274
f 279/279/271 288/288/280 287/287/279
f 279/279/271 287/287/279 283/283/275
f 278/278/270 289/289/281 288/288/280
f 278/278/270 288/288/280 279/279/271
f 280/280/272 285/285/277 267/267/259
f 285/285/277 290/290/282 267/267/259
f 284/284/276 291/291/283 290/290/282
f 284/284/276 290/290/282 285/285/277
f 286/286/278 292/292/284 291/291/283
f 286/286/278 291/291/283 284/284/276
f 287/287/279 293/293/285 292/292/284
f 287/287/279 292/292/284 286/286/278
f 288/288/280 294/294/286 293/293/285
f 288/288/280 293/293/285 287/287/279
f 289/289/281 295/295/287 294/294/286
f 289/289/281 294/294/286 288/288/280
f 294/294/286 296/296/288 297/297/289
f 294/294/286 297/297/289 293/293/285
f 295/295/287 298/298/290 296/296/288
f 295/295/287 296/296/288 294/294/286
f 290/290/282 299/299/291 267/267/259
f 291/291/283 300/300/292 299/299/291
f 291/291/283 299/299/291 290/290/282
f 292/292/284 301/301/293 300/300/292
f 292/292/284 300/300/292 291/291/283
f 293/293/285 297/297/289 301/301/293
f 293/293/285 301/301/293 292/292/284
f 300/300/292 302/302/294 303/303/295
f 300/300/292 303/303/295 299/299/291
f 301/301/293 304/304/296 302/302/294
f 301/301/293 302/302/294 300/300/292
f 297/297/289 305/305/297 304/304/296
f 297/297/289 304/304/296 301/301/293
f 296/296/288 306/306/298 305/305/297
f 296/296/288 305/305/297 297/297/289
f 298/298/290 307/307/299 306/306/298
f 298/298/290 306/306/298 296/296/288
f 299/299/291 303/303/295 267/267/259
f 307/307/299 308/308/300 309/309/301
f 307/307/299 309/309/301 306/306/298
f 303/303/295 310/310/302 267/267/259
f 302/302/294 311/311/303 310/310/302
f 302/302/294 310/310/302 303/303/295
f 304/304/296 312/312/304 311/311/303
f 304/304/296 311/311/303 302/302/294
f 305/305/297 313/313/305 312/312/304
f 305/305/297 312/312/304 304/304/296
f 306/306/298 309/309/301 313/313/305
f 306/306/298 313/313/305 305/305/297
f 312/312/304 314/314/306 315/315/307
f 312/312/304 315/315/307 311/311/303
f 313/313/305 316/316/308 314/314/306
f 313/313/305 314/314/306 312/312/304
f 309/309/301 317/317/309 316/316/308
f 309/309/301 316/316/308 313/313/305
f 308/308/300 318/318/310 317/317/309
f 308/308/300 317/317/309 309/309/301
f 310/310/302 319/319/311 267/267/259
f 311/311/303 315/315/307 319/319/311
f 311/311/303 319/319/311 310/310/302
f 319/319/311 320/320/312 267/267/259
f 315/315/307 321/321/313 320/320/312
f 315/315/307 320/320/312 319/319/311
f 314/314/306 322/322/314 321/321/313
f 314/314/306 321/321/313 315/315/307
f 316/316/308 323/323/315 322/322/314
f 316/316/308 322/322/314 314/314/306
f 317/317/309 324/324/316 323/323/315
f 317/317/309 323/323/315 316/316/308
f 318/318/310 325/325/317 324/324/316
f 318/318/310 324/324/316 317/317/309
f 322/322/314 326/326/318 327/327/319
f 322/322/314 327/327/319 321/321/313
f 323/323/315 328/328/320 326/326/318
f 323/323/315 326/326/318 322/322/314
f 324/324/316 329/329/321 328/328/320
f 324/324/316 328/328/320 323/323/315
f 325/325/317 330/330/322 329/329/321
f 325/325/317 329/329/321 324/324/316
f 320/320/312 331/331/323 267/267/259
f 321/321/313 327/327/319 331/331/323
f 321/321/313 331/331/323 320/320/312
f 331/331/323 332/332/324 267/267/259
f 327/327/319 333/333/325 332/332/324
f 327/327/319 332/332/324 331/331/323
f 326/326/318 334/334/326 333/333/325
f 326/326/318 333/333/325 327/327/319
f 328/328/320 335/335/327 334/334/326
f 328/328/320 334/334/326 326/326/318
f 329/329/321 336/336/328 335/335/327
f 329/329/321 335/335/327 328/328/320
f 330/330/322 337/337/329 336/336/328
f 330/330/322 336/336/328 329/329/321
f 335/335/327 338/338/330 339/339/331
f 335/335/327 339/339/331 334/334/326
f 336/336/328 340/340/332 338/338/330
f 336/336/328 338/338/330 335/335/327
f 337/337/329 341/341/333 340/340/332
f 337/337/329 340/340/332 336/336/328
f 332/332/324 342/342/334 267/267/259
f 333/333/325 343/343/335 342/342/334
f 333/333/325 342/342/334 332/332/324
f 334/334/326 339/339/331 343/343/335
f 334/334/326 343/343/335 333/333/325
f 342/342/334 344/344/336 267/267/259
f 343/343/335 345/345/337 344/344/336
f 343/343/335 344/344/336 342/342/334
f 339/339/331 346/346/338 345/345/337
f 339/339/331 345/345/337 343/343/335
f 338/338/330 347/347/339 346/346/338
f 338/338/330 346/346/338 339/339/331
f 340/340/332 348/348/340 347/347/339
f 340/340/332 347/347/339 338/338/330
f 341/341/333 349/349/341 348/348/340
f 341/341/333 348/348/340 340/340/332
f 347/347/339 350/350/342 351/351/343
f 347/347/339 351/351/343 346/346/338
f 348/348/340 352/352/344 350/350/342
f 348/348/340 350/350/342 347/347/339
f 349/349/341 353/353/345 352/352/344
f 349/349/341 352/352/344 348/348/340
f 344/344/336 354/354/346 267/267/259
f 345/345/337 355/355/347 354/354/346
f 345/345/337 354/354/346 344/344/336
f 346/346/338 351/351/343 355/355/347
f 346/346/338 355/355/347 345/345/337
f 354/354/346 356/356/348 267/267/259
f 355/355/347 357/357/349 356/356/348
f 355/355/347 356/356/348 354/354/346
f 351/351/343 358/358/350 357/357/349
f 351/351/343 357/357/349 355/355/347
f 350/350/342 359/359/351 358/358/350
f 350/350/342 358/358/350 351/351/343
f 352/352/344 360/360/352 359/359/351
f 352/352/344 359/359/351 350/350/342
f 353/353/345 361/361/353 360/360/352
f 353/353/345 360/360/352 352/352/344
f 360/360/352 362/362/354 363/363/355
f 360/360/352 363/363/355 359/359/351
f 361/361/353 364/364/356 362/362/354
f 361/361/353 362/362/354 360/360/352
f 356/356/348 365/365/357 267/267/259
f 357/357/349 366/366/358 365/365/357
f 357/357/349 365/365/357 356/356/348
f 358/358/350 367/367/359 366/366/358
f 358/358/350 366/366/358 357/357/349
f 359/359/351 363/363/355 367/367/359
f 359/359/351 367/367/359 358/358/350
f 366/366/358 368/368/360 369/369/361
f 366/366/358 369/369/361 365/365/357
f 367/367/359 370/370/362 368/368/360
f 367/367/359 368/368/360 366/366/358
f 363/363/355 371/371/363 370/370/362
f 363/363/355 370/370/362 367/367/359
f 362/362/354 372/372/364 371/371/363
f 362/362/354 371/371/363 363/363/355
f 364/364/356 373/373/365 372/372/364
f 364/364/356 372/372/364 362/362/354
f 365/365/357 369/369/361 267/267/259
f 373/373/365 374/374/366 375/375/367
f 373/373/365 375/375/367 372/372/364
f 369/369/361 376/376/368 267/267/259
f 368/368/360 377/377/369 376/376/368
f 368/368/360 376/376/368 369/369/361
f 370/370/362 378/378/370 377/377/369
f 370/370/362 377/377/369 368/368/360
f 371/371/363 379/379/371 378/378/370
f 371/371/363 378/378/370 370/370/362
f 372/372/364 375/375/367 379/379/371
f 372/372/364 379/379/371 371/371/363
f 377/377/369 380/380/372 381/381/373
f 377/377/369 381/381/373 376/376/368
f 378/378/370 382/382/374 380/380/372
f 378/378/370 380/380/372 377/377/369
f 379/379/371 383/383/375 382/382/374
f 379/379/371 382/382/374 378/378/370
f 375/375/367 384/384/376 383/383/375
f 375/375/367 383/383/375 379/379/371
f 374/374/366 385/385/377 384/384/376
f 374/374/366 384/384/376 375/375/367
f 376/376/368 381/381/373 267/267/259
f 385/385/377 386/386/378 387/387/379
f 385/385/377 387/387/379 384/384/376
f 381/381/373 388/388/380 267/267/259
f 380/380/372 389/389/381 388/388/380
f 380/380/372 388/388/380 381/381/373
f 382/382/374 390/390/382 389/389/381
f 382/382/374 389/389/381 380/380/372
f 383/383/375 391/391/383 390/390/382
f 383/383/375 390/390/382 382/382/374
f 384/384/376 387/387/379 391/391/383
f 384/384/376 391/391/383 383/383/375
f 390/390/382 392/392/384 393/393/385
f 390/390/382 393/393/385 389/389/381
f 391/391/383 394/394/386 392/392/384
f 391/391/383 392/392/384 390/390/382
f 387/387/379 395/395/387 394/394/386
f 387/387/379 394/394/386 391/391/383
f 386/386/378 396/396/388 395/395/387
f 386/386/378 395/395/387 387/387/379
f 388/388/380 397/397/389 267/267/259
f 389/389/381 393/393/385 397/397/389
f 389/389/381 397/397/389 388/388/380
f 397/397/389 398/398/390 267/267/259
f 393/393/385 399/399/391 398/398/390
f 393/393/385 398/398/390 397/397/389
f 392/392/384 400/400/392 399/399/391
f 392/392/384 399/399/391 393/393/385
f 394/394/386 401/401/393 400/400/392
f 394/394/386 400/400/392 392/392/384
f 395/395/387 402/402/394 401/401/393
f 395/395/387 401/401/393 394/394/386
f 396/396/388 403/403/395 402/402/394
f 396/396/388 402/402/394 395/395/387
f 400/400/392 404/404/396 405/405/397
f 400/400/392 405/405/397 399/399/391
f 401/401/393 406/406/398 404/404/396
f 401/401/393 404/404/396 400/400/392
f 402/402/394 407/407/399 406/406/398
f 402/402/394 406/406/398 401/401/393
f 403/403/395 408/408/400 407/407/399
f 403/403/395 407/407/399 402/402/394
f 398/398/390 409/409/401 267/267/259
f 399/399/391 405/405/397 409/409/401
f 399/399/391 409/409/401 398/398/390
f 409/409/401 410/410/402 267/267/259
f 405/405/397 411/411/403 410/410/402
f 405/405/397 410/410/402 409/409/401
f 404/404/396 412/412/404 411/411/403
f 404/404/396 411/411/403 405/405/397
f 406/406/398 413/413/405 412/412/404
f 406/406/398 412/412/404 404/404/396
f 407/407/399 414/414/406 413/413/405
f 407/407/399 413/413/405 406/406/398
f 408/408/400 415/415/407 414/414/406
f 408/408/400 414/414/406 407/407/399
f 413/413/405 416/416/408 417/417/409
f 413/413/405 417/417/409 412/412/404
f 414/414/406 418/418/410 416/416/408
f 414/414/406 416/416/408 413/413/405
f 415/415/407 419/419/411 418/418/410
f 415/415/407 418/418/410 414/414/406
f 410/410/402 420/420/412 267/267/259
f 411/411/403 421/421/413 420/420/412
f 411/411/403 420/420/412 410/410/402
f 412/412/404 417/417/409 421/421/413
f 412/412/404 421/421/413 411/411/403
f 420/420/412 422/422/414 267/267/259
f 421/421/413 423/423/415 422/422/414
f 421/421/413 422/422/414 420/420/412
f 417/417/409 424/424/416 423/423/415
f 417/417/409 423/423/415 421/421/413
f 416/416/408 425/425/417 424/424/416
f 416/416/408 424/424/416 417/417/409
f 418/418/410 426/426/418 425/425/417
f 418/418/410 425/425/417 416/416/408
f 419/419/411 427/427/419 426/426/418
f 419/419/411 426/426/418 418/418/410
f 426/426/418 428/428/420 429/429/421
f 426/426/418 429/429/421 425/425/417
f 427/427/419 430/430/422 428/428/420
f 427/427/419 428/428/420 426/426/418
f 422/422/414 431/431/423 267/267/259
f 423/423/415 432/432/424 431/431/423
f 423/423/415 431/431/423 422/422/414
f 424/424/416 433/433/425 432/432/424
f 424/424/416 432/432/424 423/423/415
f 425/425/417 429/429/421 433/433/425
f 425/425/417 433/433/425 424/424/416
f 431/431/423 434/434/426 267/267/259
f 432/432/424 435/435/427 434/434/426
f 432/432/424 434/434/426 431/431/423
f 433/433/425 436/436/428 435/435/427
f 433/433/425 435/435/427 432/432/424
f 429/429/421 437/437/429 436/436/428
f 429/429/421 436/436/428 433/433/425
f 428/428/420 438/438/430 437/437/429
f 428/428/420 437/437/429 429/429/421
f 430/430/422 439/439/431 438/438/430
f 430/430/422 438/438/430 428/428/420
f 438/438/430 440/440/432 441/441/433
f 438/438/430 441/441/433 437/437/429
f 439/439/431 442/442/434 440/440/432
f 439/439/431 440/440/432 438/438/430
f 434/434/426 443/443/435 267/267/259
f 435/435/427 444/444/436 443/443/435
f 435/435/427 443/443/435 434/434/426
f 436/436/428 445/445/437 444/444/436
f 436/436/428 444/444/436 435/435/427
f 437/437/429 441/441/433 445/445/437
f 437/437/429 445/445/437 436/436/428
f 444/444/436 446/446/438 447/447/439
f 444/444/436 447/447/439 443/443/435
f 445/445/437 448/448/440 446/446/438
f 445/445/437 446/446/438 444/444/436
f 441/441/433 449/449/441 448/448/440
f 441/441/433 448/448/440 445/445/437
f 440/440/432 450/450/442 449/449/441
f 440/440/432 449/449/441 441/441/433
f 442/442/434 451/451/443 450/450/442
f 442/442/434 450/450/442 440/440/432
f 443/443/435 447/447/439 267/267/259
f 451/451/443 452/452/444 453/453/445
f 451/451/443 453/453/445 450/450/442
f 447/447/439 454/454/446 267/267/259
f 446/446/438 455/455/447 454/454/446
f 446/446/438 454/454/446 447/447/439
f 448/448/440 456/456/448 455/455/447
f 448/448/440 455/455/447 446/446/438
f 449/449/441 457/457/449 456/456/448
f 449/449/441 456/456/448 448/448/440
f 450/450/442 453/453/445 457/457/449
f 450/450/442 457/457/449 449/449/441
f 455/455/447 268/268/260 265/265/257
f 455/455/447 265/265/257 454/454/446
f 456/456/448 270/270/262 268/268/260
f 456/456/448 268/268/260 455/455/447
f 457/457/449 272/272/264 270/270/262
f 457/457/449 270/270/262 456/456/448
f 453/453/445 274/274/266 272/272/264
f 453/453/445 272/272/264 457/457/449
f 452/452/444 276/276/268 274/274/266
f 452/452/444 274/274/266 453/453/445
f 454/454/446 265/265/257 267/267/259
f 458/458/450 459/459/451 460/460/452
f 458/458/450 460/460/452 461/461/453
f 461/461/453 462/462/454 463/463/455
f 461/461/453 463/463/455 458/458/450
f 464/464/456 463/463/455 462/462/454
f 464/464/456 462/462/454 465/465/457
f 465/465/457 466/466/458 467/467/459
f 465/465/457 467/467/459 464/464/456
f 468/468/460 467/467/459 466/466/458
f 468/468/460 466/466/458 469/469/461
f 470/470/462 468/468/460 469/469/461
f 470/470/462 469/469/461 471/471/463
f 471/471/463 472/472/464 473/473/465
f 471/471/463 473/473/465 470/470/462
f 474/474/466 473/473/465 472/472/464
f 474/474/466 472/472/464 475/475/467
f 475/475/467 476/476/468 477/477/469
f 475/475/467 477/477/469 474/474/466
f 476/476/468 478/478/470 479/479/471
f 476/476/468 479/479/471 477/477/469
f 480/480/472 479/479/471 478/478/470
f 480/480/472 478/478/470 481/481/473
f 481/481/473 482/482/474 483/483/475
f 481/481/473 483/483/475 480/480/472
f 484/484/476 483/483/475 482/482/474
f 484/484/476 482/482/474 485/485/477
f 486/486/478 484/484/476 485/485/477
f 486/486/478 485/485/477 487/487/479
f 487/487/479 488/488/480 489/489/481
f 487/487/479 489/489/481 486/486/478
f 490/490/482 489/489/481 488/488/480
f 490/490/482 488/488/480 491/491/483
f 491/491/483 492/492/484 493/493/485
f 491/491/483 493/493/485 490/490/482
f 492/492/484 494/494/486 495/495/487
f 492/492/484 495/495/487 493/493/485
f 494/494/486 496/496/488 497/497/489
f 494/494/486 497/497/489 495/495/487
f 496/496/488 498/498/490 499/499/491
f 496/496/488 499/499/491 497/497/489
f 500/500/492 499/499/491 498/498/490
f 500/500/492 498/498/490 501/501/493
f 501/501/493 502/502/494 503/503/495
f 501/501/493 503/503/495 500/500/492
f 504/504/496 503/503/495 502/502/494
f 504/504/496 502/502/494 505/505/497
f 506/506/498 504/504/496 505/505/497
f 506/506/498 505/505/497 507/507/499
f 507/507/499 508/508/500 509/509/501
f 507/507/499 509/509/501 506/506/498
f 508/508/500 510/510/502 511/511/503
f 508/508/500 511/511/503 509/509/501
f 510/510/502 512/512/504 513/513/505
f 510/510/502 513/513/505 511/511/503
f 512/512/504 514/514/506 515/515/507
f 512/512/504 515/515/507 513/513/505
f 516/516/508 515/515/507 514/514/506
f 516/516/508 514/514/506 517/517/509
f 518/518/510 516/516/508 517/517/509
f 518/518/510 517/517/509 519/519/511
f 520/520/511 521/521/512 522/522/513
f 520/520/511 522/522/513 523/523/510
f 521/521/512 460/460/452 459/459/451
f 521/521/512 459/459/451 522/522/513
f 472/472/464 524/524/444 525/525/443
f 472/472/464 525/525/443 475/475/467
f 526/526/259 527/527/259 464/464/456
f 526/526/259 464/464/456 467/467/459
f 528/528/259 529/529/259 493/493/485
f 528/528/259 493/493/485 495/495/487
f 475/475/467 525/525/443 530/530/434
f 475/475/467 530/530/434 476/476/468
f 469/469/461 531/531/269 532/532/268
f 469/469/461 532/532/268 471/471/463
f 471/471/463 532/532/268 524/524/444
f 471/471/463 524/524/444 472/472/464
f 466/466/458 533/533/270 531/531/269
f 466/466/458 531/531/269 469/469/461
f 534/534/353 535/535/345 507/507/499
f 534/534/353 507/507/499 505/505/497
f 535/535/345 536/536/341 508/508/500
f 535/535/345 508/508/500 507/507/499
f 462/462/454 537/537/287 538/538/281
f 462/462/454 538/538/281 465/465/457
f 465/465/457 538/538/281 533/533/270
f 465/465/457 533/533/270 466/466/458
f 536/536/341 539/539/333 510/510/502
f 536/536/341 510/510/502 508/508/500
f 510/510/502 539/539/333 540/540/329
f 510/510/502 540/540/329 512/512/504
f 541/541/299 542/542/290 461/461/453
f 541/541/299 461/461/453 460/460/452
f 542/542/290 537/537/287 462/462/454
f 542/542/290 462/462/454 461/461/453
f 512/512/504 540/540/329 543/543/322
f 512/512/504 543/543/322 514/514/506
f 517/517/509 544/544/317 545/545/310
f 517/517/509 545/545/310 519/519/511
f 520/520/511 546/546/310 547/547/300
f 520/520/511 547/547/300 521/521/512
f 514/514/506 543/543/322 544/544/317
f 514/514/506 544/544/317 517/517/509
f 547/547/300 541/541/299 460/460/452
f 547/547/300 460/460/452 521/521/512
f 485/485/477 548/548/411 549/549/407
f 485/485/477 549/549/407 487/487/479
f 487/487/479 549/549/407 550/550/400
f 487/487/479 550/550/400 488/488/480
f 488/488/480 550/550/400 551/551/395
f 488/488/480 551/551/395 491/491/483
f 491/491/483 551/551/395 552/552/388
f 491/491/483 552/552/388 492/492/484
f 482/482/474 553/553/419 548/548/411
f 482/482/474 548/548/411 485/485/477
f 478/478/470 554/554/431 555/555/422
f 478/478/470 555/555/422 481/481/473
f 481/481/473 555/555/422 553/553/419
f 481/481/473 553/553/419 482/482/474
f 492/492/484 552/552/388 556/556/378
f 492/492/484 556/556/378 494/494/486
f 494/494/486 556/556/378 557/557/377
f 494/494/486 557/557/377 496/496/488
f 496/496/488 557/557/377 558/558/366
f 496/496/488 558/558/366 498/498/490
f 476/476/468 530/530/434 554/554/431
f 476/476/468 554/554/431 478/478/470
f 498/498/490 558/558/366 559/559/365
f 498/498/490 559/559/365 501/501/493
f 501/501/493 559/559/365 560/560/356
f 501/501/493 560/560/356 502/502/494
f 502/502/494 560/560/356 534/534/353
f 502/502/494 534/534/353 505/505/497
f 561/561/514 562/562/515 563/563/516
f 561/561/514 563/563/516 564/564/517
f 565/565/518 566/566/519 567/567/520
f 565/565/518 567/567/520 568/568/521
f 569/569/515 570/570/522 571/571/523
f 569/569/515 571/571/523 572/572/516
f 566/566/519 573/573/524 574/574/525
f 566/566/519 574/574/525 567/567/520
f 570/570/522 575/575/526 576/576/527
f 570/570/522 576/576/527 571/571/523
f 573/573/524 577/577/528 578/578/529
f 573/573/524 578/578/529 574/574/525
f 575/575/526 579/579/530 580/580/531
f 575/575/526 580/580/531 576/576/527
f 577/577/528 581/581/532 582/582/533
f 577/577/528 582/582/533 578/578/529
f 583/583/534 584/584/535 585/585/536
f 583/583/534 585/585/536 586/586/537
f 579/579/530 587/587/538 588/588/539
f 579/579/530 588/588/539 580/580/531
f 581/581/532 589/589/540 590/590/541
f 581/581/532 590/590/541 582/582/533
f 586/586/537 591/591/542 592/592/543
f 586/586/537 592/592/543 583/583/534
f 587/587/538 593/593/544 594/594/545
f 587/587/538 594/594/545 588/588/539
f 589/589/540 595/595/546 596/596/547
f 589/589/540 596/596/547 590/590/541
f 591/591/542 597/597/548 598/598/549
f 591/591/542 598/598/549 592/592/543
f 593/593/544 599/599/550 600/600/551
f 593/593/544 600/600/551 594/594/545
f 595/595/546 601/601/552 602/602/553
f 595/595/546 602/602/553 596/596/547
f 597/597/548 603/603/554 604/604/555
f 597/597/548 604/604/555 598/598/549
f 599/599/550 605/605/556 606/606/557
f 599/599/550 606/606/557 600/600/551
f 601/601/552 607/607/558 608/608/559
f 601/601/552 608/608/559 602/602/553
f 603/603/554 609/609/560 610/610/561
f 603/603/554 610/610/561 604/604/555
f 584/584/535 606/606/557 605/605/556
f 584/584/535 605/605/556 585/585/536
f 607/607/558 611/611/562 612/612/563
f 607/607/558 612/612/563 608/608/559
f 609/609/560 613/613/564 614/614/565
f 609/609/560 614/614/565 610/610/561
f 611/611/562 615/615/566 616/616/567
f 611/611/562 616/616/567 612/612/563
f 613/613/564 617/617/568 618/618/569
f 613/613/564 618/618/569 614/614/565
f 615/615/566 619/619/570 620/620/571
f 615/615/566 620/620/571 616/616/567
f 617/617/568 621/621/572 622/622/573
f 617/617/568 622/622/573 618/618/569
f 619/619/570 623/623/574 624/624/575
f 619/619/570 624/624/575 620/620/571
f 621/621/572 625/625/576 626/626/577
f 621/621/572 626/626/577 622/622/573
f 623/623/574 561/561/514 564/564/517
f 623/623/574 564/564/517 624/624/575
f 625/625/576 565/565/518 568/568/521
f 625/625/576 568/568/521 626/626/577
f 627/627/197 628/628/194 583/583/534
f 627/627/197 583/583/534 592/592/543
f 629/629/259 630/630/259 591/591/542
f 629/629/259 591/591/542 586/586/537
f 628/628/194 631/631/193 584/584/535
f 628/628/194 584/584/535 583/583/534
f 632/632/259 629/629/259 586/586/537
f 632/632/259 586/586/537 585/585/536
f 631/631/193 633/633/255 606/606/557
f 631/631/193 606/606/557 584/584/535
f 634/634/259 632/632/259 585/585/536
f 634/634/259 585/585/536 605/605/556
f 635/635/199 627/627/197 592/592/543
f 635/635/199 592/592/543 598/598/549
f 630/630/259 636/636/259 597/597/548
f 630/630/259 597/597/548 591/591/542
f 637/637/201 635/635/199 598/598/549
f 637/637/201 598/598/549 604/604/555
f 636/636/259 638/638/259 603/603/554
f 636/636/259 603/603/554 597/597/548
f 639/639/203 637/637/201 604/604/555
f 639/639/203 604/604/555 610/610/561
f 638/638/259 640/640/259 609/609/560
f 638/638/259 609/609/560 603/603/554
f 641/641/205 639/639/203 610/610/561
f 641/641/205 610/610/561 614/614/565
f 640/640/259 642/642/259 613/613/564
f 640/640/259 613/613/564 609/609/560
f 643/643/207 641/641/205 614/614/565
f 643/643/207 614/614/565 618/618/569
f 642/642/259 644/644/259 617/617/568
f 642/642/259 617/617/568 613/613/564
f 645/645/209 643/643/207 618/618/569
f 645/645/209 618/618/569 622/622/573
f 644/644/259 646/646/259 621/621/572
f 644/644/259 621/621/572 617/617/568
f 647/647/211 645/645/209 622/622/573
f 647/647/211 622/622/573 626/626/577
f 646/646/259 648/648/259 625/625/576
f 646/646/259 625/625/576 621/621/572
f 649/649/213 647/647/211 626/626/577
f 649/649/213 626/626/577 568/568/521
f 648/648/259 650/650/259 565/565/518
f 648/648/259 565/565/518 625/625/576
f 651/651/215 649/649/213 568/568/521
f 651/651/215 568/568/521 567/567/520
f 650/650/259 529/529/259 566/566/519
f 650/650/259 566/566/519 565/565/518
f 652/652/217 651/651/215 567/567/520
f 652/652/217 567/567/520 574/574/525
f 529/529/259 528/528/259 573/573/524
f 529/529/259 573/573/524 566/566/519
f 653/653/219 652/652/217 574/574/525
f 653/653/219 574/574/525 578/578/529
f 528/528/259 654/654/259 577/577/528
f 528/528/259 577/577/528 573/573/524
f 655/655/221 653/653/219 578/578/529
f 655/655/221 578/578/529 582/582/533
f 654/654/259 656/656/259 581/581/532
f 654/654/259 581/581/532 577/577/528
f 657/657/223 655/655/221 582/582/533
f 657/657/223 582/582/533 590/590/541
f 656/656/259 658/658/259 589/589/540
f 656/656/259 589/589/540 581/581/532
f 659/659/225 657/657/223 590/590/541
f 659/659/225 590/590/541 596/596/547
f 658/658/259 660/660/259 595/595/546
f 658/658/259 595/595/546 589/589/540
f 661/661/227 659/659/225 596/596/547
f 661/661/227 596/596/547 602/602/553
f 660/660/259 662/662/259 601/601/552
f 660/660/259 601/601/552 595/595/546
f 663/663/229 661/661/227 602/602/553
f 663/663/229 602/602/553 608/608/559
f 662/662/259 664/664/259 607/607/558
f 662/662/259 607/607/558 601/601/552
f 665/665/231 663/663/229 608/608/559
f 665/665/231 608/608/559 612/612/563
f 664/664/259 666/666/259 611/611/562
f 664/664/259 611/611/562 607/607/558
f 667/667/233 665/665/231 612/612/563
f 667/667/233 612/612/563 616/616/567
f 666/666/259 668/668/259 615/615/566
f 666/666/259 615/615/566 611/611/562
f 669/669/235 667/667/233 616/616/567
f 669/669/235 616/616/567 620/620/571
f 668/668/259 670/670/259 619/619/570
f 668/668/259 619/619/570 615/615/566
f 671/671/237 669/669/235 620/620/571
f 671/671/237 620/620/571 624/624/575
f 670/670/259 672/672/259 623/623/574
f 670/670/259 623/623/574 619/619/570
f 673/673/239 671/671/237 624/624/575
f 673/673/239 624/624/575 564/564/517
f 672/672/259 674/674/259 561/561/514
f 672/672/259 561/561/514 623/623/574
f 675/675/241 673/673/239 564/564/517
f 675/675/241 564/564/517 563/563/516
f 674/674/259 676/676/259 562/562/515
f 674/674/259 562/562/515 561/561/514
f 677/677/243 678/678/241 572/572/516
f 677/677/243 572/572/516 571/571/523
f 679/679/259 680/680/259 570/570/522
f 679/679/259 570/570/522 569/569/515
f 681/681/245 677/677/243 571/571/523
f 681/681/245 571/571/523 576/576/527
f 680/680/259 682/682/259 575/575/526
f 680/680/259 575/575/526 570/570/522
f 683/683/247 681/681/245 576/576/527
f 683/683/247 576/576/527 580/580/531
f 682/682/259 684/684/259 579/579/530
f 682/682/259 579/579/530 575/575/526
f 685/685/249 683/683/247 580/580/531
f 685/685/249 580/580/531 588/588/539
f 684/684/259 686/686/259 587/587/538
f 684/684/259 587/587/538 579/579/530
f 687/687/251 685/685/249 588/588/539
f 687/687/251 588/588/539 594/594/545
f 686/686/259 527/527/259 593/593/544
f 686/686/259 593/593/544 587/587/538
f 688/688/253 687/687/251 594/594/545
f 688/688/253 594/594/545 600/600/551
f 527/527/259 526/526/259 599/599/550
f 527/527/259 599/599/550 593/593/544
f 633/633/255 688/688/253 600/600/551
f 633/633/255 600/600/551 606/606/557
f 526/526/259 634/634/259 605/605/556
f 526/526/259 605/605/556 599/599/550
f 689/689/578 690/690/579 691/691/580
f 689/689/578 691/691/580 692/692/581
f 693/693/582 694/694/583 695/695/584
f 693/693/582 695/695/584 696/696/585
f 694/694/583 697/697/586 698/698/587
f 694/694/583 698/698/587 695/695/584
f 697/697/586 699/699/588 700/700/589
f 697/697/586 700/700/589 698/698/587
f 699/699/588 701/701/590 702/702/591
f 699/699/588 702/702/591 700/700/589
f 701/701/590 703/703/592 704/704/593
f 701/701/590 704/704/593 702/702/591
f 703/703/592 705/705/594 706/706/595
f 703/703/592 706/706/595 704/704/593
f 705/705/594 707/707/596 708/708/597
f 705/705/594 708/708/597 706/706/595
f 707/707/596 709/709/598 710/710/599
f 707/707/596 710/710/599 708/708/597
f 709/709/598 711/711/600 712/712/601
f 709/709/598 712/712/601 710/710/599
f 711/711/600 713/713/602 714/714/603
f 711/711/600 714/714/603 712/712/601
f 713/713/602 715/715/604 716/716/605
f 713/713/602 716/716/605 714/714/603
f 715/715/604 717/717/606 718/718/607
f 715/715/604 718/718/607 716/716/605
f 717/717/606 719/719/608 720/720/609
f 717/717/606 720/720/609 718/718/607
f 719/719/608 721/721/610 722/722/611
f 719/719/608 722/722/611 720/720/609
f 721/721/610 723/723/612 724/724/613
f 721/721/610 724/724/613 722/722/611
f 723/723/612 725/725/614 726/726/615
f 723/723/612 726/726/615 724/724/613
f 725/725/614 727/727/616 728/728/617
f 725/725/614 728/728/617 726/726/615
f 727/727/616 729/729/618 730/730/619
f 727/727/616 730/730/619 728/728/617
f 729/729/618 731/731/620 732/732/621
f 729/729/618 732/732/621 730/730/619
f 731/731/620 733/733/622 734/734/623
f 731/731/620 734/734/623 732/732/621
f 733/733/622 689/689/578 692/692/581
f 733/733/622 692/692/581 734/734/623
f 690/690/579 735/735/624 736/736/625
f 690/690/579 736/736/625 691/691/580
f 735/735/624 737/737/626 738/738/627
f 735/735/624 738/738/627 736/736/625
f 739/739/626 740/740/628 741/741/629
f 739/739/626 741/741/629 742/742/627
f 740/740/628 743/743/630 744/744/631
f 740/740/628 744/744/631 741/741/629
f 743/743/630 745/745/632 746/746/633
f 743/743/630 746/746/633 744/744/631
f 745/745/632 747/747/634 748/748/635
f 745/745/632 748/748/635 746/746/633
f 747/747/634 749/749/636 750/750/637
f 747/747/634 750/750/637 748/748/635
f 749/749/636 751/751/638 752/752/639
f 749/749/636 752/752/639 750/750/637
f 751/751/638 753/753/640 754/754/641
f 751/751/638 754/754/641 752/752/639
f 696/696/585 754/754/641 753/753/640
f 696/696/585 753/753/640 693/693/582
f 755/755/582 756/756/640 264/264/256
f 755/755/582 264/264/256 202/202/196
f 757/757/583 755/755/582 202/202/196
f 757/757/583 202/202/196 201/201/195
f 758/758/586 757/757/583 201/201/195
f 758/758/586 201/201/195 204/204/198
f 759/759/588 758/758/586 204/204/198
f 759/759/588 204/204/198 206/206/200
f 760/760/590 759/759/588 206/206/200
f 760/760/590 206/206/200 208/208/202
f 761/761/592 760/760/590 208/208/202
f 761/761/592 208/208/202 210/210/204
f 762/762/594 761/761/592 210/210/204
f 762/762/594 210/210/204 212/212/206
f 763/763/596 762/762/594 212/212/206
f 763/763/596 212/212/206 214/214/208
f 764/764/598 763/763/596 214/214/208
f 764/764/598 214/214/208 216/216/210
f 765/765/600 764/764/598 216/216/210
f 765/765/600 216/216/210 218/218/212
f 766/766/602 765/765/600 218/218/212
f 766/766/602 218/218/212 220/220/214
f 767/767/604 766/766/602 220/220/214
f 767/767/604 220/220/214 222/222/216
f 768/768/606 767/767/604 222/222/216
f 768/768/606 222/222/216 224/224/218
f 769/769/608 768/768/606 224/224/218
f 769/769/608 224/224/218 226/226/220
f 770/770/610 769/769/608 226/226/220
f 770/770/610 226/226/220 228/228/222
f 771/771/612 770/770/610 228/228/222
f 771/771/612 228/228/222 230/230/224
f 772/772/614 771/771/612 230/230/224
f 772/772/614 230/230/224 232/232/226
f 773/773/616 772/772/614 232/232/226
f 773/773/616 232/232/226 234/234/228
f 774/774/618 773/773/616 234/234/228
f 774/774/618 234/234/228 236/236/230
f 775/775/620 774/774/618 236/236/230
f 775/775/620 236/236/230 238/238/232
f 776/776/622 775/775/620 238/238/232
f 776/776/622 238/238/232 240/240/234
f 777/777/578 776/776/622 240/240/234
f 777/777/578 240/240/234 242/242/236
f 778/778/579 777/777/578 242/242/236
f 778/778/579 242/242/236 244/244/238
f 779/779/624 778/778/579 244/244/238
f 779/779/624 244/244/238 246/246/240
f 780/780/626 779/779/624 246/246/240
f 780/780/626 246/246/240 248/248/242
f 781/781/628 782/782/626 252/252/242
f 781/781/628 252/252/242 251/251/244
f 783/783/630 781/781/628 251/251/244
f 783/783/630 251/251/244 254/254/246
f 784/784/632 783/783/630 254/254/246
f 784/784/632 254/254/246 256/256/248
f 785/785/634 784/784/632 256/256/248
f 785/785/634 256/256/248 258/258/250
f 786/786/636 785/785/634 258/258/250
f 786/786/636 258/258/250 260/260/252
f 787/787/638 786/786/636 260/260/252
f 787/787/638 260/260/252 262/262/254
f 756/756/640 787/787/638 262/262/254
f 756/756/640 262/262/254 264/264/256
f 664/664/259 506/506/498 509/509/501
f 664/664/259 509/509/501 666/666/259
f 490/490/482 650/650/259 648/648/259
f 490/490/482 648/648/259 489/489/481
f 483/483/475 642/642/259 640/640/259
f 483/483/475 640/640/259 480/480/472
f 484/484/476 644/644/259 642/642/259
f 484/484/476 642/642/259 483/483/475
f 486/486/478 646/646/259 644/644/259
f 486/486/478 644/644/259 484/484/476
f 489/489/481 648/648/259 646/646/259
f 489/489/481 646/646/259 486/486/478
f 493/493/485 529/529/259 650/650/259
f 493/493/485 650/650/259 490/490/482
f 495/495/487 497/497/489 654/654/259
f 495/495/487 654/654/259 528/528/259
f 654/654/259 497/497/489 499/499/491
f 654/654/259 499/499/491 656/656/259
f 656/656/259 499/499/491 500/500/492
f 656/656/259 500/500/492 658/658/259
f 658/658/259 500/500/492 503/503/495
f 658/658/259 503/503/495 660/660/259
f 660/660/259 503/503/495 504/504/496
f 660/660/259 504/504/496 662/662/259
f 662/662/259 504/504/496 506/506/498
f 662/662/259 506/506/498 664/664/259
f 666/666/259 509/509/501 511/511/503
f 666/666/259 511/511/503 668/668/259
f 668/668/259 511/511/503 513/513/505
f 668/668/259 513/513/505 670/670/259
f 670/670/259 513/513/505 515/515/507
f 670/670/259 515/515/507 672/672/259
f 672/672/259 515/515/507 516/516/508
f 672/672/259 516/516/508 674/674/259
f 674/674/259 516/516/508 518/518/510
f 674/674/259 518/518/510 676/676/259
f 679/679/259 523/523/510 522/522/513
f 679/679/259 522/522/513 680/680/259
f 680/680/259 522/522/513 459/459/451
f 680/680/259 459/459/451 682/682/259
f 458/458/450 684/684/259 682/682/259
f 458/458/450 682/682/259 459/459/451
f 463/463/455 686/686/259 684/684/259
f 463/463/455 684/684/259 458/458/450
f 464/464/456 527/527/259 686/686/259
f 464/464/456 686/686/259 463/463/455
f 467/467/459 468/468/460 634/634/259
f 467/467/459 634/634/259 526/526/259
f 634/634/259 468/468/460 470/470/462
f 634/634/259 470/470/462 632/632/259
f 632/632/259 470/470/462 473/473/465
f 632/632/259 473/473/465 629/629/259
f 629/629/259 473/473/465 474/474/466
f 629/629/259 474/474/466 630/630/259
f 477/477/469 636/636/259 630/630/259
f 477/477/469 630/630/259 474/474/466
f 479/479/471 638/638/259 636/636/259
f 479/479/471 636/636/259 477/477/469
f 480/480/472 640/640/259 638/638/259
f 480/480/472 638/638/259 479/479/471
f 788/788/642 789/789/643 790/790/644
f 788/788/642 790/790/644 791/791/645
f 791/791/645 790/790/644 792/792/646
f 791/791/645 792/792/646 793/793/647
f 793/793/647 792/792/646 794/794/648
f 793/793/647 794/794/648 795/795/649
f 796/796/650 797/797/651 798/798/652
f 796/796/650 798/798/652 799/799/653
f 799/799/653 798/798/652 800/800/654
f 799/799/653 800/800/654 801/801/655
f 801/801/655 800/800/654 802/802/656
f 801/801/655 802/802/656 803/803/657
f 804/804/658 805/805/659 806/806/660
f 804/804/658 806/806/660 807/807/661
f 807/807/661 806/806/660 808/808/662
f 807/807/661 808/808/662 809/809/663
f 809/809/663 808/808/662 810/810/664
f 809/809/663 810/810/664 811/811/665
f 812/812/666 813/813/667 814/814/668
f 812/812/666 814/814/668 815/815/669
f 815/815/669 814/814/668 816/816/670
f 815/815/669 816/816/670 817/817/671
f 817/817/671 816/816/670 818/818/672
f 817/817/671 818/818/672 819/819/673
f 820/820/674 821/821/675 822/822/676
f 820/820/674 822/822/676 823/823/677
f 823/823/677 822/822/676 824/824/678
f 823/823/677 824/824/678 825/825/679
f 825/825/679 824/824/678 826/826/680
f 825/825/679 826/826/680 827/827/681
f 828/828/682 829/829/683 830/830/684
f 828/828/682 830/830/684 831/831/685
f 831/831/685 830/830/684 832/832/686
f 831/831/685 832/832/686 833/833/687
f 833/833/687 832/832/686 834/834/688
f 833/833/687 834/834/688 835/835/689
f 789/789/643 836/836/690 837/837/691
f 789/789/643 837/837/691 790/790/644
f 790/790/644 837/837/691 838/838/692
f 790/790/644 838/838/692 792/792/646
f 792/792/646 838/838/692 839/839/693
f 792/792/646 839/839/693 794/794/648
f 797/797/651 840/840/694 841/841/695
f 797/797/651 841/841/695 798/798/652
f 798/798/652 841/841/695 842/842/696
f 798/798/652 842/842/696 800/800/654
f 800/800/654 842/842/696 843/843/697
f 800/800/654 843/843/697 802/802/656
f 805/805/659 844/844/698 845/845/699
f 805/805/659 845/845/699 806/806/660
f 806/806/660 845/845/699 846/846/700
f 806/806/660 846/846/700 808/808/662
f 808/808/662 846/846/700 847/847/701
f 808/808/662 847/847/701 810/810/664
f 813/813/667 848/848/702 849/849/703
f 813/813/667 849/849/703 814/814/668
f 814/814/668 849/849/703 850/850/704
f 814/814/668 850/850/704 816/816/670
f 816/816/670 850/850/704 851/851/705
f 816/816/670 851/851/705 818/818/672
f 827/827/681 852/852/706 853/853/707
f 827/827/681 853/853/707 825/825/679
f 825/825/679 853/853/707 854/854/708
f 825/825/679 854/854/708 823/823/677
f 823/823/677 854/854/708 855/855/709
f 823/823/677 855/855/709 820/820/674
f 835/835/689 856/856/710 857/857/711
f 835/835/689 857/857/711 833/833/687
f 833/833/687 857/857/711 858/858/712
f 833/833/687 858/858/712 831/831/685
f 831/831/685 858/858/712 859/859/713
f 831/831/685 859/859/713 828/828/682
f 836/836/690 860/860/714 861/861/715
f 836/836/690 861/861/715 837/837/691
f 837/837/691 861/861/715 862/862/716
f 837/837/691 862/862/716 838/838/692
f 838/838/692 862/862/716 863/863/717
f 838/838/692 863/863/717 839/839/693
f 840/840/694 864/864/718 865/865/719
f 840/840/694 865/865/719 841/841/695
f 841/841/695 865/865/719 866/866/720
f 841/841/695 866/866/720 842/842/696
f 842/842/696 866/866/720 867/867/721
f 842/842/696 867/867/721 843/843/697
f 844/844/698 868/868/722 869/869/723
f 844/844/698 869/869/723 845/845/699
f 845/845/699 869/869/723 870/870/724
f 845/845/699 870/870/724 846/846/700
f 846/846/700 870/870/724 871/871/725
f 846/846/700 871/871/725 847/847/701
f 848/848/702 872/872/726 873/873/727
f 848/848/702 873/873/727 849/849/703
f 849/849/703 873/873/727 874/874/728
f 849/849/703 874/874/728 850/850/704
f 850/850/704 874/874/728 875/875/729
f 850/850/704 875/875/729 851/851/705
f 852/852/706 876/876/730 877/877/731
f 852/852/706 877/877/731 853/853/707
f 853/853/707 877/877/731 878/878/732
f 853/853/707 878/878/732 854/854/708
f 854/854/708 878/878/732 879/879/733
f 854/854/708 879/879/733 855/855/709
f 856/856/710 880/880/734 881/881/735
f 856/856/710 881/881/735 857/857/711
f 857/857/711 881/881/735 882/882/736
f 857/857/711 882/882/736 858/858/712
f 858/858/712 882/882/736 883/883/737
f 858/858/712 883/883/737 859/859/713
f 860/860/714 884/884/738 885/885/739
f 860/860/714 885/885/739 861/861/715
f 861/861/715 885/885/739 886/886/740
f 861/861/715 886/886/740 862/862/716
f 862/862/716 886/886/740 887/887/741
f 862/862/716 887/887/741 863/863/717
f 864/864/718 888/888/742 889/889/743
f 864/864/718 889/889/743 865/865/719
f 865/865/719 889/889/743 890/890/744
f 865/865/719 890/890/744 866/866/720
f 866/866/720 890/890/744 891/891/745
f 866/866/720 891/891/745 867/867/721
f 868/868/722 892/892/746 893/893/747
f 868/868/722 893/893/747 869/869/723
f 869/869/723 893/893/747 894/894/748
f 869/869/723 894/894/748 870/870/724
f 870/870/724 894/894/748 895/895/749
f 870/870/724 895/895/749 871/871/725
f 872/872/726 896/896/750 897/897/751
f 872/872/726 897/897/751 873/873/727
f 873/873/727 897/897/751 898/898/752
f 873/873/727 898/898/752 874/874/728
f 874/874/728 898/898/752 899/899/753
f 874/874/728 899/899/753 875/875/729
f 876/876/730 900/900/754 901/901/755
f 876/876/730 901/901/755 877/877/731
f 877/877/731 901/901/755 902/902/756
f 877/877/731 902/902/756 878/878/732
f 878/878/732 902/902/756 903/903/757
f 878/878/732 903/903/757 879/879/733
f 880/880/734 904/904/758 905/905/759
f 880/880/734 905/905/759 881/881/735
f 881/881/735 905/905/759 906/906/760
f 881/881/735 906/906/760 882/882/736
f 882/882/736 906/906/760 907/907/761
f 882/882/736 907/907/761 883/883/737
f 884/884/738 908/908/762 909/909/763
f 884/884/738 909/909/763 885/885/739
f 885/885/739 909/909/763 910/910/764
f 885/885/739 910/910/764 886/886/740
f 886/886/740 910/910/764 911/911/765
f 886/886/740 911/911/765 887/887/741
f 888/888/742 912/912/766 913/913/767
f 888/888/742 913/913/767 889/889/743
f 889/889/743 913/913/767 914/914/768
f 889/889/743 914/914/768 890/890/744
f 890/890/744 914/914/768 915/915/769
f 890/890/744 915/915/769 891/891/745
f 892/892/746 916/916/770 917/917/771
f 892/892/746 917/917/771 893/893/747
f 893/893/747 917/917/771 918/918/772
f 893/893/747 918/918/772 894/894/748
f 894/894/748 918/918/772 919/919/773
f 894/894/748 919/919/773 895/895/749
f 896/896/750 920/920/774 921/921/775
f 896/896/750 921/921/775 897/897/751
f 897/897/751 921/921/775 922/922/776
f 897/897/751 922/922/776 898/898/752
f 898/898/752 922/922/776 923/923/777
f 898/898/752 923/923/777 899/899/753
f 900/900/754 924/924/778 925/925/779
f 900/900/754 925/925/779 901/901/755
f 901/901/755 925/925/779 926/926/780
f 901/901/755 926/926/780 902/902/756
f 902/902/756 926/926/780 927/927/781
f 902/902/756 927/927/781 903/903/757
f 904/904/758 928/928/782 929/929/783
f 904/904/758 929/929/783 905/905/759
f 905/905/759 929/929/783 930/930/784
f 905/905/759 930/930/784 906/906/760
f 906/906/760 930/930/784 931/931/785
f 906/906/760 931/931/785 907/907/761
f 821/821/675 911/911/765 910/910/764
f 821/821/675 910/910/764 822/822/676
f 822/822/676 910/910/764 909/909/763
f 822/822/676 909/909/763 824/824/678
f 824/824/678 909/909/763 908/908/762
f 824/824/678 908/908/762 826/826/680
f 829/829/683 915/915/769 914/914/768
f 829/829/683 914/914/768 830/830/684
f 830/830/684 914/914/768 913/913/767
f 830/830/684 913/913/767 832/832/686
f 832/832/686 913/913/767 912/912/766
f 832/832/686 912/912/766 834/834/688
f 916/916/770 932/932/786 933/933/787
f 916/916/770 933/933/787 917/917/771
f 917/917/771 933/933/787 934/934/788
f 917/917/771 934/934/788 918/918/772
f 918/918/772 934/934/788 935/935/789
f 918/918/772 935/935/789 919/919/773
f 920/920/774 936/936/790 937/937/791
f 920/920/774 937/937/791 921/921/775
f 921/921/775 937/937/791 938/938/792
f 921/921/775 938/938/792 922/922/776
f 922/922/776 938/938/792 939/939/793
f 922/922/776 939/939/793 923/923/777
f 924/924/778 940/940/794 941/941/795
f 924/924/778 941/941/795 925/925/779
f 925/925/779 941/941/795 942/942/796
f 925/925/779 942/942/796 926/926/780
f 926/926/780 942/942/796 943/943/797
f 926/926/780 943/943/797 927/927/781
f 928/928/782 944/944/798 945/945/799
f 928/928/782 945/945/799 929/929/783
f 929/929/783 945/945/799 946/946/800
f 929/929/783 946/946/800 930/930/784
f 930/930/784 946/946/800 947/947/801
f 930/930/784 947/947/801 931/931/785
f 932/932/786 948/948/802 949/949/803
f 932/932/786 949/949/803 933/933/787
f 933/933/787 949/949/803 950/950/804
f 933/933/787 950/950/804 934/934/788
f 934/934/788 950/950/804 951/951/805
f 934/934/788 951/951/805 935/935/789
f 936/936/790 952/952/806 953/953/807
f 936/936/790 953/953/807 937/937/791
f 937/937/791 953/953/807 954/954/808
f 937/937/791 954/954/808 938/938/792
f 938/938/792 954/954/808 955/955/809
f 938/938/792 955/955/809 939/939/793
f 940/940/794 956/956/810 957/957/811
f 940/940/794 957/957/811 941/941/795
f 941/941/795 957/957/811 958/958/812
f 941/941/795 958/958/812 942/942/796
f 942/942/796 958/958/812 959/959/813
f 942/942/796 959/959/813 943/943/797
f 944/944/798 960/960/814 961/961/815
f 944/944/798 961/961/815 945/945/799
f 945/945/799 961/961/815 962/962/816
f 945/945/799 962/962/816 946/946/800
f 946/946/800 962/962/816 963/963/817
f 946/946/800 963/963/817 947/947/801
f 948/948/802 964/964/818 965/965/819
f 948/948/802 965/965/819 949/949/803
f 949/949/803 965/965/819 966/966/820
f 949/949/803 966/966/820 950/950/804
f 950/950/804 966/966/820 967/967/821
f 950/950/804 967/967/821 951/951/805
f 952/952/806 968/968/822 969/969/823
f 952/952/806 969/969/823 953/953/807
f 953/953/807 969/969/823 970/970/824
f 953/953/807 970/970/824 954/954/808
f 954/954/808 970/970/824 971/971/825
f 954/954/808 971/971/825 955/955/809
f 956/956/810 972/972/826 973/973/827
f 956/956/810 973/973/827 957/957/811
f 957/957/811 973/973/827 974/974/828
f 957/957/811 974/974/828 958/958/812
f 958/958/812 974/974/828 975/975/829
f 958/958/812 975/975/829 959/959/813
f 960/960/814 976/976/830 977/977/831
f 960/960/814 977/977/831 961/961/815
f 961/961/815 977/977/831 978/978/832
f 961/961/815 978/978/832 962/962/816
f 962/962/816 978/978/832 979/979/833
f 962/962/816 979/979/833 963/963/817
f 964/964/818 980/980/834 981/981/835
f 964/964/818 981/981/835 965/965/819
f 965/965/819 981/981/835 982/982/836
f 965/965/819 982/982/836 966/966/820
f 966/966/820 982/982/836 983/983/837
f 966/966/820 983/983/837 967/967/821
f 968/968/822 984/984/838 985/985/839
f 968/968/822 985/985/839 969/969/823
f 969/969/823 985/985/839 986/986/840
f 969/969/823 986/986/840 970/970/824
f 970/970/824 986/986/840 987/987/841
f 970/970/824 987/987/841 971/971/825
f 972/972/826 988/988/842 989/989/843
f 972/972/826 989/989/843 973/973/827
f 973/973/827 989/989/843 990/990/844
f 973/973/827 990/990/844 974/974/828
f 974/974/828 990/990/844 991/991/845
f 974/974/828 991/991/845 975/975/829
f 976/976/830 992/992/846 993/993/847
f 976/976/830 993/993/847 977/977/831
f 977/977/831 993/993/847 994/994/848
f 977/977/831 994/994/848 978/978/832
f 978/978/832 994/994/848 995/995/849
f 978/978/832 995/995/849 979/979/833
f 980/980/834 996/996/850 997/997/851
f 980/980/834 997/997/851 981/981/835
f 981/981/835 997/997/851 998/998/852
f 981/981/835 998/998/852 982/982/836
f 982/982/836 998/998/852 999/999/853
f 982/982/836 999/999/853 983/983/837
f 984/984/838 1000/1000/854 1001/1001/855
f 984/984/838 1001/1001/855 985/985/839
f 985/985/839 1001/1001/855 1002/1002/856
f 985/985/839 1002/1002/856 986/986/840
f 986/986/840 1002/1002/856 1003/1003/857
f 986/986/840 1003/1003/857 987/987/841
f 988/988/842 1004/1004/858 1005/1005/859
f 988/988/842 1005/1005/859 989/989/843
f 989/989/843 1005/1005/859 1006/1006/860
f 989/989/843 1006/1006/860 990/990/844
f 990/990/844 1006/1006/860 1007/1007/861
f 990/990/844 1007/1007/861 991/991/845
f 992/992/846 1008/1008/862 1009/1009/863
f 992/992/846 1009/1009/863 993/993/847
f 993/993/847 1009/1009/863 1010/1010/864
f 993/993/847 1010/1010/864 994/994/848
f 994/994/848 1010/1010/864 1011/1011/865
f 994/994/848 1011/1011/865 995/995/849
f 996/996/850 1012/1012/866 1013/1013/867
f 996/996/850 1013/1013/867 997/997/851
f 997/997/851 1013/1013/867 1014/1014/868
f 997/997/851 1014/1014/868 998/998/852
f 998/998/852 1014/1014/868 1015/1015/869
f 998/998/852 1015/1015/869 999/999/853
f 1000/1000/854 1016/1016/870 1017/1017/871
f 1000/1000/854 1017/1017/871 1001/1001/855
f 1001/1001/855 1017/1017/871 1018/1018/872
f 1001/1001/855 1018/1018/872 1002/1002/856
f 1002/1002/856 1018/1018/872 1019/1019/873
f 1002/1002/856 1019/1019/873 1003/1003/857
f 1004/1004/858 1020/1020/874 1021/1021/875
f 1004/1004/858 1021/1021/875 1005/1005/859
f 1005/1005/859 1021/1021/875 1022/1022/876
f 1005/1005/859 1022/1022/876 1006/1006/860
f 1006/1006/860 1022/1022/876 1023/1023/877
f 1006/1006/860 1023/1023/877 1007/1007/861
f 1008/1008/862 1024/1024/878 1025/1025/879
f 1008/1008/862 1025/1025/879 1009/1009/863
f 1009/1009/863 1025/1025/879 1026/1026/880
f 1009/1009/863 1026/1026/880 1010/1010/864
f 1010/1010/864 1026/1026/880 1027/1027/881
f 1010/1010/864 1027/1027/881 1011/1011/865
f 1028/1028/866 1029/1029/882 1030/1030/883
f 1028/1028/866 1030/1030/883 1031/1031/867
f 1031/1031/867 1030/1030/883 1032/1032/884
f 1031/1031/867 1032/1032/884 1033/1033/868
f 1033/1033/868 1032/1032/884 1034/1034/885
f 1033/1033/868 1034/1034/885 1035/1035/869
f 1036/1036/870 1037/1037/886 1038/1038/887
f 1036/1036/870 1038/1038/887 1039/1039/871
f 1039/1039/871 1038/1038/887 1040/1040/888
f 1039/1039/871 1040/1040/888 1041/1041/872
f 1041/1041/872 1040/1040/888 1042/1042/889
f 1041/1041/872 1042/1042/889 1043/1043/873
f 1020/1020/874 1044/1044/890 1045/1045/891
f 1020/1020/874 1045/1045/891 1021/1021/875
f 1021/1021/875 1045/1045/891 1046/1046/892
f 1021/1021/875 1046/1046/892 1022/1022/876
f 1022/1022/876 1046/1046/892 1047/1047/893
f 1022/1022/876 1047/1047/893 1023/1023/877
f 1024/1024/878 1048/1048/894 1049/1049/895
f 1024/1024/878 1049/1049/895 1025/1025/879
f 1025/1025/879 1049/1049/895 1050/1050/896
f 1025/1025/879 1050/1050/896 1026/1026/880
f 1026/1026/880 1050/1050/896 1051/1051/897
f 1026/1026/880 1051/1051/897 1027/1027/881
f 1029/1029/882 788/788/642 791/791/645
f 1029/1029/882 791/791/645 1030/1030/883
f 1030/1030/883 791/791/645 793/793/647
f 1030/1030/883 793/793/647 1032/1032/884
f 1032/1032/884 793/793/647 795/795/649
f 1032/1032/884 795/795/649 1034/1034/885
f 1037/1037/886 796/796/650 799/799/653
f 1037/1037/886 799/799/653 1038/1038/887
f 1038/1038/887 799/799/653 801/801/655
f 1038/1038/887 801/801/655 1040/1040/888
f 1040/1040/888 801/801/655 803/803/657
f 1040/1040/888 803/803/657 1042/1042/889
f 1044/1044/890 804/804/658 807/807/661
f 1044/1044/890 807/807/661 1045/1045/891
f 1045/1045/891 807/807/661 809/809/663
f 1045/1045/891 809/809/663 1046/1046/892
f 1046/1046/892 809/809/663 811/811/665
f 1046/1046/892 811/811/665 1047/1047/893
f 1048/1048/894 812/812/666 815/815/669
f 1048/1048/894 815/815/669 1049/1049/895
f 1049/1049/895 815/815/669 817/817/671
f 1049/1049/895 817/817/671 1050/1050/896
f 1050/1050/896 817/817/671 819/819/673
f 1050/1050/896 819/819/673 1051/1051/897
f 820/820/674 855/855/709 856/856/710
f 820/820/674 856/856/710 835/835/689
f 821/821/675 820/820/674 835/835/689
f 821/821/675 835/835/689 834/834/688
f 59/59/57 53/53/51 828/828/682
f 59/59/57 828/828/682 859/859/713
f 53/53/51 14/14/14 829/829/683
f 53/53/51 829/829/683 828/828/682
f 911/911/765 821/821/675 834/834/688
f 911/911/765 834/834/688 912/912/766
f 14/14/14 13/13/13 915/915/769
f 14/14/14 915/915/769 829/829/683
f 855/855/709 879/879/733 880/880/734
f 855/855/709 880/880/734 856/856/710
f 65/65/63 59/59/57 859/859/713
f 65/65/63 859/859/713 883/883/737
f 879/879/733 903/903/757 904/904/758
f 879/879/733 904/904/758 880/880/734
f 9/9/9 65/65/63 883/883/737
f 9/9/9 883/883/737 907/907/761
f 903/903/757 927/927/781 928/928/782
f 903/903/757 928/928/782 904/904/758
f 10/10/10 9/9/9 907/907/761
f 10/10/10 907/907/761 931/931/785
f 927/927/781 943/943/797 944/944/798
f 927/927/781 944/944/798 928/928/782
f 19/19/19 10/10/10 931/931/785
f 19/19/19 931/931/785 947/947/801
f 943/943/797 959/959/813 960/960/814
f 943/943/797 960/960/814 944/944/798
f 22/22/22 19/19/19 947/947/801
f 22/22/22 947/947/801 963/963/817
f 959/959/813 975/975/829 976/976/830
f 959/959/813 976/976/830 960/960/814
f 25/25/25 22/22/22 963/963/817
f 25/25/25 963/963/817 979/979/833
f 975/975/829 991/991/845 992/992/846
f 975/975/829 992/992/846 976/976/830
f 29/29/29 25/25/25 979/979/833
f 29/29/29 979/979/833 995/995/849
f 991/991/845 1007/1007/861 1008/1008/862
f 991/991/845 1008/1008/862 992/992/846
f 33/33/33 29/29/29 995/995/849
f 33/33/33 995/995/849 1011/1011/865
f 1007/1007/861 1023/1023/877 1024/1024/878
f 1007/1007/861 1024/1024/878 1008/1008/862
f 37/37/37 33/33/33 1011/1011/865
f 37/37/37 1011/1011/865 1027/1027/881
f 1023/1023/877 1047/1047/893 1048/1048/894
f 1023/1023/877 1048/1048/894 1024/1024/878
f 43/43/41 37/37/37 1027/1027/881
f 43/43/41 1027/1027/881 1051/1051/897
f 1047/1047/893 811/811/665 812/812/666
f 1047/1047/893 812/812/666 1048/1048/894
f 47/47/45 43/43/41 1051/1051/897
f 47/47/45 1051/1051/897 819/819/673
f 811/811/665 810/810/664 813/813/667
f 811/811/665 813/813/667 812/812/666
f 51/51/49 47/47/45 819/819/673
f 51/51/49 819/819/673 818/818/672
f 810/810/664 847/847/701 848/848/702
f 810/810/664 848/848/702 813/813/667
f 57/57/55 51/51/49 818/818/672
f 57/57/55 818/818/672 851/851/705
f 847/847/701 871/871/725 872/872/726
f 847/847/701 872/872/726 848/848/702
f 63/63/61 57/57/55 851/851/705
f 63/63/61 851/851/705 875/875/729
f 871/871/725 895/895/749 896/896/750
f 871/871/725 896/896/750 872/872/726
f 1/1/1 63/63/61 875/875/729
f 1/1/1 875/875/729 899/899/753
f 895/895/749 919/919/773 920/920/774
f 895/895/749 920/920/774 896/896/750
f 2/2/2 1/1/1 899/899/753
f 2/2/2 899/899/753 923/923/777
f 919/919/773 935/935/789 936/936/790
f 919/919/773 936/936/790 920/920/774
f 17/17/17 2/2/2 923/923/777
f 17/17/17 923/923/777 939/939/793
f 935/935/789 951/951/805 952/952/806
f 935/935/789 952/952/806 936/936/790
f 21/21/21 17/17/17 939/939/793
f 21/21/21 939/939/793 955/955/809
f 951/951/805 967/967/821 968/968/822
f 951/951/805 968/968/822 952/952/806
f 24/24/24 21/21/21 955/955/809
f 24/24/24 955/955/809 971/971/825
f 967/967/821 983/983/837 984/984/838
f 967/967/821 984/984/838 968/968/822
f 27/27/27 24/24/24 971/971/825
f 27/27/27 971/971/825 987/987/841
f 983/983/837 999/999/853 1000/1000/854
f 983/983/837 1000/1000/854 984/984/838
f 31/31/31 27/27/27 987/987/841
f 31/31/31 987/987/841 1003/1003/857
f 999/999/853 1015/1015/869 1016/1016/870
f 999/999/853 1016/1016/870 1000/1000/854
f 35/35/35 31/31/31 1003/1003/857
f 35/35/35 1003/1003/857 1019/1019/873
f 1035/1035/869 1034/1034/885 1037/1037/886
f 1035/1035/869 1037/1037/886 1036/1036/870
f 40/40/39 39/39/35 1043/1043/873
f 40/40/39 1043/1043/873 1042/1042/889
f 1034/1034/885 795/795/649 796/796/650
f 1034/1034/885 796/796/650 1037/1037/886
f 45/45/43 40/40/39 1042/1042/889
f 45/45/43 1042/1042/889 803/803/657
f 795/795/649 794/794/648 797/797/651
f 795/795/649 797/797/651 796/796/650
f 49/49/47 45/45/43 803/803/657
f 49/49/47 803/803/657 802/802/656
f 794/794/648 839/839/693 840/840/694
f 794/794/648 840/840/694 797/797/651
f 55/55/53 49/49/47 802/802/656
f 55/55/53 802/802/656 843/843/697
f 839/839/693 863/863/717 864/864/718
f 839/839/693 864/864/718 840/840/694
f 61/61/59 55/55/53 843/843/697
f 61/61/59 843/843/697 867/867/721
f 863/863/717 887/887/741 888/888/742
f 863/863/717 888/888/742 864/864/718
f 67/67/65 61/61/59 867/867/721
f 67/67/65 867/867/721 891/891/745
f 887/887/741 911/911/765 912/912/766
f 887/887/741 912/912/766 888/888/742
f 13/13/13 67/67/65 891/891/745
f 13/13/13 891/891/745 915/915/769
f 696/696/585 695/695/584 827/827/681
f 696/696/585 827/827/681 826/826/680
f 695/695/584 698/698/587 852/852/706
f 695/695/584 852/852/706 827/827/681
f 754/754/641 696/696/585 826/826/680
f 754/754/641 826/826/680 908/908/762
f 698/698/587 700/700/589 876/876/730
f 698/698/587 876/876/730 852/852/706
f 700/700/589 702/702/591 900/900/754
f 700/700/589 900/900/754 876/876/730
f 702/702/591 704/704/593 924/924/778
f 702/702/591 924/924/778 900/900/754
f 704/704/593 706/706/595 940/940/794
f 704/704/593 940/940/794 924/924/778
f 706/706/595 708/708/597 956/956/810
f 706/706/595 956/956/810 940/940/794
f 708/708/597 710/710/599 972/972/826
f 708/708/597 972/972/826 956/956/810
f 710/710/599 712/712/601 988/988/842
f 710/710/599 988/988/842 972/972/826
f 712/712/601 714/714/603 1004/1004/858
f 712/712/601 1004/1004/858 988/988/842
f 714/714/603 716/716/605 1020/1020/874
f 714/714/603 1020/1020/874 1004/1004/858
f 716/716/605 718/718/607 1044/1044/890
f 716/716/605 1044/1044/890 1020/1020/874
f 718/718/607 720/720/609 804/804/658
f 718/718/607 804/804/658 1044/1044/890
f 720/720/609 722/722/611 805/805/659
f 720/720/609 805/805/659 804/804/658
f 722/722/611 724/724/613 844/844/698
f 722/722/611 844/844/698 805/805/659
f 724/724/613 726/726/615 868/868/722
f 724/724/613 868/868/722 844/844/698
f 726/726/615 728/728/617 892/892/746
f 726/726/615 892/892/746 868/868/722
f 728/728/617 730/730/619 916/916/770
f 728/728/617 916/916/770 892/892/746
f 730/730/619 732/732/621 932/932/786
f 730/730/619 932/932/786 916/916/770
f 732/732/621 734/734/623 948/948/802
f 732/732/621 948/948/802 932/932/786
f 734/734/623 692/692/581 964/964/818
f 734/734/623 964/964/818 948/948/802
f 692/692/581 691/691/580 980/980/834
f 692/692/581 980/980/834 964/964/818
f 691/691/580 736/736/625 996/996/850
f 691/691/580 996/996/850 980/980/834
f 736/736/625 738/738/627 1012/1012/866
f 736/736/625 1012/1012/866 996/996/850
f 742/742/627 741/741/629 1029/1029/882
f 742/742/627 1029/1029/882 1028/1028/866
f 741/741/629 744/744/631 788/788/642
f 741/741/629 788/788/642 1029/1029/882
f 744/744/631 746/746/633 789/789/643
f 744/744/631 789/789/643 788/788/642
f 746/746/633 748/748/635 836/836/690
f 746/746/633 836/836/690 789/789/643
f 748/748/635 750/750/637 860/860/714
f 748/748/635 860/860/714 836/836/690
f 750/750/637 752/752/639 884/884/738
f 750/750/637 884/884/738 860/860/714
f 752/752/639 754/754/641 908/908/762
f 752/752/639 908/908/762 884/884/738
f 1052/1052/898 1053/1053/899 1054/1054/900
f 1052/1052/898 1054/1054/900 1055/1055/901
f 1056/1056/902 1057/1057/902 138/138/134
f 1056/1056/902 138/138/134 137/137/133
f 1058/1058/902 1059/1059/902 169/169/164
f 1058/1058/902 169/169/164 168/168/163
f 1060/1060/902 1061/1061/902 171/171/166
f 1060/1060/902 171/171/166 170/170/165
f 1062/1062/902 1056/1056/902 137/137/133
f 1062/1062/902 137/137/133 172/172/167
f 1063/1063/902 1058/1058/902 168/168/163
f 1063/1063/902 168/168/163 173/173/168
f 1064/1064/902 1060/1060/902 170/170/165
f 1064/1064/902 170/170/165 174/174/169
f 1065/1065/902 1062/1062/902 172/172/167
f 1065/1065/902 172/172/167 175/175/170
f 1066/1066/902 1063/1063/902 173/173/168
f 1066/1066/902 173/173/168 176/176/171
f 1067/1067/902 1064/1064/902 174/174/169
f 1067/1067/902 174/174/169 177/177/172
f 1068/1068/902 1065/1065/902 175/175/170
f 1068/1068/902 175/175/170 178/178/173
f 1069/1069/902 1067/1067/902 177/177/172
f 1069/1069/902 177/177/172 179/179/174
f 1070/1070/902 1068/1068/902 178/178/173
f 1070/1070/902 178/178/173 180/180/175
f 1071/1071/902 1069/1069/902 179/179/174
f 1071/1071/902 179/179/174 181/181/176
f 1072/1072/902 1070/1070/902 180/180/175
f 1072/1072/902 180/180/175 182/182/177
f 1073/1073/902 1071/1071/902 181/181/176
f 1073/1073/902 181/181/176 183/183/178
f 1074/1074/902 1072/1072/902 182/182/177
f 1074/1074/902 182/182/177 184/184/179
f 1075/1075/902 1073/1073/902 183/183/178
f 1075/1075/902 183/183/178 185/185/180
f 1076/1076/902 1074/1074/902 184/184/179
f 1076/1076/902 184/184/179 186/186/181
f 1077/1077/902 1075/1075/902 185/185/180
f 1077/1077/902 185/185/180 187/187/182
f 1078/1078/902 1076/1076/902 186/186/181
f 1078/1078/902 186/186/181 188/188/183
f 1079/1079/902 1080/1080/902 190/190/182
f 1079/1079/902 190/190/182 189/189/184
f 1081/1081/902 1078/1078/902 188/188/183
f 1081/1081/902 188/188/183 191/191/185
f 1082/1082/902 1079/1079/902 189/189/184
f 1082/1082/902 189/189/184 192/192/186
f 1083/1083/902 1081/1081/902 191/191/185
f 1083/1083/902 191/191/185 193/193/187
f 1084/1084/902 1082/1082/902 192/192/186
f 1084/1084/902 192/192/186 194/194/188
f 1085/1085/902 1083/1083/902 193/193/187
f 1085/1085/902 193/193/187 195/195/189
f 1086/1086/902 1066/1066/902 176/176/171
f 1086/1086/902 176/176/171 196/196/190
f 1087/1087/902 1084/1084/902 194/194/188
f 1087/1087/902 194/194/188 197/197/191
f 1088/1088/902 1085/1085/902 195/195/189
f 1088/1088/902 195/195/189 198/198/192
f 1057/1057/902 1086/1086/902 196/196/190
f 1057/1057/902 196/196/190 138/138/134
f 1059/1059/902 1087/1087/902 197/197/191
f 1059/1059/902 197/197/191 169/169/164
f 1061/1061/902 1088/1088/902 198/198/192
f 1061/1061/902 198/198/192 171/171/166
f 1054/1054/900 1089/1089/903 1090/1090/904
f 1054/1054/900 1090/1090/904 1091/1091/905
f 1092/1092/906 1093/1093/907 1094/1094/908
f 1092/1092/906 1094/1094/908 1095/1095/909
f 1096/1096/910 1097/1097/911 1098/1098/912
f 1096/1096/910 1098/1098/912 1099/1099/913
f 1100/1100/914 1101/1101/915 1102/1102/916
f 1100/1100/914 1102/1102/916 1103/1103/917
f 1104/1104/918 1105/1105/919 1106/1106/920
f 1104/1104/918 1106/1106/920 1107/1107/921
f 1108/1108/922 1109/1109/923 1110/1110/924
f 1108/1108/922 1110/1110/924 1111/1111/925
f 1112/1112/926 1113/1113/927 1114/1114/928
f 1112/1112/926 1114/1114/928 1115/1115/929
f 1116/1116/930 1052/1052/898 1055/1055/901
f 1116/1116/930 1055/1055/901 1117/1117/931
f 1097/1097/911 1118/1118/932 1119/1119/933
f 1097/1097/911 1119/1119/933 1098/1098/912
f 1053/1053/899 1120/1120/934 1089/1089/903
f 1053/1053/899 1089/1089/903 1054/1054/900
f 1109/1109/923 1121/1121/935 1122/1122/936
f 1109/1109/923 1122/1122/936 1110/1110/924
f 1101/1101/915 1123/1123/937 1124/1124/938
f 1101/1101/915 1124/1124/938 1102/1102/916
f 1125/1125/932 1126/1126/939 1127/1127/940
f 1125/1125/932 1127/1127/940 1128/1128/933
f 1113/1113/927 1129/1129/941 1130/1130/942
f 1113/1113/927 1130/1130/942 1114/1114/928
f 1121/1121/935 1131/1131/943 1132/1132/944
f 1121/1121/935 1132/1132/944 1122/1122/936
f 1120/1120/934 1133/1133/945 1134/1134/946
f 1120/1120/934 1134/1134/946 1089/1089/903
f 1126/1126/939 1135/1135/947 1136/1136/948
f 1126/1126/939 1136/1136/948 1127/1127/940
f 1123/1123/937 1137/1137/949 1138/1138/950
f 1123/1123/937 1138/1138/950 1124/1124/938
f 1131/1131/943 1139/1139/951 1140/1140/952
f 1131/1131/943 1140/1140/952 1132/1132/944
f 1133/1133/945 1141/1141/953 1142/1142/954
f 1133/1133/945 1142/1142/954 1134/1134/946
f 1135/1135/947 1143/1143/955 1144/1144/956
f 1135/1135/947 1144/1144/956 1136/1136/948
f 1137/1137/949 1145/1145/957 1146/1146/958
f 1137/1137/949 1146/1146/958 1138/1138/950
f 1139/1139/951 1147/1147/959 1148/1148/960
f 1139/1139/951 1148/1148/960 1140/1140/952
f 1141/1141/953 1149/1149/961 1150/1150/962
f 1141/1141/953 1150/1150/962 1142/1142/954
f 1129/1129/941 1092/1092/906 1095/1095/909
f 1129/1129/941 1095/1095/909 1130/1130/942
f 1145/1145/957 1151/1151/963 1152/1152/964
f 1145/1145/957 1152/1152/964 1146/1146/958
f 1093/1093/907 1100/1100/914 1103/1103/917
f 1093/1093/907 1103/1103/917 1094/1094/908
f 1143/1143/955 1104/1104/918 1107/1107/921
f 1143/1143/955 1107/1107/921 1144/1144/956
f 1149/1149/961 1096/1096/910 1099/1099/913
f 1149/1149/961 1099/1099/913 1150/1150/962
f 1105/1105/919 1112/1112/926 1115/1115/929
f 1105/1105/919 1115/1115/929 1106/1106/920
f 1147/1147/959 1116/1116/930 1117/1117/931
f 1147/1147/959 1117/1117/931 1148/1148/960
f 1151/1151/963 1108/1108/922 1111/1111/925
f 1151/1151/963 1111/1111/925 1152/1152/964
f 1090/1090/904 1153/1153/965 1154/1154/966
f 1090/1090/904 1154/1154/966 1155/1155/967
f 1110/1110/924 1122/1122/936 1156/1156/968
f 1110/1110/924 1156/1156/968 1157/1157/969
f 1102/1102/916 1124/1124/938 1158/1158/970
f 1102/1102/916 1158/1158/970 1159/1159/971
f 1128/1128/933 1127/1127/940 1160/1160/972
f 1128/1128/933 1160/1160/972 1161/1161/973
f 1114/1114/928 1130/1130/942 1162/1162/974
f 1114/1114/928 1162/1162/974 1163/1163/975
f 1122/1122/936 1132/1132/944 1164/1164/976
f 1122/1122/936 1164/1164/976 1156/1156/968
f 1089/1089/903 1134/1134/946 1153/1153/965
f 1089/1089/903 1153/1153/965 1090/1090/904
f 1127/1127/940 1136/1136/948 1165/1165/977
f 1127/1127/940 1165/1165/977 1160/1160/972
f 1124/1124/938 1138/1138/950 1166/1166/978
f 1124/1124/938 1166/1166/978 1158/1158/970
f 1132/1132/944 1140/1140/952 1167/1167/979
f 1132/1132/944 1167/1167/979 1164/1164/976
f 1134/1134/946 1142/1142/954 1168/1168/980
f 1134/1134/946 1168/1168/980 1153/1153/965
f 1136/1136/948 1144/1144/956 1169/1169/981
f 1136/1136/948 1169/1169/981 1165/1165/977
f 1138/1138/950 1146/1146/958 1170/1170/982
f 1138/1138/950 1170/1170/982 1166/1166/978
f 1140/1140/952 1148/1148/960 1171/1171/983
f 1140/1140/952 1171/1171/983 1167/1167/979
f 1142/1142/954 1150/1150/962 1172/1172/984
f 1142/1142/954 1172/1172/984 1168/1168/980
f 1130/1130/942 1095/1095/909 1173/1173/985
f 1130/1130/942 1173/1173/985 1162/1162/974
f 1146/1146/958 1152/1152/964 1174/1174/986
f 1146/1146/958 1174/1174/986 1170/1170/982
f 1094/1094/908 1103/1103/917 1175/1175/987
f 1094/1094/908 1175/1175/987 1176/1176/988
f 1144/1144/956 1107/1107/921 1177/1177/989
f 1144/1144/956 1177/1177/989 1169/1169/981
f 1150/1150/962 1099/1099/913 1178/1178/990
f 1150/1150/962 1178/1178/990 1172/1172/984
f 1106/1106/920 1115/1115/929 1179/1179/991
f 1106/1106/920 1179/1179/991 1180/1180/992
f 1148/1148/960 1117/1117/931 1181/1181/993
f 1148/1148/960 1181/1181/993 1171/1171/983
f 1152/1152/964 1111/1111/925 1182/1182/994
f 1152/1152/964 1182/1182/994 1174/1174/986
f 1055/1055/901 1054/1054/900 1091/1091/905
f 1055/1055/901 1091/1091/905 1183/1183/995
f 1095/1095/909 1094/1094/908 1176/1176/988
f 1095/1095/909 1176/1176/988 1173/1173/985
f 1099/1099/913 1098/1098/912 1184/1184/996
f 1099/1099/913 1184/1184/996 1178/1178/990
f 1103/1103/917 1102/1102/916 1159/1159/971
f 1103/1103/917 1159/1159/971 1175/1175/987
f 1107/1107/921 1106/1106/920 1180/1180/992
f 1107/1107/921 1180/1180/992 1177/1177/989
f 1111/1111/925 1110/1110/924 1157/1157/969
f 1111/1111/925 1157/1157/969 1182/1182/994
f 1115/1115/929 1114/1114/928 1163/1163/975
f 1115/1115/929 1163/1163/975 1179/1179/991
f 1117/1117/931 1055/1055/901 1183/1183/995
f 1117/1117/931 1183/1183/995 1181/1181/993
f 1098/1098/912 1119/1119/933 1185/1185/973
f 1098/1098/912 1185/1185/973 1184/1184/996
f 1186/1186/997 1187/1187/998 1188/1188/999
f 1186/1186/997 1188/1188/999 1189/1189/1000
f 1160/1160/972 1165/1165/977 1190/1190/1001
f 1160/1160/972 1190/1190/1001 1191/1191/1002
f 1158/1158/970 1166/1166/978 1186/1186/997
f 1158/1158/970 1186/1186/997 1192/1192/1003
f 1164/1164/976 1167/1167/979 1193/1193/1004
f 1164/1164/976 1193/1193/1004 1194/1194/1005
f 1153/1153/965 1168/1168/980 1195/1195/1006
f 1153/1153/965 1195/1195/1006 1154/1154/966
f 1165/1165/977 1169/1169/981 1196/1196/1007
f 1165/1165/977 1196/1196/1007 1190/1190/1001
f 1166/1166/978 1170/1170/982 1187/1187/998
f 1166/1166/978 1187/1187/998 1186/1186/997
f 1167/1167/979 1171/1171/983 1197/1197/1008
f 1167/1167/979 1197/1197/1008 1193/1193/1004
f 1168/1168/980 1172/1172/984 1198/1198/1009
f 1168/1168/980 1198/1198/1009 1195/1195/1006
f 1162/1162/974 1173/1173/985 1199/1199/1010
f 1162/1162/974 1199/1199/1010 1200/1200/1011
f 1170/1170/982 1174/1174/986 1201/1201/1012
f 1170/1170/982 1201/1201/1012 1187/1187/998
f 1176/1176/988 1175/1175/987 1202/1202/1013
f 1176/1176/988 1202/1202/1013 1203/1203/1014
f 1169/1169/981 1177/1177/989 1204/1204/1015
f 1169/1169/981 1204/1204/1015 1196/1196/1007
f 1172/1172/984 1178/1178/990 1205/1205/1016
f 1172/1172/984 1205/1205/1016 1198/1198/1009
f 1180/1180/992 1179/1179/991 1206/1206/1017
f 1180/1180/992 1206/1206/1017 1207/1207/1018
f 1171/1171/983 1181/1181/993 1208/1208/1019
f 1171/1171/983 1208/1208/1019 1197/1197/1008
f 1174/1174/986 1182/1182/994 1209/1209/1020
f 1174/1174/986 1209/1209/1020 1201/1201/1012
f 1183/1183/995 1091/1091/905 1210/1210/1021
f 1183/1183/995 1210/1210/1021 1211/1211/1022
f 1173/1173/985 1176/1176/988 1203/1203/1014
f 1173/1173/985 1203/1203/1014 1199/1199/1010
f 1178/1178/990 1184/1184/996 1212/1212/1023
f 1178/1178/990 1212/1212/1023 1205/1205/1016
f 1175/1175/987 1159/1159/971 1213/1213/1024
f 1175/1175/987 1213/1213/1024 1202/1202/1013
f 1177/1177/989 1180/1180/992 1207/1207/1018
f 1177/1177/989 1207/1207/1018 1204/1204/1015
f 1182/1182/994 1157/1157/969 1214/1214/1025
f 1182/1182/994 1214/1214/1025 1209/1209/1020
f 1179/1179/991 1163/1163/975 1215/1215/1026
f 1179/1179/991 1215/1215/1026 1206/1206/1017
f 1181/1181/993 1183/1183/995 1211/1211/1022
f 1181/1181/993 1211/1211/1022 1208/1208/1019
f 1184/1184/996 1185/1185/973 1216/1216/1027
f 1184/1184/996 1216/1216/1027 1212/1212/1023
f 1091/1091/905 1090/1090/904 1155/1155/967
f 1091/1091/905 1155/1155/967 1210/1210/1021
f 1157/1157/969 1156/1156/968 1217/1217/1028
f 1157/1157/969 1217/1217/1028 1214/1214/1025
f 1159/1159/971 1158/1158/970 1192/1192/1003
f 1159/1159/971 1192/1192/1003 1213/1213/1024
f 1161/1161/973 1160/1160/972 1191/1191/1002
f 1161/1161/973 1191/1191/1002 1218/1218/1027
f 1163/1163/975 1162/1162/974 1200/1200/1011
f 1163/1163/975 1200/1200/1011 1215/1215/1026
f 1156/1156/968 1164/1164/976 1194/1194/1005
f 1156/1156/968 1194/1194/1005 1217/1217/1028
f 1219/1219/1029 1220/1220/1030 1221/1221/1031
f 1219/1219/1029 1221/1221/1031 1222/1222/1032
f 1193/1193/1004 1197/1197/1008 1223/1223/1033
f 1193/1193/1004 1223/1223/1033 1224/1224/1034
f 1195/1195/1006 1198/1198/1009 1219/1219/1029
f 1195/1195/1006 1219/1219/1029 1225/1225/1035
f 1200/1200/1011 1199/1199/1010 1226/1226/1036
f 1200/1200/1011 1226/1226/1036 1227/1227/1037
f 1187/1187/998 1201/1201/1012 1228/1228/1038
f 1187/1187/998 1228/1228/1038 1188/1188/999
f 1203/1203/1014 1202/1202/1013 1229/1229/1039
f 1203/1203/1014 1229/1229/1039 1230/1230/1040
f 1196/1196/1007 1204/1204/1015 1231/1231/1041
f 1196/1196/1007 1231/1231/1041 1232/1232/1042
f 1198/1198/1009 1205/1205/1016 1220/1220/1030
f 1198/1198/1009 1220/1220/1030 1219/1219/1029
f 1207/1207/1018 1206/1206/1017 1233/1233/1043
f 1207/1207/1018 1233/1233/1043 1234/1234/1044
f 1197/1197/1008 1208/1208/1019 1235/1235/1045
f 1197/1197/1008 1235/1235/1045 1223/1223/1033
f 1201/1201/1012 1209/1209/1020 1236/1236/1046
f 1201/1201/1012 1236/1236/1046 1228/1228/1038
f 1211/1211/1022 1210/1210/1021 1237/1237/1047
f 1211/1211/1022 1237/1237/1047 1238/1238/1048
f 1199/1199/1010 1203/1203/1014 1230/1230/1040
f 1199/1199/1010 1230/1230/1040 1226/1226/1036
f 1205/1205/1016 1212/1212/1023 1239/1239/1049
f 1205/1205/1016 1239/1239/1049 1220/1220/1030
f 1202/1202/1013 1213/1213/1024 1240/1240/1050
f 1202/1202/1013 1240/1240/1050 1229/1229/1039
f 1204/1204/1015 1207/1207/1018 1234/1234/1044
f 1204/1204/1015 1234/1234/1044 1231/1231/1041
f 1209/1209/1020 1214/1214/1025 1241/1241/1051
f 1209/1209/1020 1241/1241/1051 1236/1236/1046
f 1206/1206/1017 1215/1215/1026 1242/1242/1052
f 1206/1206/1017 1242/1242/1052 1233/1233/1043
f 1208/1208/1019 1211/1211/1022 1238/1238/1048
f 1208/1208/1019 1238/1238/1048 1235/1235/1045
f 1212/1212/1023 1216/1216/1027 1243/1243/1053
f 1212/1212/1023 1243/1243/1053 1239/1239/1049
f 1210/1210/1021 1155/1155/967 1244/1244/1054
f 1210/1210/1021 1244/1244/1054 1237/1237/1047
f 1214/1214/1025 1217/1217/1028 1245/1245/1055
f 1214/1214/1025 1245/1245/1055 1241/1241/1051
f 1213/1213/1024 1192/1192/1003 1246/1246/1056
f 1213/1213/1024 1246/1246/1056 1240/1240/1050
f 1218/1218/1027 1191/1191/1002 1247/1247/1057
f 1218/1218/1027 1247/1247/1057 1248/1248/1053
f 1215/1215/1026 1200/1200/1011 1227/1227/1037
f 1215/1215/1026 1227/1227/1037 1242/1242/1052
f 1217/1217/1028 1194/1194/1005 1249/1249/1058
f 1217/1217/1028 1249/1249/1058 1245/1245/1055
f 1155/1155/967 1154/1154/966 1250/1250/1059
f 1155/1155/967 1250/1250/1059 1244/1244/1054
f 1191/1191/1002 1190/1190/1001 1251/1251/1060
f 1191/1191/1002 1251/1251/1060 1247/1247/1057
f 1192/1192/1003 1186/1186/997 1189/1189/1000
f 1192/1192/1003 1189/1189/1000 1246/1246/1056
f 1194/1194/1005 1193/1193/1004 1224/1224/1034
f 1194/1194/1005 1224/1224/1034 1249/1249/1058
f 1154/1154/966 1195/1195/1006 1225/1225/1035
f 1154/1154/966 1225/1225/1035 1250/1250/1059
f 1190/1190/1001 1196/1196/1007 1232/1232/1042
f 1190/1190/1001 1232/1232/1042 1251/1251/1060
f 1252/1252/1061 1253/1253/1062 1254/1254/1063
f 1252/1252/1061 1254/1254/1063 1255/1255/1064
f 1234/1234/1044 1233/1233/1043 1256/1256/1065
f 1234/1234/1044 1256/1256/1065 1257/1257/1066
f 1223/1223/1033 1235/1235/1045 1258/1258/1067
f 1223/1223/1033 1258/1258/1067 1259/1259/1068
f 1228/1228/1038 1236/1236/1046 1252/1252/1061
f 1228/1228/1038 1252/1252/1061 1260/1260/1069
f 1238/1238/1048 1237/1237/1047 1261/1261/1070
f 1238/1238/1048 1261/1261/1070 1262/1262/1071
f 1226/1226/1036 1230/1230/1040 1263/1263/1072
f 1226/1226/1036 1263/1263/1072 1264/1264/1073
f 1220/1220/1030 1239/1239/1049 1265/1265/1074
f 1220/1220/1030 1265/1265/1074 1221/1221/1031
f 1229/1229/1039 1240/1240/1050 1266/1266/1075
f 1229/1229/1039 1266/1266/1075 1267/1267/1076
f 1231/1231/1041 1234/1234/1044 1257/1257/1066
f 1231/1231/1041 1257/1257/1066 1268/1268/1077
f 1236/1236/1046 1241/1241/1051 1253/1253/1062
f 1236/1236/1046 1253/1253/1062 1252/1252/1061
f 1233/1233/1043 1242/1242/1052 1269/1269/1078
f 1233/1233/1043 1269/1269/1078 1256/1256/1065
f 1235/1235/1045 1238/1238/1048 1262/1262/1071
f 1235/1235/1045 1262/1262/1071 1258/1258/1067
f 1239/1239/1049 1243/1243/1053 1270/1270/1079
f 1239/1239/1049 1270/1270/1079 1265/1265/1074
f 1237/1237/1047 1244/1244/1054 1271/1271/1080
f 1237/1237/1047 1271/1271/1080 1261/1261/1070
f 1241/1241/1051 1245/1245/1055 1272/1272/1081
f 1241/1241/1051 1272/1272/1081 1253/1253/1062
f 1240/1240/1050 1246/1246/1056 1273/1273/1082
f 1240/1240/1050 1273/1273/1082 1266/1266/1075
f 1248/1248/1053 1247/1247/1057 1274/1274/1083
f 1248/1248/1053 1274/1274/1083 1275/1275/1079
f 1242/1242/1052 1227/1227/1037 1276/1276/1084
f 1242/1242/1052 1276/1276/1084 1269/1269/1078
f 1245/1245/1055 1249/1249/1058 1277/1277/1085
f 1245/1245/1055 1277/1277/1085 1272/1272/1081
f 1244/1244/1054 1250/1250/1059 1278/1278/1086
f 1244/1244/1054 1278/1278/1086 1271/1271/1080
f 1247/1247/1057 1251/1251/1060 1279/1279/1087
f 1247/1247/1057 1279/1279/1087 1274/1274/1083
f 1246/1246/1056 1189/1189/1000 1280/1280/1088
f 1246/1246/1056 1280/1280/1088 1273/1273/1082
f 1249/1249/1058 1224/1224/1034 1281/1281/1089
f 1249/1249/1058 1281/1281/1089 1277/1277/1085
f 1250/1250/1059 1225/1225/1035 1282/1282/1090
f 1250/1250/1059 1282/1282/1090 1278/1278/1086
f 1251/1251/1060 1232/1232/1042 1283/1283/1091
f 1251/1251/1060 1283/1283/1091 1279/1279/1087
f 1189/1189/1000 1188/1188/999 1284/1284/1092
f 1189/1189/1000 1284/1284/1092 1280/1280/1088
f 1224/1224/1034 1223/1223/1033 1259/1259/1068
f 1224/1224/1034 1259/1259/1068 1281/1281/1089
f 1225/1225/1035 1219/1219/1029 1222/1222/1032
f 1225/1225/1035 1222/1222/1032 1282/1282/1090
f 1227/1227/1037 1226/1226/1036 1264/1264/1073
f 1227/1227/1037 1264/1264/1073 1276/1276/1084
f 1188/1188/999 1228/1228/1038 1260/1260/1069
f 1188/1188/999 1260/1260/1069 1284/1284/1092
f 1230/1230/1040 1229/1229/1039 1267/1267/1076
f 1230/1230/1040 1267/1267/1076 1263/1263/1072
f 1232/1232/1042 1231/1231/1041 1268/1268/1077
f 1232/1232/1042 1268/1268/1077 1283/1283/1091
f 1285/1285/1093 1286/1286/1094 1287/1287/1095
f 1285/1285/1093 1287/1287/1095 1288/1288/1096
f 1256/1256/1065 1269/1269/1078 1289/1289/1097
f 1256/1256/1065 1289/1289/1097 1290/1290/1098
f 1258/1258/1067 1262/1262/1071 1291/1291/1099
f 1258/1258/1067 1291/1291/1099 1292/1292/1100
f 1265/1265/1074 1270/1270/1079 1293/1293/1093
f 1265/1265/1074 1293/1293/1093 1294/1294/1101
f 1261/1261/1070 1271/1271/1080 1295/1295/1102
f 1261/1261/1070 1295/1295/1102 1296/1296/1103
f 1253/1253/1062 1272/1272/1081 1297/1297/1104
f 1253/1253/1062 1297/1297/1104 1254/1254/1063
f 1266/1266/1075 1273/1273/1082 1298/1298/1105
f 1266/1266/1075 1298/1298/1105 1299/1299/1106
f 1275/1275/1079 1274/1274/1083 1286/1286/1094
f 1275/1275/1079 1286/1286/1094 1285/1285/1093
f 1269/1269/1078 1276/1276/1084 1300/1300/1107
f 1269/1269/1078 1300/1300/1107 1289/1289/1097
f 1272/1272/1081 1277/1277/1085 1301/1301/1108
f 1272/1272/1081 1301/1301/1108 1297/1297/1104
f 1271/1271/1080 1278/1278/1086 1302/1302/1109
f 1271/1271/1080 1302/1302/1109 1295/1295/1102
f 1274/1274/1083 1279/1279/1087 1303/1303/1110
f 1274/1274/1083 1303/1303/1110 1286/1286/1094
f 1273/1273/1082 1280/1280/1088 1304/1304/1111
f 1273/1273/1082 1304/1304/1111 1298/1298/1105
f 1277/1277/1085 1281/1281/1089 1305/1305/1112
f 1277/1277/1085 1305/1305/1112 1301/1301/1108
f 1278/1278/1086 1282/1282/1090 1306/1306/1113
f 1278/1278/1086 1306/1306/1113 1302/1302/1109
f 1279/1279/1087 1283/1283/1091 1307/1307/1114
f 1279/1279/1087 1307/1307/1114 1303/1303/1110
f 1280/1280/1088 1284/1284/1092 1308/1308/1115
f 1280/1280/1088 1308/1308/1115 1304/1304/1111
f 1281/1281/1089 1259/1259/1068 1309/1309/1116
f 1281/1281/1089 1309/1309/1116 1305/1305/1112
f 1282/1282/1090 1222/1222/1032 1310/1310/1117
f 1282/1282/1090 1310/1310/1117 1306/1306/1113
f 1276/1276/1084 1264/1264/1073 1311/1311/1118
f 1276/1276/1084 1311/1311/1118 1300/1300/1107
f 1284/1284/1092 1260/1260/1069 1312/1312/1119
f 1284/1284/1092 1312/1312/1119 1308/1308/1115
f 1263/1263/1072 1267/1267/1076 1313/1313/1120
f 1263/1263/1072 1313/1313/1120 1314/1314/1121
f 1283/1283/1091 1268/1268/1077 1315/1315/1122
f 1283/1283/1091 1315/1315/1122 1307/1307/1114
f 1222/1222/1032 1221/1221/1031 1316/1316/1123
f 1222/1222/1032 1316/1316/1123 1310/1310/1117
f 1257/1257/1066 1256/1256/1065 1290/1290/1098
f 1257/1257/1066 1290/1290/1098 1317/1317/1124
f 1259/1259/1068 1258/1258/1067 1292/1292/1100
f 1259/1259/1068 1292/1292/1100 1309/1309/1116
f 1260/1260/1069 1252/1252/1061 1255/1255/1064
f 1260/1260/1069 1255/1255/1064 1312/1312/1119
f 1262/1262/1071 1261/1261/1070 1296/1296/1103
f 1262/1262/1071 1296/1296/1103 1291/1291/1099
f 1264/1264/1073 1263/1263/1072 1314/1314/1121
f 1264/1264/1073 1314/1314/1121 1311/1311/1118
f 1221/1221/1031 1265/1265/1074 1294/1294/1101
f 1221/1221/1031 1294/1294/1101 1316/1316/1123
f 1267/1267/1076 1266/1266/1075 1299/1299/1106
f 1267/1267/1076 1299/1299/1106 1313/1313/1120
f 1268/1268/1077 1257/1257/1066 1317/1317/1124
f 1268/1268/1077 1317/1317/1124 1315/1315/1122
f 1318/1318/1125 1319/1319/1126 1320/1320/1127
f 1318/1318/1125 1320/1320/1127 1321/1321/1128
f 1289/1289/1097 1300/1300/1107 1322/1322/1129
f 1289/1289/1097 1322/1322/1129 1323/1323/1130
f 1297/1297/1104 1301/1301/1108 1318/1318/1125
f 1297/1297/1104 1318/1318/1125 1324/1324/1131
f 1295/1295/1102 1302/1302/1109 1325/1325/1132
f 1295/1295/1102 1325/1325/1132 1326/1326/1133
f 1286/1286/1094 1303/1303/1110 1327/1327/1134
f 1286/1286/1094 1327/1327/1134 1287/1287/1095
f 1298/1298/1105 1304/1304/1111 1328/1328/1135
f 1298/1298/1105 1328/1328/1135 1329/1329/1136
f 1301/1301/1108 1305/1305/1112 1319/1319/1126
f 1301/1301/1108 1319/1319/1126 1318/1318/1125
f 1302/1302/1109 1306/1306/1113 1330/1330/1137
f 1302/1302/1109 1330/1330/1137 1325/1325/1132
f 1303/1303/1110 1307/1307/1114 1331/1331/1138
f 1303/1303/1110 1331/1331/1138 1327/1327/1134
f 1304/1304/1111 1308/1308/1115 1332/1332/1139
f 1304/1304/1111 1332/1332/1139 1328/1328/1135
f 1305/1305/1112 1309/1309/1116 1333/1333/1140
f 1305/1305/1112 1333/1333/1140 1319/1319/1126
f 1306/1306/1113 1310/1310/1117 1334/1334/1141
f 1306/1306/1113 1334/1334/1141 1330/1330/1137
f 1300/1300/1107 1311/1311/1118 1335/1335/1142
f 1300/1300/1107 1335/1335/1142 1322/1322/1129
f 1308/1308/1115 1312/1312/1119 1336/1336/1143
f 1308/1308/1115 1336/1336/1143 1332/1332/1139
f 1314/1314/1121 1313/1313/1120 1337/1337/1144
f 1314/1314/1121 1337/1337/1144 1338/1338/1145
f 1307/1307/1114 1315/1315/1122 1339/1339/1146
f 1307/1307/1114 1339/1339/1146 1331/1331/1138
f 1310/1310/1117 1316/1316/1123 1340/1340/1147
f 1310/1310/1117 1340/1340/1147 1334/1334/1141
f 1317/1317/1124 1290/1290/1098 1341/1341/1148
f 1317/1317/1124 1341/1341/1148 1342/1342/1149
f 1309/1309/1116 1292/1292/1100 1343/1343/1150
f 1309/1309/1116 1343/1343/1150 1333/1333/1140
f 1312/1312/1119 1255/1255/1064 1344/1344/1151
f 1312/1312/1119 1344/1344/1151 1336/1336/1143
f 1291/1291/1099 1296/1296/1103 1345/1345/1152
f 1291/1291/1099 1345/1345/1152 1346/1346/1153
f 1311/1311/1118 1314/1314/1121 1338/1338/1145
f 1311/1311/1118 1338/1338/1145 1335/1335/1142
f 1316/1316/1123 1294/1294/1101 1347/1347/1154
f 1316/1316/1123 1347/1347/1154 1340/1340/1147
f 1313/1313/1120 1299/1299/1106 1348/1348/1155
f 1313/1313/1120 1348/1348/1155 1337/1337/1144
f 1315/1315/1122 1317/1317/1124 1342/1342/1149
f 1315/1315/1122 1342/1342/1149 1339/1339/1146
f 1255/1255/1064 1254/1254/1063 1349/1349/1156
f 1255/1255/1064 1349/1349/1156 1344/1344/1151
f 1290/1290/1098 1289/1289/1097 1323/1323/1130
f 1290/1290/1098 1323/1323/1130 1341/1341/1148
f 1292/1292/1100 1291/1291/1099 1346/1346/1153
f 1292/1292/1100 1346/1346/1153 1343/1343/1150
f 1294/1294/1101 1293/1293/1093 1350/1350/1096
f 1294/1294/1101 1350/1350/1096 1347/1347/1154
f 1296/1296/1103 1295/1295/1102 1326/1326/1133
f 1296/1296/1103 1326/1326/1133 1345/1345/1152
f 1254/1254/1063 1297/1297/1104 1324/1324/1131
f 1254/1254/1063 1324/1324/1131 1349/1349/1156
f 1299/1299/1106 1298/1298/1105 1329/1329/1136
f 1299/1299/1106 1329/1329/1136 1348/1348/1155
f 1351/1351/1157 1352/1352/1158 1353/1353/1159
f 1351/1351/1157 1353/1353/1159 1354/1354/1160
f 1325/1325/1132 1330/1330/1137 1355/1355/1161
f 1325/1325/1132 1355/1355/1161 1356/1356/1162
f 1327/1327/1134 1331/1331/1138 1357/1357/1163
f 1327/1327/1134 1357/1357/1163 1358/1358/1164
f 1328/1328/1135 1332/1332/1139 1359/1359/1165
f 1328/1328/1135 1359/1359/1165 1360/1360/1166
f 1319/1319/1126 1333/1333/1140 1361/1361/1167
f 1319/1319/1126 1361/1361/1167 1320/1320/1127
f 1330/1330/1137 1334/1334/1141 1362/1362/1168
f 1330/1330/1137 1362/1362/1168 1355/1355/1161
f 1322/1322/1129 1335/1335/1142 1352/1352/1158
f 1322/1322/1129 1352/1352/1158 1351/1351/1157
f 1332/1332/1139 1336/1336/1143 1363/1363/1169
f 1332/1332/1139 1363/1363/1169 1359/1359/1165
f 1338/1338/1145 1337/1337/1144 1364/1364/1170
f 1338/1338/1145 1364/1364/1170 1365/1365/1171
f 1331/1331/1138 1339/1339/1146 1366/1366/1172
f 1331/1331/1138 1366/1366/1172 1357/1357/1163
f 1334/1334/1141 1340/1340/1147 1367/1367/1173
f 1334/1334/1141 1367/1367/1173 1362/1362/1168
f 1342/1342/1149 1341/1341/1148 1368/1368/1174
f 1342/1342/1149 1368/1368/1174 1369/1369/1175
f 1333/1333/1140 1343/1343/1150 1370/1370/1176
f 1333/1333/1140 1370/1370/1176 1361/1361/1167
f 1336/1336/1143 1344/1344/1151 1371/1371/1177
f 1336/1336/1143 1371/1371/1177 1363/1363/1169
f 1346/1346/1153 1345/1345/1152 1372/1372/1178
f 1346/1346/1153 1372/1372/1178 1373/1373/1179
f 1335/1335/1142 1338/1338/1145 1365/1365/1171
f 1335/1335/1142 1365/1365/1171 1352/1352/1158
f 1340/1340/1147 1347/1347/1154 1374/1374/1180
f 1340/1340/1147 1374/1374/1180 1367/1367/1173
f 1337/1337/1144 1348/1348/1155 1375/1375/1181
f 1337/1337/1144 1375/1375/1181 1364/1364/1170
f 1339/1339/1146 1342/1342/1149 1369/1369/1175
f 1339/1339/1146 1369/1369/1175 1366/1366/1172
f 1344/1344/1151 1349/1349/1156 1376/1376/1182
f 1344/1344/1151 1376/1376/1182 1371/1371/1177
f 1341/1341/1148 1323/1323/1130 1377/1377/1183
f 1341/1341/1148 1377/1377/1183 1368/1368/1174
f 1343/1343/1150 1346/1346/1153 1373/1373/1179
f 1343/1343/1150 1373/1373/1179 1370/1370/1176
f 1347/1347/1154 1350/1350/1096 1378/1378/1184
f 1347/1347/1154 1378/1378/1184 1374/1374/1180
f 1345/1345/1152 1326/1326/1133 1379/1379/1185
f 1345/1345/1152 1379/1379/1185 1372/1372/1178
f 1349/1349/1156 1324/1324/1131 1380/1380/1186
f 1349/1349/1156 1380/1380/1186 1376/1376/1182
f 1348/1348/1155 1329/1329/1136 1381/1381/1187
f 1348/1348/1155 1381/1381/1187 1375/1375/1181
f 1288/1288/1096 1287/1287/1095 1382/1382/1188
f 1288/1288/1096 1382/1382/1188 1383/1383/1184
f 1323/1323/1130 1322/1322/1129 1351/1351/1157
f 1323/1323/1130 1351/1351/1157 1377/1377/1183
f 1324/1324/1131 1318/1318/1125 1321/1321/1128
f 1324/1324/1131 1321/1321/1128 1380/1380/1186
f 1326/1326/1133 1325/1325/1132 1356/1356/1162
f 1326/1326/1133 1356/1356/1162 1379/1379/1185
f 1287/1287/1095 1327/1327/1134 1358/1358/1164
f 1287/1287/1095 1358/1358/1164 1382/1382/1188
f 1329/1329/1136 1328/1328/1135 1360/1360/1166
f 1329/1329/1136 1360/1360/1166 1381/1381/1187
f 1384/1384/1189 1385/1385/1190 1386/1386/1191
f 1384/1384/1189 1386/1386/1191 1387/1387/1192
f 1359/1359/1165 1363/1363/1169 1388/1388/1193
f 1359/1359/1165 1388/1388/1193 1389/1389/1194
f 1365/1365/1171 1364/1364/1170 1390/1390/1195
f 1365/1365/1171 1390/1390/1195 1391/1391/1196
f 1357/1357/1163 1366/1366/1172 1392/1392/1197
f 1357/1357/1163 1392/1392/1197 1393/1393/1198
f 1362/1362/1168 1367/1367/1173 1394/1394/1199
f 1362/1362/1168 1394/1394/1199 1395/1395/1200
f 1369/1369/1175 1368/1368/1174 1396/1396/1201
f 1369/1369/1175 1396/1396/1201 1397/1397/1202
f 1361/1361/1167 1370/1370/1176 1398/1398/1203
f 1361/1361/1167 1398/1398/1203 1399/1399/1204
f 1363/1363/1169 1371/1371/1177 1400/1400/1205
f 1363/1363/1169 1400/1400/1205 1388/1388/1193
f 1373/1373/1179 1372/1372/1178 1384/1384/1189
f 1373/1373/1179 1384/1384/1189 1401/1401/1206
f 1352/1352/1158 1365/1365/1171 1391/1391/1196
f 1352/1352/1158 1391/1391/1196 1353/1353/1159
f 1367/1367/1173 1374/1374/1180 1402/1402/1207
f 1367/1367/1173 1402/1402/1207 1394/1394/1199
f 1364/1364/1170 1375/1375/1181 1403/1403/1208
f 1364/1364/1170 1403/1403/1208 1390/1390/1195
f 1366/1366/1172 1369/1369/1175 1397/1397/1202
f 1366/1366/1172 1397/1397/1202 1392/1392/1197
f 1371/1371/1177 1376/1376/1182 1404/1404/1209
f 1371/1371/1177 1404/1404/1209 1400/1400/1205
f 1368/1368/1174 1377/1377/1183 1405/1405/1210
f 1368/1368/1174 1405/1405/1210 1396/1396/1201
f 1370/1370/1176 1373/1373/1179 1401/1401/1206
f 1370/1370/1176 1401/1401/1206 1398/1398/1203
f 1374/1374/1180 1378/1378/1184 1406/1406/1211
f 1374/1374/1180 1406/1406/1211 1402/1402/1207
f 1372/1372/1178 1379/1379/1185 1385/1385/1190
f 1372/1372/1178 1385/1385/1190 1384/1384/1189
f 1376/1376/1182 1380/1380/1186 1407/1407/1212
f 1376/1376/1182 1407/1407/1212 1404/1404/1209
f 1375/1375/1181 1381/1381/1187 1408/1408/1213
f 1375/1375/1181 1408/1408/1213 1403/1403/1208
f 1383/1383/1184 1382/1382/1188 1409/1409/1214
f 1383/1383/1184 1409/1409/1214 1410/1410/1211
f 1377/1377/1183 1351/1351/1157 1354/1354/1160
f 1377/1377/1183 1354/1354/1160 1405/1405/1210
f 1380/1380/1186 1321/1321/1128 1411/1411/1215
f 1380/1380/1186 1411/1411/1215 1407/1407/1212
f 1379/1379/1185 1356/1356/1162 1412/1412/1216
f 1379/1379/1185 1412/1412/1216 1385/1385/1190
f 1382/1382/1188 1358/1358/1164 1413/1413/1217
f 1382/1382/1188 1413/1413/1217 1409/1409/1214
f 1381/1381/1187 1360/1360/1166 1414/1414/1218
f 1381/1381/1187 1414/1414/1218 1408/1408/1213
f 1321/1321/1128 1320/1320/1127 1415/1415/1219
f 1321/1321/1128 1415/1415/1219 1411/1411/1215
f 1356/1356/1162 1355/1355/1161 1416/1416/1220
f 1356/1356/1162 1416/1416/1220 1412/1412/1216
f 1358/1358/1164 1357/1357/1163 1393/1393/1198
f 1358/1358/1164 1393/1393/1198 1413/1413/1217
f 1360/1360/1166 1359/1359/1165 1389/1389/1194
f 1360/1360/1166 1389/1389/1194 1414/1414/1218
f 1320/1320/1127 1361/1361/1167 1399/1399/1204
f 1320/1320/1127 1399/1399/1204 1415/1415/1219
f 1355/1355/1161 1362/1362/1168 1395/1395/1200
f 1355/1355/1161 1395/1395/1200 1416/1416/1220
f 1417/1417/1221 1418/1418/1222 1419/1419/1223
f 1419/1419/1223 1420/1420/1224 1421/1421/1225
f 1421/1421/1225 1422/1422/1226 1423/1423/1227
f 1423/1423/1227 1424/1424/1228 1425/1425/1229
f 1425/1425/1229 1426/1426/1230 1427/1427/1231
f 1427/1427/1231 1428/1428/1232 1429/1429/1233
f 1429/1429/1233 1430/1430/1234 1431/1431/1235
f 1431/1431/1235 1432/1432/1236 1433/1433/1192
f 1433/1433/1192 1434/1434/1191 1435/1435/1237
f 1435/1435/1237 1436/1436/1238 1437/1437/1239
f 1437/1437/1239 1438/1438/1240 1439/1439/1241
f 1439/1439/1241 1440/1440/1242 1441/1441/1243
f 1441/1441/1243 1442/1442/1244 1443/1443/1245
f 1443/1443/1245 1444/1444/1246 1445/1445/1247
f 1445/1445/1247 1446/1446/1248 1447/1447/1249
f 1447/1447/1249 1448/1448/1250 1417/1417/1221
f 1417/1417/1221 1419/1419/1223 1421/1421/1225
f 1421/1421/1225 1423/1423/1227 1425/1425/1229
f 1425/1425/1229 1427/1427/1231 1429/1429/1233
f 1429/1429/1233 1431/1431/1235 1433/1433/1192
f 1433/1433/1192 1435/1435/1237 1437/1437/1239
f 1437/1437/1239 1439/1439/1241 1441/1441/1243
f 1441/1441/1243 1443/1443/1245 1445/1445/1247
f 1445/1445/1247 1447/1447/1249 1417/1417/1221
f 1417/1417/1221 1421/1421/1225 1425/1425/1229
f 1425/1425/1229 1429/1429/1233 1433/1433/1192
f 1433/1433/1192 1437/1437/1239 1441/1441/1243
f 1441/1441/1243 1445/1445/1247 1417/1417/1221
f 1417/1417/1221 1425/1425/1229 1433/1433/1192
f 1433/1433/1192 1441/1441/1243 1417/1417/1221
f 1404/1404/1209 1407/1407/1212 1449/1449/1231
f 1404/1404/1209 1449/1449/1231 1450/1450/1230
f 1403/1403/1208 1408/1408/1213 1451/1451/1225
f 1403/1403/1208 1451/1451/1225 1452/1452/1224
f 1410/1410/1211 1409/1409/1214 1453/1453/1243
f 1410/1410/1211 1453/1453/1243 1454/1454/1242
f 1405/1405/1210 1354/1354/1160 1455/1455/1250
f 1405/1405/1210 1455/1455/1250 1456/1456/1249
f 1407/1407/1212 1411/1411/1215 1457/1457/1232
f 1407/1407/1212 1457/1457/1232 1449/1449/1231
f 1385/1385/1190 1412/1412/1216 1458/1458/1237
f 1385/1385/1190 1458/1458/1237 1386/1386/1191
f 1409/1409/1214 1413/1413/1217 1459/1459/1244
f 1409/1409/1214 1459/1459/1244 1453/1453/1243
f 1408/1408/1213 1414/1414/1218 1460/1460/1226
f 1408/1408/1213 1460/1460/1226 1451/1451/1225
f 1411/1411/1215 1415/1415/1219 1461/1461/1233
f 1411/1411/1215 1461/1461/1233 1457/1457/1232
f 1412/1412/1216 1416/1416/1220 1462/1462/1238
f 1412/1412/1216 1462/1462/1238 1458/1458/1237
f 1413/1413/1217 1393/1393/1198 1463/1463/1245
f 1413/1413/1217 1463/1463/1245 1459/1459/1244
f 1414/1414/1218 1389/1389/1194 1464/1464/1227
f 1414/1414/1218 1464/1464/1227 1460/1460/1226
f 1415/1415/1219 1399/1399/1204 1465/1465/1234
f 1415/1415/1219 1465/1465/1234 1461/1461/1233
f 1416/1416/1220 1395/1395/1200 1466/1466/1239
f 1416/1416/1220 1466/1466/1239 1462/1462/1238
f 1354/1354/1160 1353/1353/1159 1467/1467/1221
f 1354/1354/1160 1467/1467/1221 1455/1455/1250
f 1389/1389/1194 1388/1388/1193 1468/1468/1228
f 1389/1389/1194 1468/1468/1228 1464/1464/1227
f 1391/1391/1196 1390/1390/1195 1469/1469/1223
f 1391/1391/1196 1469/1469/1223 1470/1470/1222
f 1393/1393/1198 1392/1392/1197 1471/1471/1246
f 1393/1393/1198 1471/1471/1246 1463/1463/1245
f 1395/1395/1200 1394/1394/1199 1472/1472/1240
f 1395/1395/1200 1472/1472/1240 1466/1466/1239
f 1397/1397/1202 1396/1396/1201 1473/1473/1248
f 1397/1397/1202 1473/1473/1248 1474/1474/1247
f 1399/1399/1204 1398/1398/1203 1475/1475/1235
f 1399/1399/1204 1475/1475/1235 1465/1465/1234
f 1388/1388/1193 1400/1400/1205 1476/1476/1229
f 1388/1388/1193 1476/1476/1229 1468/1468/1228
f 1401/1401/1206 1384/1384/1189 1387/1387/1192
f 1401/1401/1206 1387/1387/1192 1477/1477/1236
f 1353/1353/1159 1391/1391/1196 1470/1470/1222
f 1353/1353/1159 1470/1470/1222 1467/1467/1221
f 1394/1394/1199 1402/1402/1207 1478/1478/1241
f 1394/1394/1199 1478/1478/1241 1472/1472/1240
f 1390/1390/1195 1403/1403/1208 1452/1452/1224
f 1390/1390/1195 1452/1452/1224 1469/1469/1223
f 1392/1392/1197 1397/1397/1202 1474/1474/1247
f 1392/1392/1197 1474/1474/1247 1471/1471/1246
f 1400/1400/1205 1404/1404/1209 1450/1450/1230
f 1400/1400/1205 1450/1450/1230 1476/1476/1229
f 1396/1396/1201 1405/1405/1210 1456/1456/1249
f 1396/1396/1201 1456/1456/1249 1473/1473/1248
f 1398/1398/1203 1401/1401/1206 1477/1477/1236
f 1398/1398/1203 1477/1477/1236 1475/1475/1235
f 1402/1402/1207 1406/1406/1211 1479/1479/1242
f 1402/1402/1207 1479/1479/1242 1478/1478/1241
# Vertices: 1479, normals: 1250, texture coordinates: 1479, faces: 2558

