# File generated by ImageToStl.com - Free Image and 3D model conversion tools

mtllib 9mm_bullet.mtl

o obj1
v 0.37925886 -0.89708166 -2.33441063
v 0.37330382 -0.8827046 0.76192424
v 0.19024403 -0.93837543 0.7619241
v 0.19327886 -0.95364041 -2.33441025
v -0.92137437 0.20170944 0.98298051
v -0.88048493 0.19357458 0.99146491
v -0.82924599 0.36201537 0.99146918
v -0.86777201 0.37797335 0.98298394
v 0.8677722 0.37797347 0.98298385
v 0.82924636 0.36201544 0.99146894
v 0.88048512 0.19357459 0.99146486
v 0.92137447 0.2017095 0.98298051
v -0.81115747 0.56064227 0.76192399
v -0.79383636 0.54906534 0.96603875
v -0.67533106 0.69386174 0.9660345
v -0.69006816 0.70859865 0.76192393
v 0.18317886 -0.90284387 0.98298059
v 0.17504398 -0.86195453 0.99146494
v -8E-08 -0.87944765 0.99146066
v -8E-08 -0.92113449 0.98297715
v 0.18317892 0.93990497 0.98298041
v 0.17504401 0.89901562 0.99146481
v 0.34348485 0.84777695 0.99146891
v 0.35944288 0.8863027 0.98298386
v 0.8677721 -0.34091228 0.98298395
v 0.82924636 -0.32495428 0.991469
v 0.74637225 -0.4802916 0.99146402
v 0.78103743 -0.50345252 0.98298024
v 0.63496698 -0.61643643 0.99145929
v 0.66444385 -0.6459133 0.98297666
v 0.35944283 -0.8492416 0.98298399
v 0.34348483 -0.81071577 0.99146903
v -8E-08 -0.93653186 0.96603472
v -0.18618237 -0.91794127 0.96603886
v -0.19024421 -0.93837524 0.7619242
v -8E-08 -0.95737301 0.76192415
v -0.6644439 -0.64591307 0.98297703
v -0.63496716 -0.61643634 0.99146064
v -0.74637234 -0.48029155 0.99146496
v -0.78103752 -0.50345233 0.98298047
v 0.78103752 0.54051366 0.98298016
v 0.7463723 0.51735279 0.99146395
v -0.35944295 -0.84924142 0.98298403
v -0.34348499 -0.81071567 0.99146936
v -0.49882228 -0.72784156 0.99146497
v -0.52198311 -0.76250669 0.98298054
v -0.7810371 0.54051352 0.98298044
v -0.74637141 0.51735265 0.99146479
v -0.63496586 0.65349748 0.99146045
v -0.66444338 0.6829743 0.98297693
v -0.55075982 0.84262798 -2.33441076
v -0.54211188 0.82968795 0.76192402
v -0.37330387 0.91976575 0.7619241
v -0.37925898 0.93414262 -2.33441039
v 0.52198307 -0.76250693 0.98298026
v 0.49882219 -0.7278417 0.99146404
v -0.8677722 -0.34091219 0.982984
v -0.82924645 -0.32495423 0.99146932
v -0.88048512 -0.15651342 0.99146493
v -0.92137447 -0.1646483 0.98298054
v 0.92137437 -0.16464836 0.98298049
v 0.88048503 -0.15651345 0.99146489
v -0.89797825 0.01853058 0.99146059
v -0.93966518 0.01853057 0.98297708
v -0.1902441 0.97543649 0.76192396
v -0.19327896 0.99070138 -2.33441077
v -0.97217094 0.21180944 -2.33441071
v -0.95690591 0.20877462 0.76192406
v -0.90123536 0.3918343 0.7619241
v -0.91561209 0.39778939 -2.33441073
v -0.5305347 0.81236704 0.96603863
v 0.6644439 0.68297444 0.98297656
v 0.63496702 0.65349757 0.99145919
v -0.183179 -0.90284378 0.98298059
v -0.17504412 -0.86195434 0.99146498
v -0.35944274 0.8863026 0.9829839
v -0.34348459 0.84777686 0.99146914
v -0.17504401 0.89901562 0.99146485
v -0.18317892 0.93990487 0.98298045
v 0.95506255 0.01853057 0.96603464
v 0.93647186 -0.16765175 0.9660388
v 0.95690591 -0.17171355 0.76192414
v 0.97590359 0.01853056 0.76192408
v -2E-08 0.91650884 0.99146052
v -1E-08 0.95819586 0.98297701
v 0.55075977 0.84262807 -2.33441076
v 0.54211179 0.82968805 0.76192397
v 0.69006821 0.70859874 0.76192403
v 0.7010764 0.71960693 -2.33441075
v -2E-08 0.99443417 0.76192391
v -2E-08 1.0100022 -2.33441077
v 0.52198311 0.79956802 0.98298014
v 0.49882219 0.76490284 0.99146393
v -0.52198274 0.79956797 0.98298032
v -0.49882135 0.76490275 0.99146477
v 0.89797825 0.01853056 0.99146059
v 0.93966518 0.01853057 0.98297708
v -9E-08 -0.97294123 -2.33441062
v -8E-08 -0.87448071 -2.51799722
v 0.17408482 -0.85709655 -2.51799703
v -0.82409754 0.56929021 -2.33441074
v -0.70107644 0.71960688 -2.33441038
v -0.82409754 -0.53222919 -2.33441066
v -0.81115765 -0.52358121 0.76192417
v -0.90123536 -0.35477322 0.7619242
v -0.91561219 -0.36072835 -2.33441067
v -0.97217103 -0.17474837 -2.33441068
v -0.95690601 -0.17171348 0.76192405
v -0.97590359 0.01853056 0.76192403
v -0.99147186 0.01853053 -2.3344107
v -0.19327903 -0.95364041 -2.33441025
v -0.37330394 -0.8827046 0.76192424
v -0.37925905 -0.89708157 -2.33441063
v -0.55075986 -0.80556692 -2.33441026
v -0.54211193 -0.7926268 0.76192409
v -0.6900683 -0.6715375 0.76192413
v -0.70107644 -0.68254582 -2.33441064
v 0.55075972 -0.80556702 -2.33441026
v 0.54211183 -0.79262708 0.76192419
v -8E-08 -0.95737301 0.76192415
v -9E-08 -0.97294123 -2.33441062
v 0.82409754 -0.53222929 -2.33441028
v 0.81115747 -0.52358126 0.76192407
v 0.69006816 -0.67153764 0.76192413
v 0.70107644 -0.68254592 -2.33441064
v 0.82409745 0.56929025 -2.33441037
v 0.81115765 0.56064241 0.76192408
v 0.90123536 0.3918344 0.76192414
v 0.91561209 0.39778941 -2.33441073
v 0.97217103 0.2118094 -2.33441034
v 0.95690601 0.20877468 0.76192402
v 0.99147176 0.01853048 -2.3344107
v 0.97217094 -0.17474846 -2.33441031
v 0.19327891 0.99070138 -2.33441077
v 0.1902441 0.97543649 0.76192401
v 0.37330384 0.91976594 0.7619241
v 0.37925891 0.93414253 -2.33441077
v 0.91561219 -0.36072845 -2.33441067
v 0.90123527 -0.35477327 0.7619242
v 0.34159562 -0.80615451 -2.51799722
v 0.17408482 -0.85709657 -2.7427777
v 0.34159562 -0.80615452 -2.74277789
v -0.82468502 0.36012615 -2.51799731
v -0.87562706 0.19261539 -2.5179973
v 0.63145426 0.64998478 -2.51799733
v 0.4960652 0.76078902 -2.51799734
v 0.49606515 -0.72372799 -2.51799704
v 0.34159566 0.84321544 -2.51799735
v 0.63145431 -0.61292379 -2.51799724
v -0.89301132 0.01853053 -2.51799729
v -0.87562716 -0.15555433 -2.51799727
v 0.17408486 0.89415749 -2.51799735
v -0.82468502 -0.32306508 -2.51799726
v -3E-08 0.91154165 -2.51799735
v 0.74225846 -0.47753473 -2.51799706
v -0.74225855 -0.47753464 -2.51799725
v 0.82468502 -0.32306517 -2.51799726
v -0.63145431 -0.6129237 -2.51799724
v -0.17408491 0.89415749 -2.51799735
v 0.87562706 -0.15555441 -2.51799709
v -0.34159573 0.84321554 -2.51799716
v 0.89301122 0.01853049 -2.51799729
v -0.49606529 -0.7237279 -2.51799704
v -0.49606524 0.76078893 -2.51799734
v -0.34159578 -0.80615451 -2.51799722
v -0.63145431 0.64998473 -2.51799715
v 0.87562716 0.19261536 -2.51799711
v -0.17408497 -0.85709655 -2.51799703
v 0.82468502 0.3601262 -2.51799731
v -8E-08 -0.87448071 -2.51799722
v -0.74225855 0.51459562 -2.51799732
v 0.74225836 0.51459567 -2.51799714
v -0.35582155 0.87755947 -2.25476555
v -0.34348459 0.84777686 0.99146914
v -0.49882135 0.76490275 0.99146477
v -0.51673613 0.79170783 -2.25476517
v -0.91210669 0.19986193 -2.25476512
v -0.88048493 0.19357458 0.99146491
v -0.89797825 0.01853058 0.99146059
v -0.93022678 0.01853053 -2.25476548
v -2E-08 0.94875713 -2.25476555
v -2E-08 0.91650884 0.99146052
v -0.17504401 0.89901562 0.99146485
v -0.18133144 0.93063704 -2.25476518
v -0.63496586 0.65349748 0.99146045
v -0.65776967 0.67630006 -2.25476553
v 0.91210669 -0.16280095 -2.25476509
v 0.88048503 -0.15651345 0.99146489
v 0.89797825 0.01853056 0.99146059
v 0.93022678 0.01853048 -2.25476548
v 0.65776962 0.67630015 -2.25476553
v 0.63496702 0.65349757 0.99145919
v 0.49882219 0.76490284 0.99146393
v 0.51673604 0.79170788 -2.25476517
v -0.74637141 0.51735265 0.99146479
v -0.77317748 0.53526658 -2.25476515
v -0.85902903 -0.33729096 -2.25476545
v -0.82924645 -0.32495423 0.99146932
v -0.74637234 -0.48029155 0.99146496
v -0.77317744 -0.49820555 -2.25476507
v -0.82924599 0.36201537 0.99146918
v -0.85902903 0.37435201 -2.25476551
v -0.88048512 -0.15651342 0.99146493
v -0.91210669 -0.16280088 -2.25476509
v -0.63496716 -0.61643634 0.99146064
v -0.65776967 -0.63923908 -2.25476543
v -0.35582162 -0.84049831 -2.25476542
v -0.34348499 -0.81071567 0.99146936
v -0.17504412 -0.86195434 0.99146498
v -0.18133151 -0.89357587 -2.25476504
v -0.49882228 -0.72784156 0.99146497
v -0.51673613 -0.75464681 -2.25476505
v -8E-08 -0.87944765 0.99146066
v -8E-08 -0.91169615 -2.25476541
v -8E-08 -0.91169615 -2.25476541
v -8E-08 -0.87944765 0.99146066
v 0.17504398 -0.86195453 0.99146494
v 0.18133135 -0.89357597 -2.25476504
v 0.34348483 -0.81071577 0.99146903
v 0.35582145 -0.8404985 -2.25476542
v 0.65776967 -0.63923913 -2.25476543
v 0.63496698 -0.61643643 0.99145929
v 0.74637225 -0.4802916 0.99146402
v 0.77317748 -0.4982056 -2.25476507
v 0.82924636 0.36201544 0.99146894
v 0.7463723 0.51735279 0.99146395
v 0.77317744 0.53526658 -2.25476515
v 0.85902903 0.37435203 -2.25476551
v 0.82924636 -0.32495428 0.991469
v 0.85902903 -0.33729103 -2.25476545
v 0.88048512 0.19357459 0.99146486
v 0.91210669 0.19986192 -2.25476512
v 0.3558215 0.87755947 -2.25476555
v 0.34348485 0.84777695 0.99146891
v 0.17504401 0.89901562 0.99146481
v 0.18133142 0.93063704 -2.25476518
v 0.88199172 -0.34680232 0.96604296
v 0.79383664 -0.51200439 0.96603873
v -0.1861823 0.95500236 0.96603872
v -1E-08 0.97359314 0.96603457
v -0.53053498 -0.77530586 0.9660388
v -0.67533143 -0.6568006 0.96603455
v 0.1861823 0.95500245 0.96603872
v 0.36533289 0.90052231 0.96604287
v 0.53053498 0.81236723 0.96603863
v 0.18618224 -0.91794136 0.96603891
v -8E-08 -0.93653186 0.96603472
v 0.67533148 0.69386202 0.96603441
v 0.79383673 0.54906553 0.96603865
v -0.36533279 0.90052222 0.96604287
v -0.95506255 0.01853057 0.96603464
v -0.93647186 0.20471281 0.96603882
v -0.36533296 -0.86346104 0.966043
v 0.67533143 -0.65680088 0.96603451
v 0.53053494 -0.77530614 0.96603875
v -0.79383673 -0.5120042 0.96603873
v 0.88199181 0.38386348 0.9660429
v 0.93647195 0.20471288 0.96603882
v -0.93647195 -0.16765169 0.96603885
v -0.88199163 0.38386334 0.96604295
v -0.88199181 -0.3468022 0.96604296
v 0.36533284 -0.86346122 0.966043
v 0.49882219 -0.7278417 0.99146404
v 0.51673604 -0.7546469 -2.25476505
v -0.74225855 -0.47753465 -2.74277791
v -0.63145431 -0.61292372 -2.7427779
v -3E-08 0.91154163 -2.74277802
v -0.17408491 0.89415747 -2.74277802
v 0.34159566 0.84321543 -2.74277801
v 0.17408486 0.89415747 -2.74277802
v 0.74225846 -0.47753475 -2.74277773
v 0.82468502 -0.32306516 -2.74277793
v -0.82468502 -0.32306507 -2.74277793
v 0.87562716 0.19261536 -2.74277778
v 0.82468502 0.36012621 -2.74277798
v -0.87562716 -0.15555432 -2.74277794
v -0.74225855 0.5145956 -2.74277799
v -0.82468502 0.36012616 -2.74277798
v -8E-08 -0.87448073 -2.74277788
v -0.89301132 0.01853053 -2.74277795
v 0.4960652 0.760789 -2.74277801
v 0.63145431 -0.61292381 -2.7427779
v -0.34159573 0.84321552 -2.74277783
v -0.49606524 0.76078891 -2.74277801
v -0.87562706 0.1926154 -2.74277796
v 0.89301122 0.01853049 -2.74277795
v 0.63145426 0.64998476 -2.742778
v 0.49606515 -0.72372801 -2.74277771
v -0.63145431 0.64998471 -2.74277781
v 0.87562706 -0.1555544 -2.74277775
v 0.74225836 0.51459565 -2.7427778
v -0.17408497 -0.85709657 -2.7427777
v -8E-08 -0.87448073 -2.74277788
v -0.34159578 -0.80615452 -2.74277789
v -0.49606529 -0.72372791 -2.74277771
v -0.87562716 -0.15555432 -2.74277794
v -0.89301132 0.01853053 -2.74277795
v -1.01754824 0.01853053 -2.76715104
v -0.99773975 -0.17983174 -2.76715102
v 0.82468502 -0.32306516 -2.74277793
v 0.74225846 -0.47753475 -2.74277773
v 0.84577184 -0.54671474 -2.76715081
v 0.9396934 -0.3707032 -2.76715101
v -0.87562706 0.1926154 -2.74277796
v -0.99773966 0.21689282 -2.76715105
v 0.63145431 -0.61292381 -2.7427779
v 0.71951528 -0.70098478 -2.76715098
v -0.82468502 0.36012616 -2.74277798
v -0.9396934 0.40776419 -2.76715106
v 0.49606515 -0.72372801 -2.74277771
v 0.5652451 -0.82724144 -2.76715079
v -0.74225855 0.5145956 -2.74277799
v -0.84577184 0.58377555 -2.76715108
v 0.34159562 -0.80615452 -2.74277789
v 0.38923365 -0.9211629 -2.76715096
v -3E-08 0.91154163 -2.74277802
v 0.17408486 0.89415747 -2.74277802
v 0.1983623 1.01627006 -2.76715111
v -2E-08 1.03607855 -2.76715111
v -0.63145431 0.64998471 -2.74277781
v -0.71951528 0.73804568 -2.7671509
v 0.17408482 -0.85709657 -2.7427777
v 0.19836226 -0.97920916 -2.76715077
v 0.34159566 0.84321543 -2.74277801
v 0.3892337 0.9582238 -2.76715111
v -0.49606524 0.76078891 -2.74277801
v -0.56524519 0.86430224 -2.7671511
v -8E-08 -0.87448073 -2.74277788
v -9E-08 -0.99901765 -2.76715096
v 0.4960652 0.760789 -2.74277801
v 0.56524514 0.86430234 -2.7671511
v -0.34159573 0.84321552 -2.74277783
v -0.38923377 0.95822389 -2.76715092
v -8E-08 -0.87448073 -2.74277788
v -0.17408497 -0.85709657 -2.7427777
v -0.1983624 -0.97920916 -2.76715077
v -9E-08 -0.99901765 -2.76715096
v 0.63145426 0.64998476 -2.742778
v 0.71951523 0.73804568 -2.76715109
v -0.17408491 0.89415747 -2.74277802
v -0.19836233 1.01627006 -2.76715111
v -0.34159578 -0.80615452 -2.74277789
v -0.38923381 -0.9211629 -2.76715096
v 0.74225836 0.51459565 -2.7427778
v 0.84577175 0.58377555 -2.76715089
v -0.49606529 -0.72372791 -2.74277771
v -0.56524524 -0.82724135 -2.76715079
v 0.82468502 0.36012621 -2.74277798
v 0.9396934 0.40776424 -2.76715106
v -0.63145431 -0.61292372 -2.7427779
v -0.71951528 -0.70098469 -2.76715098
v 0.87562716 0.19261536 -2.74277778
v 0.99773975 0.21689277 -2.76715086
v -0.74225855 -0.47753465 -2.74277791
v -0.84577184 -0.54671465 -2.76715099
v 0.89301122 0.01853049 -2.74277795
v 1.01754814 0.01853048 -2.76715104
v -0.82468502 -0.32306507 -2.74277793
v -0.9396934 -0.37070308 -2.76715101
v 0.87562706 -0.1555544 -2.74277775
v 0.99773966 -0.17983183 -2.76715083
v 1.01754814 0.01853048 -3.00515592
v 0.99773975 0.21689278 -3.00515556
v 0.1983623 1.01627004 -3.005156
v -2E-08 1.03607853 -3.005156
v -0.9396934 -0.37070308 -3.00515589
v -0.84577184 -0.54671466 -3.00515588
v 0.9396934 0.40776425 -3.00515595
v -0.71951528 -0.70098471 -3.00515587
v 0.9396934 -0.3707032 -3.00515589
v 0.99773966 -0.17983182 -3.00515553
v -1.01754824 0.01853053 -3.00515592
v -0.99773975 -0.17983173 -3.00515591
v 0.71951528 -0.7009848 -3.00515587
v 0.84577184 -0.54671476 -3.00515551
v -0.9396934 0.4077642 -3.00515595
v -0.99773966 0.21689283 -3.00515594
v 0.38923365 -0.92116292 -3.00515585
v 0.5652451 -0.82724146 -3.00515548
v -0.71951528 0.73804567 -3.0051556
v -0.84577184 0.58377553 -3.00515596
v -9E-08 -0.99901767 -3.00515584
v 0.19836226 -0.97920918 -3.00515547
v -0.38923377 0.95822387 -3.00515562
v -0.56524519 0.86430223 -3.00515598
v 0.71951523 0.73804567 -3.00515598
v 0.56524514 0.86430232 -3.00515598
v -0.38923381 -0.92116292 -3.00515585
v -0.1983624 -0.97920918 -3.00515547
v 0.3892337 0.95822378 -3.00515599
v -9E-08 -0.99901767 -3.00515584
v 0.84577175 0.58377553 -3.00515559
v -0.19836233 1.01627004 -3.005156
v -0.56524524 -0.82724136 -3.00515548
v 0.1922381 0.98564555 -3.03623721
v -2E-08 1.00484253 -3.03623721
v 0.37728264 0.92937131 -3.0362372
v 0.54792119 0.83831693 -3.0362372
v 0.69742803 0.71595851 -3.03623682
v 0.81978636 0.56645162 -3.03623755
v 0.91084093 0.39581305 -3.03623642
v 0.96711526 0.21076855 -3.03623752
v 0.98631214 0.0185305 -3.03623639
v 0.96711516 -0.17370762 -3.03623749
v 0.91084093 -0.35875214 -3.03623636
v 0.81978645 -0.52939081 -3.03623747
v 0.69742813 -0.67889765 -3.03623634
v 0.54792115 -0.80125607 -3.03623745
v 0.37728259 -0.89231045 -3.03623632
v 0.19223805 -0.94858469 -3.03623744
v -9E-08 -0.96778167 -3.03623632
v -0.19223819 -0.94858469 -3.03623744
v -9E-08 -0.96778167 -3.03623632
v -0.37728269 -0.89231045 -3.03623632
v -0.54792129 -0.80125598 -3.03623745
v -0.69742808 -0.67889756 -3.03623671
v -0.81978645 -0.52939072 -3.03623709
v -0.91084093 -0.35875205 -3.03623711
v -0.96711526 -0.17370751 -3.03623712
v -0.98631233 0.01853098 -3.03623714
v -0.96711516 0.21076862 -3.03623715
v -0.91084093 0.39581307 -3.03623716
v -0.81978645 0.56645157 -3.0362368
v -0.69742813 0.71595851 -3.03623756
v -0.54792129 0.83831683 -3.03623645
v -0.37728262 0.9293714 -3.03623758
v -0.19223815 0.98564555 -3.03623684
v 0.93966518 0.01853057 0.98297708
v 0.92137437 -0.16464836 0.98298049
v 0.8677721 -0.34091228 0.98298395
v 0.78103743 -0.50345252 0.98298024
v 0.66444385 -0.6459133 0.98297666
v -1E-08 0.95819586 0.98297701
v 0.18317892 0.93990497 0.98298041
v 0.35944288 0.8863027 0.98298386
v 0.52198311 0.79956802 0.98298014
v 0.6644439 0.68297444 0.98297656
v -0.66444338 0.6829743 0.98297693
v -0.52198274 0.79956797 0.98298032
v -0.35944274 0.8863026 0.9829839
v -0.18317892 0.93990487 0.98298045
v -8E-08 -0.92113449 0.98297715
v -0.183179 -0.90284378 0.98298059
v -0.35944295 -0.84924142 0.98298403
v -0.52198311 -0.76250669 0.98298054
v -0.6644439 -0.64591307 0.98297703
v 0.78103752 0.54051366 0.98298016
v 0.8677722 0.37797347 0.98298385
v 0.92137447 0.2017095 0.98298051
v -0.93966518 0.01853057 0.98297708
v -0.92137437 0.20170944 0.98298051
v -0.86777201 0.37797335 0.98298394
v -0.7810371 0.54051352 0.98298044
v -0.78103752 -0.50345233 0.98298047
v -0.8677722 -0.34091219 0.982984
v -0.92137447 -0.1646483 0.98298054
v 0.52198307 -0.76250693 0.98298026
v 0.35944283 -0.8492416 0.98298399
v 0.18317886 -0.90284387 0.98298059
v -8E-08 -0.92113449 0.98297715
v -0.91210669 -0.16280088 -2.25476509
v -0.91210669 0.19986193 -2.25476512
v -0.93022678 0.01853053 -2.25476548
v -0.85902903 -0.33729096 -2.25476545
v -0.85902903 0.37435201 -2.25476551
v -0.77317744 -0.49820555 -2.25476507
v -0.77317748 0.53526658 -2.25476515
v -0.65776967 0.67630006 -2.25476553
v -0.65776967 -0.63923908 -2.25476543
v -0.51673613 -0.75464681 -2.25476505
v -0.51673613 0.79170783 -2.25476517
v -0.35582162 -0.84049831 -2.25476542
v -0.35582155 0.87755947 -2.25476555
v -0.18133151 -0.89357587 -2.25476504
v -0.18133144 0.93063704 -2.25476518
v -8E-08 -0.91169615 -2.25476541
v -2E-08 0.94875713 -2.25476555
v 0.18133135 -0.89357597 -2.25476504
v 0.18133142 0.93063704 -2.25476518
v 0.35582145 -0.8404985 -2.25476542
v 0.3558215 0.87755947 -2.25476555
v 0.51673604 -0.7546469 -2.25476505
v 0.51673604 0.79170788 -2.25476517
v 0.65776967 -0.63923913 -2.25476543
v 0.65776962 0.67630015 -2.25476553
v 0.77317744 0.53526658 -2.25476515
v 0.77317748 -0.4982056 -2.25476507
v 0.85902903 0.37435203 -2.25476551
v 0.85902903 -0.33729103 -2.25476545
v 0.91210669 -0.16280095 -2.25476509
v 0.91210669 0.19986192 -2.25476512
v 0.93022678 0.01853048 -2.25476548
v -0.96711516 0.21076862 -3.03623715
v -0.96711526 -0.17370751 -3.03623712
v -0.98631233 0.01853098 -3.03623714
v -0.91084093 -0.35875205 -3.03623711
v -0.91084093 0.39581307 -3.03623716
v -0.81978645 0.56645157 -3.0362368
v -0.81978645 -0.52939072 -3.03623709
v -0.69742813 0.71595851 -3.03623756
v -0.69742808 -0.67889756 -3.03623671
v -0.54792129 0.83831683 -3.03623645
v -0.54792129 -0.80125598 -3.03623745
v -0.37728262 0.9293714 -3.03623758
v -0.37728269 -0.89231045 -3.03623632
v -0.19223819 -0.94858469 -3.03623744
v -0.19223815 0.98564555 -3.03623684
v -9E-08 -0.96778167 -3.03623632
v -2E-08 1.00484253 -3.03623721
v 0.19223805 -0.94858469 -3.03623744
v 0.1922381 0.98564555 -3.03623721
v 0.37728259 -0.89231045 -3.03623632
v 0.37728264 0.92937131 -3.0362372
v 0.54792115 -0.80125607 -3.03623745
v 0.54792119 0.83831693 -3.0362372
v 0.69742813 -0.67889765 -3.03623634
v 0.69742803 0.71595851 -3.03623682
v 0.81978636 0.56645162 -3.03623755
v 0.81978645 -0.52939081 -3.03623747
v 0.91084093 0.39581305 -3.03623642
v 0.91084093 -0.35875214 -3.03623636
v 0.96711526 0.21076855 -3.03623752
v 0.96711516 -0.17370762 -3.03623749
v 0.98631214 0.0185305 -3.03623639
vn 0.38268 -0.92387 0.00503
vn 0.38214 -0.92257 0.05318
vn 0.19581 -0.9792 0.05319
vn 0.1961 -0.98057 0.00503
vn -0.19555 0.03908 0.97991
vn -0.19555 0.0391 0.97991
vn -0.18424 0.07631 0.97991
vn -0.18424 0.07631 0.97991
vn 0.18423 0.07631 0.97992
vn 0.18423 0.07631 0.97992
vn 0.19555 0.0391 0.97991
vn 0.19555 0.03908 0.97991
vn -0.83086 0.55394 0.05319
vn -0.82774 0.55185 0.10154
vn -0.70345 0.70345 0.10157
vn -0.70611 0.70611 0.0532
vn 0.03908 -0.19555 0.97991
vn 0.0391 -0.19555 0.97991
vn -0 -0.19939 0.97992
vn -0 -0.19939 0.97992
vn 0.03908 0.19555 0.97991
vn 0.0391 0.19555 0.97991
vn 0.07631 0.18423 0.97992
vn 0.07631 0.18423 0.97992
vn 0.18423 -0.07631 0.97992
vn 0.18423 -0.07631 0.97992
vn 0.16591 -0.11062 0.97992
vn 0.1659 -0.11064 0.97992
vn 0.14098 -0.14098 0.97992
vn 0.14098 -0.14098 0.97992
vn 0.07631 -0.18423 0.97992
vn 0.07631 -0.18423 0.97992
vn -0 -0.99483 0.10157
vn -0.19509 -0.97552 0.10154
vn -0.19582 -0.9792 0.05319
vn -0 -0.99858 0.0532
vn -0.141 -0.141 0.97992
vn -0.141 -0.141 0.97992
vn -0.16593 -0.11063 0.97991
vn -0.16591 -0.11065 0.97991
vn 0.1659 0.11064 0.97992
vn 0.16591 0.11062 0.97992
vn -0.07632 -0.18424 0.97991
vn -0.07632 -0.18424 0.97991
vn -0.11062 -0.16593 0.97991
vn -0.11065 -0.16591 0.97991
vn -0.16591 0.11064 0.97991
vn -0.16592 0.11062 0.97991
vn -0.14099 0.14099 0.97992
vn -0.14099 0.14099 0.97992
vn -0.55471 0.83203 0.00503
vn -0.55393 0.83086 0.05319
vn -0.38214 0.92257 0.05318
vn -0.38268 0.92387 0.00503
vn 0.11064 -0.1659 0.97992
vn 0.11062 -0.16591 0.97992
vn -0.18424 -0.07632 0.97991
vn -0.18424 -0.07632 0.97991
vn -0.19555 -0.0391 0.97991
vn -0.19555 -0.03908 0.97991
vn 0.19555 -0.03908 0.97991
vn 0.19555 -0.0391 0.97991
vn -0.19939 0 0.97992
vn -0.19939 0 0.97992
vn -0.19582 0.9792 0.05319
vn -0.1961 0.98057 0.00503
vn -0.98057 0.1961 0.00503
vn -0.9792 0.19581 0.05319
vn -0.92257 0.38214 0.05318
vn -0.92387 0.38268 0.00503
vn -0.55184 0.82774 0.10154
vn 0.14098 0.14098 0.97992
vn 0.14098 0.14098 0.97992
vn -0.03908 -0.19555 0.97991
vn -0.0391 -0.19555 0.97991
vn -0.07631 0.18424 0.97991
vn -0.07631 0.18424 0.97991
vn -0.0391 0.19555 0.97991
vn -0.03908 0.19555 0.97991
vn 0.99483 -0 0.10157
vn 0.97552 -0.19509 0.10154
vn 0.9792 -0.19581 0.05319
vn 0.99858 -0 0.0532
vn -0 0.1994 0.97992
vn -0 0.1994 0.97992
vn 0.55471 0.83203 0.00503
vn 0.55393 0.83086 0.05319
vn 0.70611 0.70611 0.0532
vn 0.7071 0.7071 0.00503
vn -0 0.99858 0.0532
vn -0 0.99999 0.00503
vn 0.11064 0.1659 0.97992
vn 0.11062 0.16591 0.97992
vn -0.11064 0.16591 0.97991
vn -0.11062 0.16592 0.97991
vn 0.19939 -0 0.97992
vn 0.19939 -0 0.97992
vn 0.1728 -0.86421 -0.47253
vn 0 -0.88126 -0.47263
vn 0 -0.88126 -0.47263
vn 0.17285 -0.8642 -0.47253
vn -0.83203 0.55471 0.00503
vn -0.7071 0.7071 0.00503
vn -0.83203 -0.55471 0.00503
vn -0.83086 -0.55393 0.05319
vn -0.92257 -0.38214 0.05318
vn -0.92387 -0.38268 0.00503
vn -0.98057 -0.1961 0.00503
vn -0.9792 -0.19581 0.05319
vn -0.99858 0 0.0532
vn -0.99999 0 0.00503
vn -0.1961 -0.98057 0.00503
vn -0.38214 -0.92257 0.05318
vn -0.38268 -0.92387 0.00503
vn -0.55471 -0.83203 0.00503
vn -0.55393 -0.83086 0.05319
vn -0.70611 -0.70611 0.0532
vn -0.7071 -0.7071 0.00503
vn 0.55471 -0.83203 0.00503
vn 0.55393 -0.83086 0.05319
vn -0 -0.99999 0.00503
vn 0.83203 -0.55471 0.00503
vn 0.83086 -0.55393 0.05319
vn 0.70611 -0.70611 0.0532
vn 0.7071 -0.7071 0.00503
vn 0.83203 0.55471 0.00503
vn 0.83086 0.55393 0.05319
vn 0.92257 0.38214 0.05318
vn 0.92387 0.38268 0.00503
vn 0.98057 0.1961 0.00503
vn 0.9792 0.19581 0.05319
vn 0.99999 -0 0.00503
vn 0.98057 -0.1961 0.00503
vn 0.1961 0.98057 0.00503
vn 0.19581 0.9792 0.05319
vn 0.38214 0.92257 0.05318
vn 0.38268 0.92387 0.00503
vn 0.92387 -0.38268 0.00503
vn 0.92257 -0.38214 0.05318
vn 0.38268 -0.92388 0
vn 0.1961 -0.98058 0
vn 0.38268 -0.92388 0
vn -0.86421 0.1728 -0.47253
vn -0.81425 0.33728 -0.47248
vn -0.81425 0.33728 -0.47248
vn -0.8642 0.17285 -0.47253
vn 0.33728 -0.81425 -0.47248
vn 0.33728 -0.81425 -0.47248
vn 0.4889 0.73327 -0.47253
vn 0.62314 0.62314 -0.47263
vn 0.62314 0.62314 -0.47263
vn 0.48885 0.73331 -0.47253
vn 0.4889 -0.73327 -0.47253
vn 0.48885 -0.73331 -0.47253
vn 0.33727 0.81425 -0.47248
vn 0.33727 0.81425 -0.47248
vn 0.62314 -0.62314 -0.47263
vn 0.62314 -0.62314 -0.47263
vn -0.86421 -0.1728 -0.47253
vn -0.88126 0 -0.47263
vn -0.88126 0 -0.47263
vn -0.8642 -0.17285 -0.47253
vn 0.1728 0.86421 -0.47253
vn 0.17285 0.8642 -0.47253
vn -0.81425 -0.33728 -0.47248
vn -0.81425 -0.33728 -0.47248
vn -0 0.88126 -0.47263
vn -0 0.88126 -0.47263
vn 0.73327 -0.4889 -0.47253
vn 0.73331 -0.48885 -0.47253
vn -0.73327 -0.4889 -0.47253
vn -0.73331 -0.48885 -0.47253
vn 0.81425 -0.33728 -0.47248
vn 0.81425 -0.33728 -0.47248
vn -0.62314 -0.62314 -0.47263
vn -0.62314 -0.62314 -0.47263
vn -0.1728 0.86421 -0.47253
vn -0.17285 0.8642 -0.47253
vn 0.86421 -0.1728 -0.47253
vn 0.8642 -0.17285 -0.47253
vn -0.33728 0.81425 -0.47248
vn -0.33728 0.81425 -0.47248
vn 0.88126 -0 -0.47263
vn 0.88126 -0 -0.47263
vn -0.4889 -0.73327 -0.47253
vn -0.48885 -0.73331 -0.47253
vn -0.4889 0.73327 -0.47253
vn -0.48885 0.73331 -0.47253
vn -0.33728 -0.81425 -0.47248
vn -0.33728 -0.81425 -0.47248
vn -0.62314 0.62314 -0.47263
vn -0.62314 0.62314 -0.47263
vn 0.86421 0.1728 -0.47253
vn 0.8642 0.17285 -0.47253
vn -0.1728 -0.86421 -0.47253
vn -0.17285 -0.8642 -0.47253
vn 0.81425 0.33728 -0.47248
vn 0.81425 0.33728 -0.47248
vn -0.73327 0.4889 -0.47253
vn -0.7333 0.48885 -0.47253
vn 0.73327 0.4889 -0.47253
vn 0.7333 0.48885 -0.47253
vn 0.38266 -0.92383 -0.00993
vn 0.38266 -0.92383 -0.00993
vn 0.55463 -0.83204 -0.00993
vn 0.55463 -0.83204 -0.00993
vn 0.98052 -0.19616 -0.00993
vn 0.98052 -0.19616 -0.00993
vn 0.99995 -0 -0.00993
vn 0.99995 -0 -0.00993
vn 0 -0.99995 -0.00993
vn 0 -0.99995 -0.00993
vn 0.19616 -0.98052 -0.00993
vn 0.19616 -0.98052 -0.00993
vn 0.70707 -0.70707 -0.00993
vn 0.70707 -0.70707 -0.00993
vn -0.98052 0.19616 -0.00993
vn -0.98052 0.19616 -0.00993
vn -0.99995 0 -0.00993
vn -0.99995 0 -0.00993
vn -0.70707 -0.70707 -0.00993
vn -0.70707 -0.70707 -0.00993
vn -0.55463 -0.83204 -0.00993
vn -0.55463 -0.83204 -0.00993
vn 0.83204 -0.55463 -0.00993
vn 0.83204 -0.55463 -0.00993
vn 0.92383 0.38266 -0.00993
vn 0.92383 0.38266 -0.00993
vn 0.83204 0.55463 -0.00993
vn 0.83204 0.55463 -0.00993
vn 0.92383 -0.38266 -0.00993
vn 0.92383 -0.38266 -0.00993
vn 0.98052 0.19616 -0.00993
vn 0.98052 0.19616 -0.00993
vn 0.70707 0.70707 -0.00993
vn 0.70707 0.70707 -0.00993
vn 0.38266 0.92383 -0.00993
vn 0.38266 0.92383 -0.00993
vn 0.19616 0.98052 -0.00993
vn 0.19616 0.98052 -0.00993
vn 0.55463 0.83204 -0.00993
vn 0.55463 0.83204 -0.00993
vn 0 0.99995 -0.00993
vn 0 0.99995 -0.00993
vn -0.19616 0.98052 -0.00993
vn -0.19616 0.98052 -0.00993
vn -0.38266 0.92383 -0.00993
vn -0.38266 0.92383 -0.00993
vn -0.70707 0.70707 -0.00993
vn -0.70707 0.70707 -0.00993
vn -0.83204 0.55463 -0.00993
vn -0.83204 0.55463 -0.00993
vn -0.92383 -0.38266 -0.00993
vn -0.83204 -0.55463 -0.00993
vn -0.83204 -0.55463 -0.00993
vn -0.92383 -0.38266 -0.00993
vn -0.92383 0.38266 -0.00993
vn -0.92383 0.38266 -0.00993
vn -0.98052 -0.19616 -0.00993
vn -0.98052 -0.19616 -0.00993
vn -0.38266 -0.92383 -0.00993
vn -0.38266 -0.92383 -0.00993
vn -0.19616 -0.98052 -0.00993
vn -0.19616 -0.98052 -0.00993
vn 0.91911 -0.38071 0.10152
vn 0.82774 -0.55184 0.10154
vn -0.19509 0.97552 0.10154
vn -0 0.99483 0.10157
vn -0.55184 -0.82774 0.10154
vn -0.70345 -0.70345 0.10157
vn 0.19509 0.97552 0.10154
vn 0.38071 0.91911 0.10152
vn 0.55184 0.82774 0.10154
vn 0.19509 -0.97552 0.10154
vn 0.70345 0.70345 0.10157
vn 0.82774 0.55184 0.10154
vn -0.38071 0.91911 0.10152
vn -0.99483 0 0.10157
vn -0.97552 0.19509 0.10154
vn -0.38071 -0.91911 0.10152
vn 0.70345 -0.70345 0.10157
vn 0.55184 -0.82774 0.10154
vn -0.82774 -0.55185 0.10154
vn 0.91911 0.38071 0.10152
vn 0.97552 0.19509 0.10154
vn -0.97552 -0.19509 0.10154
vn -0.91911 0.38071 0.10152
vn -0.91911 -0.38071 0.10152
vn 0.38071 -0.91911 0.10152
vn -0.55463 0.83204 -0.00993
vn -0.55463 0.83204 -0.00993
vn -0.70711 -0.70711 0
vn -0.83204 -0.55471 0
vn -0.70711 -0.70711 0
vn -0.1961 0.98058 0
vn 0 1 0
vn -0.1961 0.98058 0
vn 0.1961 0.98058 0
vn 0.38268 0.92388 0
vn 0.92388 -0.38268 -0
vn 0.83204 -0.55472 0
vn 0.92388 -0.38268 -0
vn -0.92388 -0.38268 -0
vn -0.92388 -0.38268 -0
vn 0.92388 0.38268 0
vn 0.98058 0.1961 0
vn 0.98058 0.1961 0
vn -0.98058 -0.1961 -0
vn -0.92388 0.38268 0
vn -0.83204 0.55472 0
vn -0.83204 0.55472 0
vn -0.92388 0.38268 0
vn 0 -1 0
vn -1 0 0
vn -1 0 0
vn 0.55471 0.83204 0
vn 0.70711 -0.70711 0
vn 0.70711 -0.70711 0
vn -0.55472 0.83204 0
vn -0.38268 0.92388 0
vn -0.38268 0.92388 0
vn -0.55472 0.83204 0
vn -0.98058 0.1961 0
vn -0.98058 0.1961 0
vn 1 -0 0
vn 1 -0 0
vn 0.70711 0.70711 0
vn 0.70711 0.70711 0
vn 0.55472 -0.83204 0
vn 0.55472 -0.83204 0
vn -0.70711 0.70711 0
vn -0.70711 0.70711 0
vn 0.98058 -0.1961 -0
vn 0.98058 -0.1961 -0
vn 0.83204 0.55472 0
vn -0.1961 -0.98058 0
vn -0.38268 -0.92388 0
vn -0.38268 -0.92388 0
vn -0.55472 -0.83204 0
vn -0.55472 -0.83204 0
vn -0.18838 -0.03769 0.98137
vn -0.19207 0 0.98138
vn -0.19207 0 0.98138
vn -0.18839 -0.03766 0.98137
vn 0.17752 -0.07353 0.98137
vn 0.15986 -0.10656 0.98137
vn 0.15984 -0.10658 0.98137
vn -0.18838 0.03769 0.98137
vn -0.18839 0.03766 0.98137
vn 0.13581 -0.13581 0.98138
vn 0.13581 -0.13581 0.98138
vn -0.17752 0.07353 0.98137
vn -0.17752 0.07353 0.98137
vn 0.10656 -0.15986 0.98137
vn 0.10658 -0.15984 0.98137
vn -0.15986 0.10656 0.98137
vn -0.15984 0.10658 0.98137
vn 0.07353 -0.17752 0.98137
vn 0.07353 -0.17752 0.98137
vn -0 0.19207 0.98138
vn 0.03769 0.18838 0.98137
vn 0.03766 0.18839 0.98137
vn -0 0.19207 0.98138
vn -0.13581 0.13581 0.98138
vn -0.13581 0.13581 0.98138
vn 0.03769 -0.18838 0.98137
vn 0.03766 -0.18839 0.98137
vn 0.07353 0.17752 0.98137
vn 0.07353 0.17752 0.98137
vn -0.10656 0.15986 0.98137
vn -0.10658 0.15984 0.98137
vn -0 -0.19207 0.98138
vn -0 -0.19207 0.98138
vn 0.10656 0.15986 0.98137
vn 0.10658 0.15984 0.98137
vn -0.07353 0.17752 0.98137
vn -0.07353 0.17752 0.98137
vn -0.03769 -0.18838 0.98137
vn -0.03766 -0.18839 0.98137
vn 0.13581 0.13581 0.98138
vn 0.13581 0.13581 0.98138
vn -0.03769 0.18838 0.98137
vn -0.03766 0.18839 0.98137
vn -0.07353 -0.17752 0.98137
vn -0.07353 -0.17752 0.98137
vn 0.15986 0.10656 0.98137
vn 0.15984 0.10658 0.98137
vn -0.10656 -0.15986 0.98137
vn -0.10658 -0.15984 0.98137
vn 0.17752 0.07353 0.98137
vn 0.17752 0.07353 0.98137
vn -0.13581 -0.13581 0.98138
vn -0.13581 -0.13581 0.98138
vn 0.18838 0.03769 0.98137
vn 0.18839 0.03766 0.98137
vn -0.15986 -0.10656 0.98137
vn -0.15984 -0.10658 0.98137
vn 0.19207 -0 0.98138
vn 0.19207 -0 0.98138
vn -0.17752 -0.07353 0.98137
vn -0.17752 -0.07353 0.98137
vn 0.18838 -0.03769 0.98137
vn 0.18839 -0.03766 0.98137
vn 0.98058 0.1961 0
vn 1 -0 0
vn 1 -0 0
vn 0.98058 0.1961 0
vn -0 1 0
vn 0.1961 0.98058 0
vn -0.92388 -0.38268 -0
vn -0.92388 -0.38268 -0
vn 0.92388 0.38268 0
vn 0.92388 0.38268 0
vn -0.70711 -0.70711 0
vn -0.70711 -0.70711 0
vn 0.98058 -0.1961 -0
vn 0.92388 -0.38268 -0
vn 0.92388 -0.38268 -0
vn 0.98058 -0.1961 -0
vn -0.98058 -0.1961 -0
vn -1 0 -0
vn -1 0 -0
vn -0.98058 -0.1961 -0
vn 0.83204 -0.55471 -0
vn 0.70711 -0.70711 0
vn 0.83204 -0.55471 -0
vn -0.98058 0.1961 0
vn -0.92388 0.38268 0
vn -0.92388 0.38268 0
vn 0.55472 -0.83204 0
vn 0.38268 -0.92388 0
vn 0.55472 -0.83204 0
vn -0.83204 0.55471 0
vn -0.70711 0.70711 0
vn -0.70711 0.70711 0
vn -0.83204 0.55471 0
vn 0.1961 -0.98058 0
vn -0 -1 0
vn -0 -1 0
vn -0.55472 0.83204 0
vn -0.38268 0.92388 0
vn -0.55472 0.83204 0
vn 0.55471 0.83204 0
vn 0.70711 0.70711 0
vn 0.70711 0.70711 0
vn -0.1961 -0.98058 0
vn -0.38268 -0.92388 0
vn -0.38268 -0.92388 0
vn -0.1961 -0.98058 0
vn 0.38268 0.92388 0
vn 0.83204 0.55471 0
vn 0.83204 0.55471 0
vn -0.1961 0.98058 0
vn -0.1961 0.98058 0
vn -0.55472 -0.83204 0
vn -0.55472 -0.83204 0
vn 0 0.70535 -0.70886
vn 0.13833 0.69171 -0.7088
vn 0.13833 0.69171 -0.7088
vn 0 0.70535 -0.70886
vn 0.26995 0.65172 -0.70879
vn 0.26995 0.65172 -0.70879
vn 0.3913 0.58693 -0.7088
vn 0.3913 0.58693 -0.7088
vn 0.49875 0.49876 -0.70886
vn 0.49875 0.49876 -0.70886
vn 0.58692 0.3913 -0.7088
vn 0.58692 0.3913 -0.7088
vn 0.65172 0.26995 -0.70879
vn 0.65172 0.26995 -0.70879
vn 0.69171 0.13833 -0.70881
vn 0.69171 0.13833 -0.70881
vn 0.70534 -0 -0.70887
vn 0.70534 -0 -0.70887
vn 0.69171 -0.13833 -0.70881
vn 0.69171 -0.13833 -0.70881
vn 0.65172 -0.26995 -0.70879
vn 0.65172 -0.26995 -0.70879
vn 0.58692 -0.3913 -0.7088
vn 0.58692 -0.3913 -0.7088
vn 0.49875 -0.49876 -0.70886
vn 0.49875 -0.49876 -0.70886
vn 0.3913 -0.58693 -0.7088
vn 0.3913 -0.58693 -0.7088
vn 0.26995 -0.65172 -0.70879
vn 0.26995 -0.65172 -0.70879
vn 0.13833 -0.69171 -0.7088
vn 0.13833 -0.69171 -0.7088
vn -0 -0.70535 -0.70886
vn -0 -0.70535 -0.70886
vn -0.13833 -0.69171 -0.7088
vn -0.13833 -0.69171 -0.7088
vn -0.26995 -0.65172 -0.70879
vn -0.26995 -0.65172 -0.70879
vn -0.3913 -0.58693 -0.7088
vn -0.3913 -0.58693 -0.7088
vn -0.49875 -0.49876 -0.70886
vn -0.49875 -0.49876 -0.70886
vn -0.58692 -0.3913 -0.7088
vn -0.58692 -0.3913 -0.7088
vn -0.65172 -0.26995 -0.70879
vn -0.65172 -0.26995 -0.70879
vn -0.69171 -0.13833 -0.7088
vn -0.69171 -0.13833 -0.7088
vn -0.70535 0 -0.70886
vn -0.70535 0 -0.70886
vn -0.69171 0.13833 -0.7088
vn -0.69171 0.13833 -0.7088
vn -0.65172 0.26995 -0.70879
vn -0.65172 0.26995 -0.70879
vn -0.58692 0.3913 -0.7088
vn -0.58692 0.3913 -0.7088
vn -0.49875 0.49876 -0.70886
vn -0.49875 0.49876 -0.70886
vn -0.3913 0.58693 -0.7088
vn -0.3913 0.58693 -0.7088
vn -0.26995 0.65172 -0.70879
vn -0.26995 0.65172 -0.70879
vn -0.13833 0.69171 -0.7088
vn -0.13833 0.69171 -0.7088
vn 0.74004 -0 0.67256
vn 0.72575 -0.14515 0.67248
vn 0.72576 -0.14509 0.67248
vn 0.74004 -0 0.67256
vn 0.68381 -0.28324 0.67244
vn 0.68381 -0.28325 0.67244
vn 0.52328 -0.52328 0.67257
vn 0.61578 -0.4106 0.67248
vn 0.61581 -0.41054 0.67248
vn -0 0.74004 0.67256
vn 0.14515 0.72575 0.67247
vn 0.14509 0.72576 0.67247
vn -0 0.74004 0.67256
vn 0.28325 0.68382 0.67243
vn 0.28325 0.68382 0.67243
vn 0.52328 0.52328 0.67257
vn 0.4106 0.61578 0.67248
vn 0.41054 0.61581 0.67248
vn 0.52328 0.52328 0.67257
vn -0.52329 0.52329 0.67256
vn -0.41055 0.61582 0.67247
vn -0.4106 0.61578 0.67247
vn -0.52329 0.52329 0.67256
vn -0.28325 0.68382 0.67243
vn -0.28325 0.68382 0.67243
vn -0.14509 0.72576 0.67248
vn -0.14515 0.72575 0.67248
vn -0 -0.74004 0.67256
vn -0.14515 -0.72575 0.67248
vn -0.14509 -0.72576 0.67248
vn -0 -0.74004 0.67256
vn -0.28325 -0.68382 0.67244
vn -0.28325 -0.68381 0.67244
vn -0.52329 -0.52329 0.67256
vn -0.4106 -0.61578 0.67247
vn -0.41055 -0.61582 0.67247
vn -0.52329 -0.52329 0.67256
vn 0.61581 0.41054 0.67248
vn 0.61578 0.4106 0.67248
vn 0.68381 0.28324 0.67244
vn 0.68381 0.28324 0.67244
vn 0.72576 0.14509 0.67248
vn 0.72575 0.14515 0.67248
vn -0.74004 0 0.67256
vn -0.72575 0.14515 0.67248
vn -0.72576 0.14509 0.67248
vn -0.74004 0 0.67256
vn -0.68382 0.28325 0.67243
vn -0.68382 0.28325 0.67243
vn -0.61578 0.4106 0.67248
vn -0.61582 0.41054 0.67248
vn -0.61582 -0.41054 0.67247
vn -0.61578 -0.4106 0.67247
vn -0.68382 -0.28325 0.67243
vn -0.68382 -0.28325 0.67243
vn -0.72576 -0.14509 0.67248
vn -0.72575 -0.14515 0.67248
vn 0.41054 -0.61581 0.67248
vn 0.4106 -0.61578 0.67248
vn 0.28325 -0.68382 0.67243
vn 0.28325 -0.68382 0.67243
vn 0.14509 -0.72576 0.67248
vn 0.14515 -0.72575 0.67248
vn -0 -0 1
vn 0 -0 -1
vt 0.0663 0.30543
vt 0.42825 0.30602
vt 0.42893 0.28324
vt 0.0658 0.2826
vt 0.14518 0.05625
vt 0.14907 0.05943
vt 0.16377 0.04473
vt 0.16058 0.04084
vt 0.34146 0.13746
vt 0.33645 0.13697
vt 0.33243 0.15737
vt 0.33724 0.15883
vt 0.42706 0.73486
vt 0.45152 0.73496
vt 0.45147 0.71226
vt 0.42698 0.71227
vt 0.19885 0.23292
vt 0.20031 0.22811
vt 0.18111 0.2202
vt 0.17874 0.22463
vt 0.30139 0.04075
vt 0.2982 0.04464
vt 0.31289 0.05935
vt 0.31678 0.05615
vt 0.30148 0.21243
vt 0.29828 0.20854
vt 0.28101 0.22012
vt 0.28339 0.22455
vt 0.26185 0.22811
vt 0.26331 0.23291
vt 0.22021 0.23714
vt 0.2207 0.23214
vt 0.45519 0.98229
vt 0.45339 0.95956
vt 0.42889 0.96088
vt 0.42985 0.98392
vt 0.1248 0.15894
vt 0.1296 0.15748
vt 0.12557 0.1371
vt 0.12057 0.1376
vt 0.34146 0.11568
vt 0.33646 0.11617
vt 0.14527 0.19712
vt 0.14916 0.19393
vt 0.13759 0.17665
vt 0.13316 0.17902
vt 0.17868 0.02872
vt 0.18105 0.03316
vt 0.20021 0.02517
vt 0.19875 0.02036
vt 0.06704 0.68989
vt 0.42704 0.68967
vt 0.42708 0.66711
vt 0.06683 0.66731
vt 0.24199 0.23714
vt 0.24149 0.23214
vt 0.12057 0.11581
vt 0.12558 0.1163
vt 0.1296 0.0959
vt 0.12479 0.09444
vt 0.31687 0.19703
vt 0.31298 0.19384
vt 0.13751 0.07669
vt 0.13308 0.07433
vt 0.42702 0.64454
vt 0.06703 0.64474
vt 0.06708 0.78039
vt 0.42709 0.77999
vt 0.42712 0.75743
vt 0.06689 0.75783
vt 0.4515 0.68955
vt 0.33724 0.09434
vt 0.33244 0.0958
vt 0.16067 0.21253
vt 0.16386 0.20864
vt 0.24185 0.01613
vt 0.24136 0.02114
vt 0.26175 0.02517
vt 0.26321 0.02036
vt 0.45153 0.4414
vt 0.45158 0.41874
vt 0.42717 0.41881
vt 0.42706 0.44137
vt 0.28095 0.03308
vt 0.28332 0.02865
vt 0.06713 0.55421
vt 0.42704 0.55423
vt 0.42698 0.53164
vt 0.06735 0.53152
vt 0.42696 0.62195
vt 0.06723 0.62206
vt 0.32889 0.07425
vt 0.32446 0.07662
vt 0.22008 0.01613
vt 0.22057 0.02113
vt 0.32453 0.17658
vt 0.32896 0.17894
vt 0.06482 0.25932
vt 0.03891 0.26194
vt 0.04016 0.28388
vt 0.06707 0.73526
vt 0.06723 0.71258
vt 0.06695 0.87074
vt 0.42731 0.87025
vt 0.42726 0.84771
vt 0.06685 0.84823
vt 0.06707 0.82571
vt 0.42716 0.82516
vt 0.42705 0.80258
vt 0.06727 0.80306
vt 0.06544 0.96148
vt 0.42821 0.93806
vt 0.06597 0.93867
vt 0.06655 0.91604
vt 0.42774 0.91541
vt 0.42741 0.89283
vt 0.06698 0.89337
vt 0.06686 0.32808
vt 0.42777 0.32864
vt 0.42989 0.26024
vt 0.06443 0.98476
vt 0.06722 0.37338
vt 0.42733 0.37375
vt 0.42743 0.3512
vt 0.06727 0.35075
vt 0.06718 0.50883
vt 0.42706 0.50905
vt 0.42713 0.4865
vt 0.06704 0.48627
vt 0.06725 0.46371
vt 0.4271 0.46394
vt 0.06746 0.44105
vt 0.06728 0.41841
vt 0.06707 0.59937
vt 0.42703 0.59935
vt 0.42708 0.57679
vt 0.06691 0.57678
vt 0.0671 0.39589
vt 0.42728 0.39628
vt 0.04114 0.30616
vt 0.01185 0.28506
vt 0.0125 0.30687
vt 0.04161 0.75784
vt 0.04145 0.78046
vt 0.04137 0.53149
vt 0.04147 0.55411
vt 0.04135 0.32854
vt 0.04161 0.57675
vt 0.0415 0.35096
vt 0.04131 0.80307
vt 0.04149 0.82565
vt 0.0414 0.5994
vt 0.04167 0.84819
vt 0.04122 0.62204
vt 0.04168 0.3734
vt 0.04146 0.87068
vt 0.04194 0.39591
vt 0.04118 0.89313
vt 0.04136 0.64467
vt 0.04168 0.41845
vt 0.0415 0.66732
vt 0.04155 0.44102
vt 0.04104 0.91555
vt 0.0414 0.68995
vt 0.04082 0.93792
vt 0.04119 0.71259
vt 0.04159 0.4636
vt 0.03981 0.96018
vt 0.04178 0.48622
vt 0.03853 0.9821
vt 0.04144 0.73524
vt 0.0415 0.50886
vt 0.46476 0.59734
vt 0.84808 0.59884
vt 0.84818 0.57805
vt 0.46487 0.57581
vt 0.46571 0.48971
vt 0.84899 0.49493
vt 0.84929 0.47416
vt 0.46602 0.46819
vt 0.46468 0.6404
vt 0.848 0.6404
vt 0.84802 0.61963
vt 0.4647 0.61888
vt 0.84832 0.55728
vt 0.46501 0.55429
vt 0.46638 0.83412
vt 0.84964 0.8274
vt 0.84929 0.80663
vt 0.46602 0.8126
vt 0.46501 0.7265
vt 0.84832 0.72352
vt 0.84818 0.70274
vt 0.46487 0.70498
vt 0.8485 0.53651
vt 0.4652 0.53277
vt 0.46678 0.42515
vt 0.85002 0.43261
vt 0.85045 0.41183
vt 0.46722 0.40362
vt 0.84873 0.51572
vt 0.46543 0.51124
vt 0.84964 0.4534
vt 0.46638 0.44668
vt 0.85091 0.39106
vt 0.4677 0.3821
vt 0.46879 0.33906
vt 0.85197 0.34951
vt 0.85255 0.32873
vt 0.4694 0.31754
vt 0.85142 0.3703
vt 0.46822 0.36059
vt 0.85318 0.30797
vt 0.47004 0.29603
vt 0.47004 0.98476
vt 0.85318 0.97282
vt 0.85255 0.95206
vt 0.4694 0.96326
vt 0.85197 0.93128
vt 0.46879 0.94173
vt 0.4677 0.89869
vt 0.85091 0.88973
vt 0.85045 0.86897
vt 0.46722 0.87718
vt 0.84873 0.76507
vt 0.8485 0.74429
vt 0.4652 0.74802
vt 0.46543 0.76955
vt 0.85002 0.84818
vt 0.46678 0.85565
vt 0.84899 0.78586
vt 0.46571 0.79109
vt 0.46476 0.68345
vt 0.84808 0.68196
vt 0.84802 0.66117
vt 0.4647 0.66191
vt 0.45166 0.39634
vt 0.45167 0.37399
vt 0.45149 0.64465
vt 0.45145 0.62195
vt 0.45206 0.9151
vt 0.45176 0.89258
vt 0.45149 0.59925
vt 0.45154 0.5768
vt 0.4515 0.55435
vt 0.45339 0.28456
vt 0.45519 0.26186
vt 0.45147 0.53165
vt 0.45152 0.50896
vt 0.45154 0.6671
vt 0.45153 0.80255
vt 0.45155 0.77986
vt 0.45259 0.93732
vt 0.45176 0.35145
vt 0.45207 0.32896
vt 0.45168 0.87002
vt 0.45158 0.48651
vt 0.45155 0.46408
vt 0.45159 0.82523
vt 0.45158 0.75741
vt 0.45167 0.84764
vt 0.4526 0.30677
vt 0.85142 0.9105
vt 0.46822 0.9202
vt 0.01266 0.8707
vt 0.01259 0.89303
vt 0.0122 0.62212
vt 0.01225 0.64479
vt 0.01236 0.57684
vt 0.01229 0.59943
vt 0.01289 0.3735
vt 0.01291 0.39586
vt 0.01265 0.84834
vt 0.01254 0.46357
vt 0.01255 0.48614
vt 0.01248 0.82586
vt 0.01229 0.73532
vt 0.01237 0.75797
vt 0.01085 0.26323
vt 0.01234 0.80323
vt 0.01229 0.5542
vt 0.01283 0.35112
vt 0.01232 0.66735
vt 0.01227 0.68992
vt 0.01236 0.78057
vt 0.01259 0.44092
vt 0.01229 0.53145
vt 0.01277 0.32889
vt 0.01217 0.71262
vt 0.01272 0.41832
vt 0.01238 0.50874
vt 0.01153 0.95896
vt 0.0105 0.98078
vt 0.01222 0.93717
vt 0.01252 0.9152
vt 0.93302 0.81297
vt 0.92803 0.79064
vt 0.91232 0.79425
vt 0.91789 0.81674
vt 0.93911 0.39706
vt 0.94604 0.37664
vt 0.93178 0.37176
vt 0.92504 0.39286
vt 0.92272 0.76844
vt 0.90756 0.77166
vt 0.95368 0.35576
vt 0.93889 0.3504
vt 0.91825 0.74683
vt 0.9035 0.74935
vt 0.96118 0.33482
vt 0.94709 0.32942
vt 0.91528 0.72503
vt 0.89993 0.72694
vt 0.969 0.31471
vt 0.95547 0.30879
vt 0.90846 0.6136
vt 0.90824 0.59112
vt 0.89298 0.59088
vt 0.89258 0.61362
vt 0.91315 0.70248
vt 0.8973 0.70415
vt 0.97848 0.29528
vt 0.96484 0.28827
vt 0.90868 0.56939
vt 0.89398 0.56859
vt 0.91054 0.67999
vt 0.89515 0.68133
vt 0.9895 0.27581
vt 0.97588 0.26663
vt 0.91056 0.54782
vt 0.89546 0.54638
vt 0.90881 0.65808
vt 0.89401 0.65882
vt 0.9895 0.96173
vt 0.97833 0.94118
vt 0.96395 0.94826
vt 0.9751 0.97108
vt 0.91324 0.52573
vt 0.89761 0.52386
vt 0.90833 0.63615
vt 0.89299 0.63642
vt 0.96878 0.92071
vt 0.95453 0.92665
vt 0.91582 0.50363
vt 0.90088 0.50157
vt 0.96095 0.89956
vt 0.94616 0.90496
vt 0.91882 0.48228
vt 0.90437 0.4797
vt 0.95343 0.8776
vt 0.93801 0.88301
vt 0.92341 0.46121
vt 0.90869 0.45797
vt 0.94555 0.85582
vt 0.93064 0.86079
vt 0.92864 0.43959
vt 0.91334 0.43595
vt 0.93856 0.83456
vt 0.92402 0.83879
vt 0.93371 0.41794
vt 0.9191 0.4142
vt 0.88718 0.42973
vt 0.88222 0.45248
vt 0.86578 0.58965
vt 0.8653 0.61319
vt 0.89702 0.84613
vt 0.90379 0.86888
vt 0.87782 0.47494
vt 0.91135 0.89192
vt 0.8992 0.38515
vt 0.893 0.40718
vt 0.88523 0.8
vt 0.89084 0.82331
vt 0.91359 0.34127
vt 0.90609 0.36332
vt 0.87625 0.75358
vt 0.88037 0.77661
vt 0.93053 0.29822
vt 0.92191 0.3195
vt 0.86995 0.707
vt 0.87272 0.73057
vt 0.94868 0.25464
vt 0.93972 0.27695
vt 0.86647 0.66011
vt 0.86779 0.68338
vt 0.8709 0.52059
vt 0.86855 0.54374
vt 0.92827 0.93724
vt 0.93749 0.95964
vt 0.86689 0.56663
vt 0.94645 0.98312
vt 0.87415 0.49753
vt 0.86557 0.63681
vt 0.91966 0.91484
vt 0.8605 0.58945
vt 0.85985 0.61316
vt 0.86176 0.56632
vt 0.86333 0.5433
vt 0.86556 0.51994
vt 0.86897 0.49673
vt 0.8728 0.47404
vt 0.87708 0.45144
vt 0.88195 0.42848
vt 0.88794 0.40579
vt 0.89431 0.38369
vt 0.90111 0.36171
vt 0.90853 0.33944
vt 0.91703 0.31756
vt 0.9258 0.29624
vt 0.93482 0.27493
vt 0.94347 0.25297
vt 0.93233 0.96165
vt 0.94097 0.98476
vt 0.92329 0.93922
vt 0.91452 0.91677
vt 0.90605 0.89375
vt 0.89859 0.87048
vt 0.89193 0.84757
vt 0.88561 0.82466
vt 0.87983 0.80121
vt 0.8751 0.7776
vt 0.87111 0.75444
vt 0.86744 0.7313
vt 0.8645 0.70757
vt 0.86247 0.68375
vt 0.86127 0.66035
vt 0.86025 0.63696
vt 0.45437 0.4414
vt 0.45438 0.41874
vt 0.45441 0.39635
vt 0.45446 0.374
vt 0.45459 0.35147
vt 0.4543 0.62195
vt 0.45429 0.59925
vt 0.45429 0.5768
vt 0.4543 0.55435
vt 0.45432 0.53165
vt 0.45432 0.71226
vt 0.4543 0.68955
vt 0.4543 0.6671
vt 0.45429 0.64465
vt 0.458 0.98188
vt 0.45616 0.95939
vt 0.45532 0.93724
vt 0.45484 0.91505
vt 0.45459 0.89256
vt 0.45432 0.50896
vt 0.45433 0.48651
vt 0.45434 0.46408
vt 0.45438 0.80255
vt 0.45435 0.77986
vt 0.45434 0.75741
vt 0.45432 0.73496
vt 0.45446 0.87001
vt 0.45441 0.84764
vt 0.45438 0.82523
vt 0.45484 0.32901
vt 0.45532 0.30685
vt 0.45617 0.28472
vt 0.458 0.26227
vt 0.48238 0.03983
vt 0.52016 0.01968
vt 0.50026 0.02787
vt 0.46715 0.05506
vt 0.54129 0.01551
vt 0.45516 0.07295
vt 0.56283 0.01551
vt 0.58393 0.01969
vt 0.44688 0.09281
vt 0.4427 0.11392
vt 0.60379 0.02797
vt 0.4427 0.13545
vt 0.62168 0.03996
vt 0.44687 0.15658
vt 0.63691 0.05519
vt 0.45506 0.17648
vt 0.64887 0.07307
vt 0.46703 0.19436
vt 0.65707 0.09297
vt 0.48225 0.20959
vt 0.66123 0.1141
vt 0.50014 0.22158
vt 0.66123 0.13563
vt 0.52 0.22986
vt 0.65705 0.15674
vt 0.64877 0.1766
vt 0.54111 0.23404
vt 0.63678 0.19449
vt 0.56264 0.23404
vt 0.58377 0.22987
vt 0.62155 0.20972
vt 0.60367 0.22168
vt 0.68768 0.10256
vt 0.70905 0.06251
vt 0.69637 0.08147
vt 0.7252 0.04636
vt 0.68326 0.12497
vt 0.68326 0.1478
vt 0.74417 0.03365
vt 0.68769 0.17018
vt 0.76523 0.02487
vt 0.69647 0.19124
vt 0.78761 0.02044
vt 0.70918 0.21021
vt 0.81044 0.02044
vt 0.83285 0.02486
vt 0.72533 0.22636
vt 0.85394 0.03355
vt 0.74429 0.23904
vt 0.8729 0.04623
vt 0.76538 0.24773
vt 0.88905 0.06238
vt 0.78778 0.25215
vt 0.90176 0.08135
vt 0.81062 0.25215
vt 0.91053 0.10241
vt 0.833 0.24772
vt 0.85406 0.23894
vt 0.91497 0.12479
vt 0.87303 0.22623
vt 0.91497 0.14762
vt 0.88917 0.21008
vt 0.91055 0.17003
vt 0.90186 0.19112
usemtl mat0
f 1/1/1 2/2/2 3/3/3
f 1/1/1 3/3/3 4/4/4
f 5/5/5 6/6/6 7/7/7
f 5/5/5 7/7/7 8/8/8
f 9/9/9 10/10/10 11/11/11
f 9/9/9 11/11/11 12/12/12
f 13/13/13 14/14/14 15/15/15
f 13/13/13 15/15/15 16/16/16
f 17/17/17 18/18/18 19/19/19
f 17/17/17 19/19/19 20/20/20
f 21/21/21 22/22/22 23/23/23
f 21/21/21 23/23/23 24/24/24
f 25/25/25 26/26/26 27/27/27
f 25/25/25 27/27/27 28/28/28
f 28/28/28 27/27/27 29/29/29
f 28/28/28 29/29/29 30/30/30
f 31/31/31 32/32/32 18/18/18
f 31/31/31 18/18/18 17/17/17
f 33/33/33 34/34/34 35/35/35
f 33/33/33 35/35/35 36/36/36
f 37/37/37 38/38/38 39/39/39
f 37/37/37 39/39/39 40/40/40
f 41/41/41 42/42/42 10/10/10
f 41/41/41 10/10/10 9/9/9
f 43/43/43 44/44/44 45/45/45
f 43/43/43 45/45/45 46/46/46
f 46/46/46 45/45/45 38/38/38
f 46/46/46 38/38/38 37/37/37
f 47/47/47 48/48/48 49/49/49
f 47/47/47 49/49/49 50/50/50
f 51/51/51 52/52/52 53/53/53
f 51/51/51 53/53/53 54/54/54
f 55/55/55 56/56/56 32/32/32
f 55/55/55 32/32/32 31/31/31
f 57/57/57 58/58/58 59/59/59
f 57/57/57 59/59/59 60/60/60
f 61/61/61 62/62/62 26/26/26
f 61/61/61 26/26/26 25/25/25
f 60/60/60 59/59/59 63/63/63
f 60/60/60 63/63/63 64/64/64
f 54/54/54 53/53/53 65/65/65
f 54/54/54 65/65/65 66/66/66
f 67/67/67 68/68/68 69/69/69
f 67/67/67 69/69/69 70/70/70
f 40/40/40 39/39/39 58/58/58
f 40/40/40 58/58/58 57/57/57
f 8/8/8 7/7/7 48/48/48
f 8/8/8 48/48/48 47/47/47
f 15/15/15 71/71/71 52/52/52
f 15/15/15 52/52/52 16/16/16
f 72/72/72 73/73/73 42/42/42
f 72/72/72 42/42/42 41/41/41
f 74/74/74 75/75/75 44/44/44
f 74/74/74 44/44/44 43/43/43
f 76/76/76 77/77/77 78/78/78
f 76/76/76 78/78/78 79/79/79
f 80/80/80 81/81/81 82/82/82
f 80/80/80 82/82/82 83/83/83
f 79/79/79 78/78/78 84/84/84
f 79/79/79 84/84/84 85/85/85
f 86/86/86 87/87/87 88/88/88
f 86/86/86 88/88/88 89/89/89
f 66/66/66 65/65/65 90/90/90
f 66/66/66 90/90/90 91/91/91
f 92/92/92 93/93/93 73/73/73
f 92/92/92 73/73/73 72/72/72
f 94/94/94 95/95/95 77/77/77
f 94/94/94 77/77/77 76/76/76
f 12/12/12 11/11/11 96/96/96
f 12/12/12 96/96/96 97/97/97
f 24/24/24 23/23/23 93/93/93
f 24/24/24 93/93/93 92/92/92
f 4/4/98 98/98/99 99/99/100
f 4/4/98 99/99/100 100/100/101
f 101/101/102 13/13/13 16/16/16
f 101/101/102 16/16/16 102/102/103
f 102/102/103 16/16/16 52/52/52
f 102/102/103 52/52/52 51/51/51
f 103/103/104 104/104/105 105/105/106
f 103/103/104 105/105/106 106/106/107
f 107/107/108 108/108/109 109/109/110
f 107/107/108 109/109/110 110/110/111
f 110/110/111 109/109/110 68/68/68
f 110/110/111 68/68/68 67/67/67
f 111/111/112 35/35/35 112/112/113
f 111/111/112 112/112/113 113/113/114
f 70/70/70 69/69/69 13/13/13
f 70/70/70 13/13/13 101/101/102
f 114/114/115 115/115/116 116/116/117
f 114/114/115 116/116/117 117/117/118
f 117/117/118 116/116/117 104/104/105
f 117/117/118 104/104/105 103/103/104
f 118/118/119 119/119/120 2/2/2
f 118/118/119 2/2/2 1/1/1
f 106/106/107 105/105/106 108/108/109
f 106/106/107 108/108/109 107/107/108
f 4/4/4 3/3/3 120/120/36
f 4/4/4 120/120/36 98/98/121
f 121/121/121 36/36/36 35/35/35
f 121/121/121 35/35/35 111/111/112
f 113/113/114 112/112/113 115/115/116
f 113/113/114 115/115/116 114/114/115
f 122/122/122 123/123/123 124/124/124
f 122/122/122 124/124/124 125/125/125
f 125/125/125 124/124/124 119/119/120
f 125/125/125 119/119/120 118/118/119
f 126/126/126 127/127/127 128/128/128
f 126/126/126 128/128/128 129/129/129
f 130/130/130 131/131/131 83/83/83
f 130/130/130 83/83/83 132/132/132
f 132/132/132 83/83/83 82/82/82
f 132/132/132 82/82/82 133/133/133
f 134/134/134 135/135/135 136/136/136
f 134/134/134 136/136/136 137/137/137
f 138/138/138 139/139/139 123/123/123
f 138/138/138 123/123/123 122/122/122
f 89/89/89 88/88/88 127/127/127
f 89/89/89 127/127/127 126/126/126
f 91/91/91 90/90/90 135/135/135
f 91/91/91 135/135/135 134/134/134
f 133/133/133 82/82/82 139/139/139
f 133/133/133 139/139/139 138/138/138
f 140/140/140 100/100/141 141/141/141
f 140/140/140 141/141/141 142/142/142
f 67/67/143 70/70/144 143/143/145
f 67/67/143 143/143/145 144/144/146
f 1/1/147 4/4/98 100/100/101
f 1/1/147 100/100/101 140/140/148
f 129/129/129 128/128/128 131/131/131
f 129/129/129 131/131/131 130/130/130
f 86/86/149 89/89/150 145/145/151
f 86/86/149 145/145/151 146/146/152
f 118/118/153 1/1/147 140/140/148
f 118/118/153 140/140/148 147/147/154
f 137/137/155 86/86/149 146/146/152
f 137/137/155 146/146/152 148/148/156
f 125/125/157 118/118/153 147/147/154
f 125/125/157 147/147/154 149/149/158
f 107/107/159 110/110/160 150/150/161
f 107/107/159 150/150/161 151/151/162
f 134/134/163 137/137/155 148/148/156
f 134/134/163 148/148/156 152/152/164
f 106/106/165 107/107/159 151/151/162
f 106/106/165 151/151/162 153/153/166
f 91/91/167 134/134/163 152/152/164
f 91/91/167 152/152/164 154/154/168
f 122/122/169 125/125/157 149/149/158
f 122/122/169 149/149/158 155/155/170
f 103/103/171 106/106/165 153/153/166
f 103/103/171 153/153/166 156/156/172
f 138/138/173 122/122/169 155/155/170
f 138/138/173 155/155/170 157/157/174
f 117/117/175 103/103/171 156/156/172
f 117/117/175 156/156/172 158/158/176
f 66/66/177 91/91/167 154/154/168
f 66/66/177 154/154/168 159/159/178
f 133/133/179 138/138/173 157/157/174
f 133/133/179 157/157/174 160/160/180
f 54/54/181 66/66/177 159/159/178
f 54/54/181 159/159/178 161/161/182
f 132/132/183 133/133/179 160/160/180
f 132/132/183 160/160/180 162/162/184
f 114/114/185 117/117/175 158/158/176
f 114/114/185 158/158/176 163/163/186
f 51/51/187 54/54/181 161/161/182
f 51/51/187 161/161/182 164/164/188
f 113/113/189 114/114/185 163/163/186
f 113/113/189 163/163/186 165/165/190
f 102/102/191 51/51/187 164/164/188
f 102/102/191 164/164/188 166/166/192
f 130/130/193 132/132/183 162/162/184
f 130/130/193 162/162/184 167/167/194
f 111/111/195 113/113/189 165/165/190
f 111/111/195 165/165/190 168/168/196
f 129/129/197 130/130/193 167/167/194
f 129/129/197 167/167/194 169/169/198
f 121/121/99 111/111/195 168/168/196
f 121/121/99 168/168/196 170/170/100
f 101/101/199 102/102/191 166/166/192
f 101/101/199 166/166/192 171/171/200
f 126/126/201 129/129/197 169/169/198
f 126/126/201 169/169/198 172/172/202
f 70/70/144 101/101/199 171/171/200
f 70/70/144 171/171/200 143/143/145
f 89/89/150 126/126/201 172/172/202
f 89/89/150 172/172/202 145/145/151
f 173/173/203 174/174/204 175/175/205
f 173/173/203 175/175/205 176/176/206
f 177/177/207 178/178/208 179/179/209
f 177/177/207 179/179/209 180/180/210
f 181/181/211 182/182/212 183/183/213
f 181/181/211 183/183/213 184/184/214
f 176/176/206 175/175/205 185/185/215
f 176/176/206 185/185/215 186/186/216
f 184/184/214 183/183/213 174/174/204
f 184/184/214 174/174/204 173/173/203
f 187/187/217 188/188/218 189/189/219
f 187/187/217 189/189/219 190/190/220
f 191/191/221 192/192/222 193/193/223
f 191/191/221 193/193/223 194/194/224
f 186/186/216 185/185/215 195/195/225
f 186/186/216 195/195/225 196/196/226
f 197/197/227 198/198/228 199/199/229
f 197/197/227 199/199/229 200/200/230
f 196/196/226 195/195/225 201/201/231
f 196/196/226 201/201/231 202/202/232
f 180/180/210 179/179/209 203/203/233
f 180/180/210 203/203/233 204/204/234
f 200/200/230 199/199/229 205/205/235
f 200/200/230 205/205/235 206/206/236
f 207/207/237 208/208/238 209/209/239
f 207/207/237 209/209/239 210/210/240
f 204/204/234 203/203/233 198/198/228
f 204/204/234 198/198/228 197/197/227
f 206/206/236 205/205/235 211/211/241
f 206/206/236 211/211/241 212/212/242
f 210/210/240 209/209/239 213/213/243
f 210/210/240 213/213/243 214/214/244
f 212/212/242 211/211/241 208/208/238
f 212/212/242 208/208/238 207/207/237
f 215/215/244 216/216/243 217/217/245
f 215/215/244 217/217/245 218/218/246
f 218/218/246 217/217/245 219/219/247
f 218/218/246 219/219/247 220/220/248
f 221/221/249 222/222/250 223/223/251
f 221/221/249 223/223/251 224/224/252
f 225/225/253 226/226/254 227/227/255
f 225/225/253 227/227/255 228/228/256
f 224/224/252 223/223/251 229/229/257
f 224/224/252 229/229/257 230/230/258
f 190/190/220 189/189/219 231/231/259
f 190/190/220 231/231/259 232/232/260
f 226/226/254 192/192/222 191/191/221
f 226/226/254 191/191/221 227/227/255
f 233/233/261 234/234/262 235/235/263
f 233/233/261 235/235/263 236/236/264
f 232/232/260 231/231/259 225/225/253
f 232/232/260 225/225/253 228/228/256
f 236/236/264 235/235/263 182/182/212
f 236/236/264 182/182/212 181/181/211
f 201/201/231 178/178/208 177/177/207
f 201/201/231 177/177/207 202/202/232
f 229/229/257 188/188/218 187/187/217
f 229/229/257 187/187/217 230/230/258
f 82/82/82 81/81/81 237/237/265
f 82/82/82 237/237/265 139/139/139
f 139/139/139 237/237/265 238/238/266
f 139/139/139 238/238/266 123/123/123
f 65/65/65 239/239/267 240/240/268
f 65/65/65 240/240/268 90/90/90
f 115/115/116 241/241/269 242/242/270
f 115/115/116 242/242/270 116/116/117
f 135/135/135 243/243/271 244/244/272
f 135/135/135 244/244/272 136/136/136
f 136/136/136 244/244/272 245/245/273
f 136/136/136 245/245/273 87/87/87
f 3/3/3 246/246/274 247/247/33
f 3/3/3 247/247/33 120/120/36
f 248/248/275 249/249/276 127/127/127
f 248/248/275 127/127/127 88/88/88
f 52/52/52 71/71/71 250/250/277
f 52/52/52 250/250/277 53/53/53
f 53/53/53 250/250/277 239/239/267
f 53/53/53 239/239/267 65/65/65
f 251/251/278 252/252/279 68/68/68
f 251/251/278 68/68/68 109/109/110
f 85/85/85 84/84/84 22/22/22
f 85/85/85 22/22/22 21/21/21
f 35/35/35 34/34/34 253/253/280
f 35/35/35 253/253/280 112/112/113
f 112/112/113 253/253/280 241/241/269
f 112/112/113 241/241/269 115/115/116
f 254/254/281 255/255/282 119/119/120
f 254/254/281 119/119/120 124/124/124
f 242/242/270 256/256/283 104/104/105
f 242/242/270 104/104/105 116/116/117
f 127/127/127 249/249/276 257/257/284
f 127/127/127 257/257/284 128/128/128
f 128/128/128 257/257/284 258/258/285
f 128/128/128 258/258/285 131/131/131
f 108/108/109 259/259/286 251/251/278
f 108/108/109 251/251/278 109/109/110
f 97/97/97 96/96/96 62/62/62
f 97/97/97 62/62/62 61/61/61
f 68/68/68 252/252/279 260/260/287
f 68/68/68 260/260/287 69/69/69
f 69/69/69 260/260/287 14/14/14
f 69/69/69 14/14/14 13/13/13
f 90/90/90 240/240/268 243/243/271
f 90/90/90 243/243/271 135/135/135
f 50/50/50 49/49/49 95/95/95
f 50/50/50 95/95/95 94/94/94
f 104/104/105 256/256/283 261/261/288
f 104/104/105 261/261/288 105/105/106
f 105/105/106 261/261/288 259/259/286
f 105/105/106 259/259/286 108/108/109
f 123/123/123 238/238/266 254/254/281
f 123/123/123 254/254/281 124/124/124
f 64/64/64 63/63/63 6/6/6
f 64/64/64 6/6/6 5/5/5
f 119/119/120 255/255/282 262/262/289
f 119/119/120 262/262/289 2/2/2
f 2/2/2 262/262/289 246/246/274
f 2/2/2 246/246/274 3/3/3
f 20/20/20 19/19/19 75/75/75
f 20/20/20 75/75/75 74/74/74
f 194/194/224 193/193/223 234/234/262
f 194/194/224 234/234/262 233/233/261
f 220/220/248 219/219/247 263/263/290
f 220/220/248 263/263/290 264/264/291
f 264/264/291 263/263/290 222/222/250
f 264/264/291 222/222/250 221/221/249
f 131/131/131 258/258/285 80/80/80
f 131/131/131 80/80/80 83/83/83
f 158/158/292 156/156/293 265/265/293
f 158/158/292 265/265/293 266/266/294
f 159/159/295 154/154/296 267/267/296
f 159/159/295 267/267/296 268/268/297
f 110/110/160 67/67/143 144/144/146
f 110/110/160 144/144/146 150/150/161
f 152/152/298 148/148/299 269/269/299
f 152/152/298 269/269/299 270/270/298
f 157/157/300 155/155/301 271/271/301
f 157/157/300 271/271/301 272/272/302
f 156/156/293 153/153/303 273/273/304
f 156/156/293 273/273/304 265/265/293
f 169/169/305 167/167/306 274/274/307
f 169/169/305 274/274/307 275/275/305
f 153/153/303 151/151/308 276/276/308
f 153/153/303 276/276/308 273/273/304
f 143/143/309 171/171/310 277/277/311
f 143/143/309 277/277/311 278/278/312
f 100/100/141 99/99/313 279/279/313
f 100/100/141 279/279/313 141/141/141
f 151/151/308 150/150/314 280/280/315
f 151/151/308 280/280/315 276/276/308
f 148/148/299 146/146/316 281/281/316
f 148/148/299 281/281/316 269/269/299
f 155/155/301 149/149/317 282/282/318
f 155/155/301 282/282/318 271/271/301
f 164/164/319 161/161/320 283/283/321
f 164/164/319 283/283/321 284/284/322
f 150/150/314 144/144/323 285/285/324
f 150/150/314 285/285/324 280/280/315
f 167/167/306 162/162/325 286/286/326
f 167/167/306 286/286/326 274/274/307
f 146/146/316 145/145/327 287/287/328
f 146/146/316 287/287/328 281/281/316
f 149/149/317 147/147/329 288/288/330
f 149/149/317 288/288/330 282/282/318
f 171/171/310 166/166/331 289/289/332
f 171/171/310 289/289/332 277/277/311
f 162/162/325 160/160/333 290/290/334
f 162/162/325 290/290/334 286/286/326
f 161/161/320 159/159/295 268/268/297
f 161/161/320 268/268/297 283/283/321
f 145/145/327 172/172/335 291/291/335
f 145/145/327 291/291/335 287/287/328
f 170/170/313 168/168/336 292/292/336
f 170/170/313 292/292/336 293/293/313
f 147/147/329 140/140/140 142/142/142
f 147/147/329 142/142/142 288/288/330
f 168/168/336 165/165/337 294/294/338
f 168/168/336 294/294/338 292/292/336
f 144/144/323 143/143/309 278/278/312
f 144/144/323 278/278/312 285/285/324
f 154/154/296 152/152/298 270/270/298
f 154/154/296 270/270/298 267/267/296
f 160/160/333 157/157/300 272/272/302
f 160/160/333 272/272/302 290/290/334
f 165/165/337 163/163/339 295/295/340
f 165/165/337 295/295/340 294/294/338
f 166/166/331 164/164/319 284/284/322
f 166/166/331 284/284/322 289/289/332
f 163/163/339 158/158/292 266/266/294
f 163/163/339 266/266/294 295/295/340
f 172/172/335 169/169/305 275/275/305
f 172/172/335 275/275/305 291/291/335
f 137/137/137 136/136/136 87/87/87
f 137/137/137 87/87/87 86/86/86
f 30/30/30 29/29/29 56/56/56
f 30/30/30 56/56/56 55/55/55
f 296/296/341 297/297/342 298/298/343
f 296/296/341 298/298/343 299/299/344
f 300/300/345 301/301/346 302/302/347
f 300/300/345 302/302/347 303/303/345
f 297/297/342 304/304/348 305/305/349
f 297/297/342 305/305/349 298/298/343
f 301/301/346 306/306/350 307/307/351
f 301/301/346 307/307/351 302/302/347
f 304/304/348 308/308/352 309/309/353
f 304/304/348 309/309/353 305/305/349
f 306/306/350 310/310/354 311/311/355
f 306/306/350 311/311/355 307/307/351
f 308/308/352 312/312/356 313/313/357
f 308/308/352 313/313/357 309/309/353
f 310/310/354 314/314/358 315/315/359
f 310/310/354 315/315/359 311/311/355
f 316/316/360 317/317/361 318/318/362
f 316/316/360 318/318/362 319/319/363
f 312/312/356 320/320/364 321/321/365
f 312/312/356 321/321/365 313/313/357
f 314/314/358 322/322/366 323/323/367
f 314/314/358 323/323/367 315/315/359
f 317/317/361 324/324/368 325/325/369
f 317/317/361 325/325/369 318/318/362
f 320/320/364 326/326/370 327/327/371
f 320/320/364 327/327/371 321/321/365
f 322/322/366 328/328/372 329/329/373
f 322/322/366 329/329/373 323/323/367
f 324/324/368 330/330/374 331/331/375
f 324/324/368 331/331/375 325/325/369
f 326/326/370 332/332/376 333/333/377
f 326/326/370 333/333/377 327/327/371
f 334/334/372 335/335/378 336/336/379
f 334/334/372 336/336/379 337/337/373
f 330/330/374 338/338/380 339/339/381
f 330/330/374 339/339/381 331/331/375
f 332/332/376 340/340/382 341/341/383
f 332/332/376 341/341/383 333/333/377
f 335/335/378 342/342/384 343/343/385
f 335/335/378 343/343/385 336/336/379
f 338/338/380 344/344/386 345/345/387
f 338/338/380 345/345/387 339/339/381
f 340/340/382 316/316/360 319/319/363
f 340/340/382 319/319/363 341/341/383
f 342/342/384 346/346/388 347/347/389
f 342/342/384 347/347/389 343/343/385
f 344/344/386 348/348/390 349/349/391
f 344/344/386 349/349/391 345/345/387
f 346/346/388 350/350/392 351/351/393
f 346/346/388 351/351/393 347/347/389
f 348/348/390 352/352/394 353/353/395
f 348/348/390 353/353/395 349/349/391
f 350/350/392 354/354/396 355/355/397
f 350/350/392 355/355/397 351/351/393
f 352/352/394 356/356/398 357/357/399
f 352/352/394 357/357/399 353/353/395
f 354/354/396 358/358/400 359/359/401
f 354/354/396 359/359/401 355/355/397
f 356/356/398 360/360/402 361/361/403
f 356/356/398 361/361/403 357/357/399
f 358/358/400 296/296/341 299/299/344
f 358/358/400 299/299/344 359/359/401
f 360/360/402 300/300/345 303/303/345
f 360/360/402 303/303/345 361/361/403
f 353/353/404 357/357/405 362/362/406
f 353/353/404 362/362/406 363/363/407
f 319/319/408 318/318/409 364/364/409
f 319/319/408 364/364/409 365/365/408
f 355/355/293 359/359/410 366/366/411
f 355/355/293 366/366/411 367/367/293
f 349/349/412 353/353/404 363/363/407
f 349/349/412 363/363/407 368/368/413
f 351/351/414 355/355/293 367/367/293
f 351/351/414 367/367/293 369/369/415
f 361/361/416 303/303/417 370/370/418
f 361/361/416 370/370/418 371/371/419
f 299/299/420 298/298/421 372/372/422
f 299/299/420 372/372/422 373/373/423
f 357/357/405 361/361/416 371/371/419
f 357/357/405 371/371/419 362/362/406
f 359/359/410 299/299/420 373/373/423
f 359/359/410 373/373/423 366/366/411
f 302/302/424 307/307/425 374/374/425
f 302/302/424 374/374/425 375/375/426
f 305/305/427 309/309/428 376/376/429
f 305/305/427 376/376/429 377/377/427
f 303/303/417 302/302/424 375/375/426
f 303/303/417 375/375/426 370/370/418
f 298/298/421 305/305/427 377/377/427
f 298/298/421 377/377/427 372/372/422
f 311/311/430 315/315/140 378/378/431
f 311/311/430 378/378/431 379/379/432
f 313/313/433 321/321/434 380/380/435
f 313/313/433 380/380/435 381/381/436
f 307/307/425 311/311/430 379/379/432
f 307/307/425 379/379/432 374/374/425
f 309/309/428 313/313/433 381/381/436
f 309/309/428 381/381/436 376/376/429
f 323/323/437 329/329/438 382/382/439
f 323/323/437 382/382/439 383/383/437
f 327/327/440 333/333/441 384/384/441
f 327/327/440 384/384/441 385/385/442
f 315/315/140 323/323/437 383/383/437
f 315/315/140 383/383/437 378/378/431
f 331/331/443 339/339/444 386/386/445
f 331/331/443 386/386/445 387/387/443
f 321/321/434 327/327/440 385/385/442
f 321/321/434 385/385/442 380/380/435
f 336/336/446 343/343/447 388/388/448
f 336/336/446 388/388/448 389/389/449
f 325/325/450 331/331/443 387/387/443
f 325/325/450 387/387/443 390/390/450
f 318/318/409 325/325/450 390/390/450
f 318/318/409 390/390/450 364/364/409
f 337/337/438 336/336/446 389/389/449
f 337/337/438 389/389/449 391/391/439
f 345/345/451 349/349/412 368/368/413
f 345/345/451 368/368/413 392/392/452
f 333/333/441 341/341/453 393/393/454
f 333/333/441 393/393/454 384/384/441
f 347/347/455 351/351/414 369/369/415
f 347/347/455 369/369/415 394/394/456
f 339/339/444 345/345/451 392/392/452
f 339/339/444 392/392/452 386/386/445
f 343/343/447 347/347/455 394/394/456
f 343/343/447 394/394/456 388/388/448
f 341/341/453 319/319/408 365/365/408
f 341/341/453 365/365/408 393/393/454
f 365/365/457 364/364/458 395/395/459
f 365/365/457 395/395/459 396/396/460
f 364/364/458 390/390/461 397/397/462
f 364/364/458 397/397/462 395/395/459
f 390/390/461 387/387/463 398/398/464
f 390/390/461 398/398/464 397/397/462
f 387/387/463 386/386/465 399/399/466
f 387/387/463 399/399/466 398/398/464
f 386/386/465 392/392/467 400/400/468
f 386/386/465 400/400/468 399/399/466
f 392/392/467 368/368/469 401/401/470
f 392/392/467 401/401/470 400/400/468
f 368/368/469 363/363/471 402/402/472
f 368/368/469 402/402/472 401/401/470
f 363/363/471 362/362/473 403/403/474
f 363/363/471 403/403/474 402/402/472
f 362/362/473 371/371/475 404/404/476
f 362/362/473 404/404/476 403/403/474
f 371/371/475 370/370/477 405/405/478
f 371/371/475 405/405/478 404/404/476
f 370/370/477 375/375/479 406/406/480
f 370/370/477 406/406/480 405/405/478
f 375/375/479 374/374/481 407/407/482
f 375/375/479 407/407/482 406/406/480
f 374/374/481 379/379/483 408/408/484
f 374/374/481 408/408/484 407/407/482
f 379/379/483 378/378/485 409/409/486
f 379/379/483 409/409/486 408/408/484
f 378/378/485 383/383/487 410/410/488
f 378/378/485 410/410/488 409/409/486
f 383/383/487 382/382/489 411/411/490
f 383/383/487 411/411/490 410/410/488
f 391/391/489 389/389/491 412/412/492
f 391/391/489 412/412/492 413/413/490
f 389/389/491 388/388/493 414/414/494
f 389/389/491 414/414/494 412/412/492
f 388/388/493 394/394/495 415/415/496
f 388/388/493 415/415/496 414/414/494
f 394/394/495 369/369/497 416/416/498
f 394/394/495 416/416/498 415/415/496
f 369/369/497 367/367/499 417/417/500
f 369/369/497 417/417/500 416/416/498
f 367/367/499 366/366/501 418/418/502
f 367/367/499 418/418/502 417/417/500
f 366/366/501 373/373/503 419/419/504
f 366/366/501 419/419/504 418/418/502
f 373/373/503 372/372/505 420/420/506
f 373/373/503 420/420/506 419/419/504
f 372/372/505 377/377/507 421/421/508
f 372/372/505 421/421/508 420/420/506
f 377/377/507 376/376/509 422/422/510
f 377/377/507 422/422/510 421/421/508
f 376/376/509 381/381/511 423/423/512
f 376/376/509 423/423/512 422/422/510
f 381/381/511 380/380/513 424/424/514
f 381/381/511 424/424/514 423/423/512
f 380/380/513 385/385/515 425/425/516
f 380/380/513 425/425/516 424/424/514
f 385/385/515 384/384/517 426/426/518
f 385/385/515 426/426/518 425/425/516
f 384/384/517 393/393/519 427/427/520
f 384/384/517 427/427/520 426/426/518
f 393/393/519 365/365/457 396/396/460
f 393/393/519 396/396/460 427/427/520
f 428/428/521 429/429/522 81/81/523
f 428/428/521 81/81/523 80/80/524
f 429/429/522 430/430/525 237/237/526
f 429/429/522 237/237/526 81/81/523
f 254/254/527 238/238/528 431/431/529
f 254/254/527 431/431/529 432/432/527
f 238/238/528 237/237/526 430/430/525
f 238/238/528 430/430/525 431/431/529
f 433/433/530 434/434/531 243/243/532
f 433/433/530 243/243/532 240/240/533
f 434/434/531 435/435/534 244/244/535
f 434/434/531 244/244/535 243/243/532
f 248/248/536 245/245/537 436/436/538
f 248/248/536 436/436/538 437/437/539
f 245/245/537 244/244/535 435/435/534
f 245/245/537 435/435/534 436/436/538
f 438/438/540 439/439/541 71/71/542
f 438/438/540 71/71/542 15/15/543
f 439/439/541 440/440/544 250/250/545
f 439/439/541 250/250/545 71/71/542
f 240/240/533 239/239/546 441/441/547
f 240/240/533 441/441/547 433/433/530
f 239/239/546 250/250/545 440/440/544
f 239/239/546 440/440/544 441/441/547
f 442/442/548 443/443/549 34/34/550
f 442/442/548 34/34/550 33/33/551
f 443/443/549 444/444/552 253/253/553
f 443/443/549 253/253/553 34/34/550
f 242/242/554 241/241/555 445/445/556
f 242/242/554 445/445/556 446/446/557
f 241/241/555 253/253/553 444/444/552
f 241/241/555 444/444/552 445/445/556
f 437/437/539 447/447/558 249/249/559
f 437/437/539 249/249/559 248/248/536
f 447/447/558 448/448/560 257/257/561
f 447/447/558 257/257/561 249/249/559
f 80/80/524 258/258/562 449/449/563
f 80/80/524 449/449/563 428/428/521
f 258/258/562 257/257/561 448/448/560
f 258/258/562 448/448/560 449/449/563
f 450/450/564 451/451/565 252/252/566
f 450/450/564 252/252/566 251/251/567
f 451/451/565 452/452/568 260/260/569
f 451/451/565 260/260/569 252/252/566
f 15/15/543 14/14/570 453/453/571
f 15/15/543 453/453/571 438/438/540
f 14/14/570 260/260/569 452/452/568
f 14/14/570 452/452/568 453/453/571
f 446/446/557 454/454/572 256/256/573
f 446/446/557 256/256/573 242/242/554
f 454/454/572 455/455/574 261/261/575
f 454/454/572 261/261/575 256/256/573
f 251/251/567 259/259/576 456/456/577
f 251/251/567 456/456/577 450/450/564
f 259/259/576 261/261/575 455/455/574
f 259/259/576 455/455/574 456/456/577
f 432/432/527 457/457/578 255/255/579
f 432/432/527 255/255/579 254/254/527
f 457/457/578 458/458/580 262/262/581
f 457/457/578 262/262/581 255/255/579
f 247/247/551 246/246/582 459/459/583
f 247/247/551 459/459/583 460/460/548
f 246/246/582 262/262/581 458/458/580
f 246/246/582 458/458/580 459/459/583
f 87/87/87 245/245/273 248/248/275
f 87/87/87 248/248/275 88/88/88
f 461/461/584 462/462/584 463/463/584
f 462/462/584 461/461/584 464/464/584
f 462/462/584 464/464/584 465/465/584
f 465/465/584 464/464/584 466/466/584
f 465/465/584 466/466/584 467/467/584
f 467/467/584 466/466/584 468/468/584
f 468/468/584 466/466/584 469/469/584
f 468/468/584 469/469/584 470/470/584
f 468/468/584 470/470/584 471/471/584
f 471/471/584 470/470/584 472/472/584
f 471/471/584 472/472/584 473/473/584
f 473/473/584 472/472/584 474/474/584
f 473/473/584 474/474/584 475/475/584
f 475/475/584 474/474/584 476/476/584
f 475/475/584 476/476/584 477/477/584
f 477/477/584 476/476/584 478/478/584
f 477/477/584 478/478/584 479/479/584
f 479/479/584 478/478/584 480/480/584
f 479/479/584 480/480/584 481/481/584
f 481/481/584 480/480/584 482/482/584
f 481/481/584 482/482/584 483/483/584
f 483/483/584 482/482/584 484/484/584
f 483/483/584 484/484/584 485/485/584
f 485/485/584 484/484/584 486/486/584
f 486/486/584 484/484/584 487/487/584
f 486/486/584 487/487/584 488/488/584
f 488/488/584 487/487/584 489/489/584
f 488/488/584 489/489/584 490/490/584
f 488/488/584 490/490/584 491/491/584
f 491/491/584 490/490/584 492/492/584
f 493/493/585 494/494/585 495/495/585
f 494/494/585 493/493/585 496/496/585
f 496/496/585 493/493/585 497/497/585
f 496/496/585 497/497/585 498/498/585
f 496/496/585 498/498/585 499/499/585
f 499/499/585 498/498/585 500/500/585
f 499/499/585 500/500/585 501/501/585
f 501/501/585 500/500/585 502/502/585
f 501/501/585 502/502/585 503/503/585
f 503/503/585 502/502/585 504/504/585
f 503/503/585 504/504/585 505/505/585
f 505/505/585 504/504/585 506/506/585
f 506/506/585 504/504/585 507/507/585
f 506/506/585 507/507/585 508/508/585
f 508/508/585 507/507/585 509/509/585
f 508/508/585 509/509/585 510/510/585
f 510/510/585 509/509/585 511/511/585
f 510/510/585 511/511/585 512/512/585
f 512/512/585 511/511/585 513/513/585
f 512/512/585 513/513/585 514/514/585
f 514/514/585 513/513/585 515/515/585
f 514/514/585 515/515/585 516/516/585
f 516/516/585 515/515/585 517/517/585
f 516/516/585 517/517/585 518/518/585
f 516/516/585 518/518/585 519/519/585
f 519/519/585 518/518/585 520/520/585
f 519/519/585 520/520/585 521/521/585
f 521/521/585 520/520/585 522/522/585
f 521/521/585 522/522/585 523/523/585
f 523/523/585 522/522/585 524/524/585
# Vertices: 524, normals: 585, texture coordinates: 524, faces: 700

o obj2
v 0.82144653 0.34263235 1.34769701
v 0.86996499 0.18269399 1.34770896
v 0.88566765 0.18552449 0.97129929
v 0.8363504 0.34834441 0.97129479
v -0.65138424 -0.39973665 2.12196235
v -0.55374275 -0.34147343 2.45874244
v -0.61102821 -0.2215577 2.47450324
v -0.72492156 -0.26040788 2.12472731
v -0.47091707 -0.44825431 2.4501762
v -0.41140192 -0.38873909 2.62985681
v -0.44907895 -0.30638083 2.6713735
v -0.49368073 -0.20162173 2.68945502
v -0.64378297 -0.09944887 2.48512246
v -0.76726796 -0.11888984 2.12659189
v 0.88530015 0.02266248 1.34771448
v 0.90123676 0.02266242 0.97130137
v 0.31996956 -0.79878359 1.3476971
v 0.16003132 -0.84730233 1.34770912
v 0.16286196 -0.86300514 0.97129946
v 0.3256819 -0.81368779 0.97129498
v -0.65415958 0.02266267 2.48854712
v -0.78064222 0.0226626 2.12719385
v -0.52024294 -0.09015095 2.70182045
v -0.52739261 0.0226627 2.70812577
v -0.64378306 0.14477419 2.48512242
v -0.76726791 0.16421504 2.12659184
v -2E-08 -0.86263767 1.34771462
v -1E-08 -0.87857434 0.97130151
v 0.31996956 0.84410846 1.34769693
v 0.47740457 0.7599968 1.34768502
v 0.48603425 0.77342553 0.97129016
v 0.3256819 0.85901263 0.97129471
v -0.61102817 0.26688304 2.47450313
v -0.72492161 0.3057331 2.12472719
v -0.52024294 0.13547636 2.70182041
v -0.49368069 0.24694711 2.68945495
v -0.55374266 0.38679875 2.45874229
v -0.65138433 0.44506182 2.12196221
v 0.62065772 0.64332015 1.34767964
v 0.63195927 0.6546216 0.97128804
v 0.62065772 0.64332015 1.34767964
v 0.73733465 0.50006724 1.34768506
v 0.7507632 0.50869676 0.9712902
v 0.63195927 0.6546216 0.97128804
v -0.47091697 0.49357973 2.45017604
v -0.54890104 0.57156364 2.12045983
v -0.4490789 0.35170623 2.6713734
v -0.40617399 0.42883673 2.64563982
v 0.40885764 -0.38619495 2.63753801
v 0.47091707 -0.44825436 2.45017622
v 0.5537427 -0.34147343 2.45874244
v 0.44390275 -0.30464533 2.68188916
v -0.32735472 -0.42137952 2.68160596
v -0.3470453 -0.31107123 2.78760549
v -0.22351872 -0.46651103 2.69771073
v -0.22993286 -0.33512314 2.8477505
v -0.24544983 -0.22278709 2.92610605
v -0.37823236 -0.20497347 2.83114206
v -0.11247139 -0.49303254 2.70979748
v -0.11622409 -0.3577306 2.86902433
v 0 -0.50006332 2.71620889
v 0 -0.36241659 2.87876825
v -0 -0.23662935 2.97798332
v -0.1250156 -0.23349934 2.96550216
v 0.11247139 -0.49303254 2.70979748
v 0.11622407 -0.35773053 2.86902433
v 0.22351872 -0.46651103 2.69771073
v 0.22993283 -0.33512316 2.84775054
v 0.24544983 -0.22278709 2.92610605
v 0.1250156 -0.23349934 2.96550216
v 0.32735476 -0.42137947 2.68160596
v 0.34334229 -0.31107899 2.79220409
v 0.48904009 -0.20083334 2.69795553
v 0.3743381 -0.20489216 2.83651207
v -0.39456096 -0.09241255 2.85965025
v -0.25616209 -0.10235286 2.96550209
v -0.2592921 0.02266275 2.97798323
v -0.39940621 0.02266273 2.86909593
v -0.13080693 -0.10814418 3.00963891
v -0 -0.10978865 3.02358547
v -0 0.02266276 3.03798337
v -0.13245142 0.02266276 3.02358544
v 0.13080692 -0.10814418 3.00963891
v 0.25616209 -0.10235286 2.965502
v 0.2592921 0.02266275 2.97798328
v 0.13245142 0.02266275 3.02358544
v 0.3904497 -0.09239926 2.86527939
v 0.51946165 -0.09009215 2.70319085
v 0.52659088 0.0226627 2.70951446
v 0.39521223 0.02266273 2.87482636
v -0.39456096 0.13773802 2.85965021
v -0.25616209 0.14767834 2.96550205
v -0.24544983 0.26811257 2.92610597
v -0.37217203 0.25047487 2.83857962
v -0.13080693 0.15346969 3.00963891
v -0 0.15511418 3.02358542
v -0 0.28195485 2.97798319
v -0.1250156 0.27882484 2.96550193
v 0.13080693 0.15346967 3.00963891
v 0.25616209 0.14767834 2.96550205
v 0.24544983 0.26811257 2.92610597
v 0.1250156 0.27882484 2.96550193
v 0.39044968 0.13772472 2.86527926
v 0.51946165 0.13541755 2.70319081
v 0.48904005 0.24615875 2.6979555
v 0.36751057 0.25045918 2.84475951
v -0.33431898 0.3569817 2.80210259
v -0.22993151 0.3822853 2.84528317
v -0.22374836 0.51318816 2.69523455
v -0.32807614 0.46885646 2.67723475
v -0.11628984 0.40280735 2.8689483
v 0 0.40749435 2.87869832
v 0 0.54836622 2.71105148
v -0.11268975 0.54125953 2.70470768
v 0.11628984 0.40280735 2.86894835
v 0.22993151 0.3822853 2.84528326
v 0.22374836 0.51318821 2.69523451
v 0.11268975 0.54125948 2.70470777
v 0.33431891 0.3569817 2.80210259
v 0.44390275 0.34997069 2.6818891
v 0.4075346 0.43019734 2.64153213
v 0.32807617 0.46885646 2.67723479
v 0.61102826 -0.2215577 2.47450324
v 0.54890104 -0.52623843 2.12046001
v 0.65138424 -0.39973665 2.12196234
v 0.72492152 -0.26040793 2.12472728
v 0.64378297 -0.09944888 2.48512246
v 0.82144653 -0.29730738 1.34769711
v 0.73733465 -0.45474227 1.34768522
v 0.7507632 -0.46337192 0.97129036
v 0.8363504 -0.30301957 0.9712949
v 0.65415958 0.02266267 2.4885471
v 0.76726782 -0.11888984 2.12659186
v 0.78064217 0.02266261 2.12719383
v 0.64378311 0.14477419 2.48512242
v 0.62065772 -0.59799519 1.34767984
v 0.63195918 -0.60929676 0.97128834
v 0.62065772 -0.59799519 1.34767984
v 0.47740452 -0.71467184 1.34768526
v 0.48603425 -0.72810073 0.97129041
v 0.63195918 -0.60929676 0.97128834
v 0.61102821 0.26688304 2.47450313
v 0.76726782 0.16421504 2.12659183
v 0.72492152 0.3057331 2.12472719
v 0.5537427 0.38679875 2.45874229
v -0.82144663 0.34263235 1.34769701
v -0.73733465 0.50006724 1.34768506
v -0.7507632 0.50869676 0.9712902
v -0.83635049 0.34834441 0.97129479
v 0.47091702 0.49357973 2.45017604
v 0.65138424 0.44506182 2.12196221
v 0.54890104 0.57156364 2.12045983
v 0.24422037 -0.58836555 2.4745033
v 0.36413609 -0.53108009 2.45874247
v -0.62065772 0.64332015 1.34767964
v -0.63195918 0.65462155 0.97128813
v -0.62065772 0.64332015 1.34767964
v -0.47740461 0.75999666 1.34768502
v -0.48603425 0.77342544 0.97129016
v -0.63195918 0.65462155 0.97128813
v 0 -0.63149682 2.4885472
v 0.12211152 -0.62112039 2.48512252
v 0.47091707 -0.44825436 2.45017622
v -0.24422037 -0.58836555 2.47450327
v -0.12211154 -0.62112039 2.48512252
v -0.47091707 -0.44825431 2.4501762
v -0.36413609 -0.53108004 2.45874247
v 0.2830704 -0.70225877 2.12472736
v 0.42239917 -0.62872144 2.12196238
v -0 -0.75797956 2.12719396
v 0.14155236 -0.74460503 2.12659196
v 0.54890104 -0.52623843 2.12046001
v -0.2830704 -0.70225877 2.12472736
v -0.14155237 -0.74460503 2.12659196
v -0.54890104 -0.52623843 2.12046001
v -0.42239917 -0.62872154 2.12196238
v 0.28307037 0.74758389 2.12472712
v 0.24422037 0.63369083 2.47450307
v 0.36413609 0.57640541 2.45874229
v 0.42239917 0.67404675 2.12196217
v -0.31996963 0.84410846 1.34769683
v -0.32568197 0.85901244 0.97129471
v -0.88530034 0.02266248 1.34771457
v -0.86996509 0.18269402 1.34770905
v -0.88566765 0.18552449 0.97129929
v -0.90123676 0.02266242 0.97130137
v -0.16003135 0.89262701 1.34770884
v -0.16286199 0.9083297 0.97129917
v -1E-08 0.90796245 1.34771433
v -0 0.92389899 0.97130122
v -0.82144653 -0.29730738 1.34769711
v -0.86996509 -0.13736903 1.3477091
v -0.88566765 -0.14019965 0.97129934
v -0.8363504 -0.30301957 0.9712949
v -0.31996963 -0.79878359 1.34769719
v -0.47740461 -0.71467184 1.34768526
v -0.48603425 -0.72810069 0.97129041
v -0.32568197 -0.81368779 0.97129498
v -0.62065772 -0.59799519 1.34767984
v -0.63195927 -0.60929676 0.97128824
v -0.16003138 -0.84730223 1.34770912
v -0.16286202 -0.86300514 0.97129946
v 0.16003132 0.89262701 1.34770884
v 0.16286196 0.90832989 0.97129917
v -0.62065772 -0.59799519 1.34767984
v -0.73733465 -0.45474227 1.34768522
v -0.7507632 -0.46337192 0.97129036
v -0.63195927 -0.60929676 0.97128824
v -0.16256038 0.90718787 0.22340589
v -0.32514089 0.8579942 0.22340552
v 0.8699649 -0.13736905 1.34770901
v 0.88566765 -0.14019965 0.97129934
v -0 0.80330474 2.12719371
v 0 0.67682225 2.48854704
v 0.12211152 0.66644564 2.48512236
v 0.14155237 0.78993038 2.12659171
v 0.47091702 0.49357973 2.45017604
v 0.54890104 0.57156364 2.12045983
v -0.2830704 0.74758398 2.12472712
v -0.24422037 0.63369083 2.47450307
v -0.12211151 0.66644573 2.48512233
v -0.14155236 0.78993043 2.12659174
v -0.54890104 0.57156364 2.12045983
v -0.47091697 0.49357973 2.45017604
v -0.36413602 0.57640537 2.45874229
v -0.42239917 0.67404675 2.12196219
v 0.78887893 -0.28472538 1.74489934
v 0.83545977 -0.131084 1.74509993
v -0.78887902 -0.28472538 1.74489934
v -0.70814937 -0.43593321 1.74460889
v 0.85018845 0.02266255 1.74516658
v 0.30738758 0.81154082 1.74489916
v 0.1537463 0.85812185 1.74509976
v -0.59614913 -0.57348644 1.7444524
v -0.54890104 -0.52623843 2.12046001
v -0.30738765 -0.76621582 1.74489942
v -0.15374635 -0.81279685 1.74510004
v -2E-08 0.87285091 1.74516644
v -0.59614913 -0.57348644 1.7444524
v -0.45859558 -0.68548636 1.74460893
v -1E-08 -0.82752609 1.74516672
v -0.85018883 0.02266255 1.74516668
v -0.83545996 -0.131084 1.74509997
v -0.15374636 0.85812185 1.74509976
v -0.78887912 0.33005048 1.74489924
v -0.83545996 0.1764091 1.74509992
v -0.30738765 0.81154092 1.74489912
v -0.45859562 0.7308115 1.7446087
v -0.59614913 0.61881163 1.74445221
v -0.70814942 0.48125831 1.74460874
v -0.59614913 0.61881163 1.74445221
v 0.30738758 -0.76621582 1.74489933
v 0.45859562 -0.68548627 1.74460893
v 0.59614913 -0.57348644 1.7444524
v 0.70814942 -0.43593326 1.74460889
v 0.59614913 -0.57348644 1.7444524
v 0.78887902 0.33005048 1.74489915
v 0.70814937 0.48125831 1.74460874
v 0.59614913 0.61881153 1.74445221
v 0.45859558 0.73081146 1.7446087
v 0.59614913 0.61881153 1.74445221
v 0.15374632 -0.81279685 1.74510004
v 0.83545977 0.1764091 1.74509988
v -0.68462468 0.1472222 0.07831564
v -0.70228251 0.02266227 0.0783544
v -0.78242887 0.02266228 0.08357856
v -0.768993 0.16307387 0.08357873
v -0.65166927 0.27449621 0.07835436
v -0.72621526 0.30391355 0.08357852
v 0.57995943 0.39654759 0.0783156
v 0.49133911 0.51400138 0.07835432
v 0.54801139 0.57067376 0.08357847
v 0.65166531 0.44336988 0.08357868
v 0.65166927 0.27449621 0.07835436
v 0.72621526 0.3039135 0.08357852
v 0.68462458 0.1472222 0.07831564
v 0.76899291 0.16307387 0.08357873
v 0.70228251 0.02266227 0.0783544
v 0.78242877 0.02266227 0.08357856
v -0.57995953 -0.35122306 0.07831572
v -0.49133915 -0.46867683 0.07835448
v -0.54801139 -0.52534921 0.08357865
v -0.65166536 -0.39804533 0.08357882
v -0.65166932 -0.22917166 0.07835444
v -0.7262154 -0.25858899 0.08357861
v 0.12455994 0.70728686 0.07831555
v 1E-08 0.72494464 0.07835429
v 0 0.80509096 0.08357844
v 0.14041159 0.79165514 0.08357863
v 0.25183393 0.67433155 0.0783543
v 0.28125129 0.74887749 0.08357845
v 0.1245599 -0.6619624 0.07831577
v 0.25183388 -0.62900713 0.07835451
v 0.28125127 -0.70355308 0.08357868
v 0.14041158 -0.74633073 0.08357888
v -1E-08 -0.67962028 0.07835452
v -1E-08 -0.75976668 0.08357869
v -0.68462458 -0.10189765 0.07831568
v -0.768993 -0.11774932 0.08357877
v 0.37388527 -0.55729725 0.07831575
v 0.49133911 -0.46867683 0.07835448
v 0.54801148 -0.52534911 0.08357865
v 0.4207076 -0.62900308 0.08357886
v 0.57995943 -0.35122304 0.07831572
v 0.65166927 -0.22917166 0.07835444
v 0.72621526 -0.25858902 0.08357861
v 0.65166536 -0.39804533 0.08357882
v 0.49133911 -0.46867683 0.07835448
v 0.54801148 -0.52534911 0.08357865
v -0.12455992 -0.66196249 0.07831577
v -0.14041162 -0.74633073 0.08357888
v -0.25183393 -0.62900704 0.07835451
v -0.28125129 -0.70355308 0.08357868
v -0.37388534 -0.55729725 0.07831575
v -0.4207076 -0.62900308 0.08357886
v -0.49133915 -0.46867683 0.07835448
v -0.54801139 -0.52534921 0.08357865
v -0.12455992 0.70728686 0.07831555
v -0.25183395 0.67433155 0.0783543
v -0.28125129 0.74887749 0.08357845
v -0.14041162 0.79165514 0.08357863
v 0.68462458 -0.10189765 0.07831568
v 0.76899291 -0.11774932 0.08357877
v -0.57995953 0.39654754 0.0783156
v -0.65166536 0.44336988 0.08357868
v -0.49133915 0.51400138 0.07835432
v -0.54801148 0.57067367 0.08357847
v 0.37388531 0.60262166 0.07831557
v 0.4207076 0.67432763 0.08357864
v 0.49133911 0.51400138 0.07835432
v 0.54801139 0.57067376 0.08357847
v -0.54801148 0.57067367 0.08357847
v -0.60195727 0.62461955 0.11233044
v -0.46263537 0.73802675 0.11233024
v -0.4207076 0.67432759 0.08357846
v -0.48535443 0.77253832 0.22340554
v 0.16256038 0.90718787 0.22340589
v -0 0.92270063 0.22340551
v 0.48535443 0.77253837 0.22340554
v 0.32514085 0.85799429 0.22340552
v -0.48535448 -0.72721377 0.22340578
v -0.32514089 -0.8126697 0.2234058
v 0.6311853 0.65384755 0.22340518
v -0.1625604 -0.86186346 0.22340618
v -1E-08 -0.87737631 0.22340581
v -0.6311853 -0.60852295 0.22340539
v 0.16256035 -0.86186346 0.22340618
v 0.32514082 -0.8126697 0.2234058
v 0.48535438 -0.72721377 0.22340597
v 0.6311853 -0.60852295 0.22340539
v 0.74987607 0.50801673 0.22340558
v 0.6311853 0.65384755 0.22340518
v 0.88452576 0.18522265 0.22340601
v 0.835332 0.34780315 0.22340561
v 0.88452566 -0.13989808 0.22340606
v 0.90003842 0.0226623 0.22340566
v 0.74987607 -0.46269213 0.22340574
v 0.835332 -0.30247859 0.22340571
v -0.74987612 0.50801673 0.22340577
v -0.835332 0.34780319 0.22340561
v 0.6311853 -0.60852295 0.22340539
v -0.88452576 0.18522268 0.22340601
v -0.90003842 0.0226623 0.22340566
v -0.63118525 0.65384755 0.22340518
v -0.88452566 -0.13989805 0.22340606
v -0.835332 -0.30247855 0.22340571
v -0.74987607 -0.46269208 0.22340592
v -0.6311853 -0.60852295 0.22340539
v -0.62485207 0.64751436 0.15444932
v -0.48042987 0.76506091 0.15444911
v -0.30971505 0.81964958 0.11233041
v -0.15477523 0.8665874 0.11233022
v -0.32179549 0.84968558 0.15444928
v -0.63118525 0.65384755 0.22340518
v -0.16087141 0.8983891 0.15444909
v -0 0.88136936 0.1123304
v 0.15477519 0.8665874 0.11233022
v -0 0.91374279 0.15444927
v 0.1608714 0.8983891 0.15444909
v 0.30971502 0.81964949 0.11233041
v 0.46263537 0.73802675 0.11233024
v 0.32179549 0.84968558 0.15444928
v 0.48042992 0.765061 0.15444911
v 0.60195727 0.62461955 0.11233044
v -0.30971502 -0.77432511 0.11233067
v -0.46263537 -0.69270219 0.11233047
v 0.62485207 0.6475144 0.15444932
v -0.32179549 -0.80436101 0.15444955
v -0.48042992 -0.71973633 0.15444935
v -0.60195727 -0.57929499 0.11233064
v -0.15477521 -0.82126303 0.11233031
v -0.16087143 -0.85306461 0.15444937
v -0.62485207 -0.60218978 0.15444952
v -1E-08 -0.8684183 0.15444938
v -1E-08 -0.83604507 0.11233049
v 0.15477516 -0.82126303 0.11233031
v 0.16087138 -0.85306461 0.15444937
v 0.32179542 -0.80436101 0.15444937
v 0.30971498 -0.77432511 0.11233048
v 0.46263537 -0.69270223 0.11233029
v 0.48042987 -0.71973633 0.15444935
v 0.62485207 -0.60218978 0.15444933
v 0.60195727 -0.5792949 0.11233045
v 0.60195727 0.62461955 0.11233044
v 0.71536452 0.48529765 0.11233028
v 0.62485207 0.6475144 0.15444932
v 0.74239871 0.50309221 0.15444915
v 0.7969873 0.33237731 0.11233049
v 0.84392522 0.17743748 0.11233033
v 0.82702339 0.34445775 0.15444937
v 0.8757269 0.18353369 0.15444921
v 0.85870726 0.02266228 0.11233054
v 0.84392522 -0.13211291 0.11233038
v 0.8910805 0.02266229 0.15444942
v 0.8757269 -0.13820911 0.15444926
v 0.7969873 -0.28705274 0.11233059
v 0.71536447 -0.43997309 0.11233043
v 0.82702329 -0.2991332 0.15444947
v 0.74239871 -0.45776763 0.15444931
v 0.60195727 -0.5792949 0.11233045
v -0.60195727 0.62461955 0.11233044
v -0.71536452 0.48529765 0.11233009
v -0.74239871 0.50309216 0.15444915
v -0.62485207 0.64751436 0.15444932
v 0.62485207 -0.60218978 0.15444933
v -0.82702329 0.34445775 0.15444918
v -0.7969874 0.33237726 0.1123303
v -0.84392522 0.17743748 0.11233014
v -0.8757269 0.18353369 0.15444921
v -0.89108059 0.02266229 0.15444923
v -0.85870717 0.02266228 0.11233035
v -0.84392522 -0.13211289 0.11233019
v -0.8757269 -0.13820909 0.15444926
v -0.82702329 -0.29913313 0.15444928
v -0.7969874 -0.2870527 0.11233041
v -0.71536452 -0.43997309 0.11233024
v -0.74239862 -0.45776759 0.15444931
v -0.62485207 -0.60218978 0.15444952
v -0.60195727 -0.57929499 0.11233064
v -0.37388541 0.60262166 0.07831557
v -0.49133915 0.51400138 0.07835432
v -0.12455992 -0.66196249 0.07831577
v 0.1245599 -0.6619624 0.07831577
v -1E-08 -0.67962028 0.07835452
v -0.25183393 -0.62900704 0.07835451
v 0.25183388 -0.62900713 0.07835451
v 0.37388527 -0.55729725 0.07831575
v -0.37388534 -0.55729725 0.07831575
v -0.49133915 -0.46867683 0.07835448
v 0.49133911 -0.46867683 0.07835448
v -0.57995953 -0.35122306 0.07831572
v 0.57995943 -0.35122304 0.07831572
v -0.65166932 -0.22917166 0.07835444
v 0.65166927 -0.22917166 0.07835444
v -0.68462458 -0.10189765 0.07831568
v 0.68462458 -0.10189765 0.07831568
v -0.70228251 0.02266227 0.0783544
v 0.70228251 0.02266227 0.0783544
v 0.68462458 0.1472222 0.07831564
v -0.68462468 0.1472222 0.07831564
v -0.65166927 0.27449621 0.07835436
v 0.65166927 0.27449621 0.07835436
v -0.57995953 0.39654754 0.0783156
v 0.57995943 0.39654759 0.0783156
v -0.49133915 0.51400138 0.07835432
v 0.49133911 0.51400138 0.07835432
v -0.37388541 0.60262166 0.07831557
v 0.37388531 0.60262166 0.07831557
v -0.25183395 0.67433155 0.0783543
v 0.25183393 0.67433155 0.0783543
v -0.12455992 0.70728686 0.07831555
v 0.12455994 0.70728686 0.07831555
v 1E-08 0.72494464 0.07835429
vn 0.92203 -0.06486 0.38165
vn 0.97898 -0.06506 0.19329
vn 0.9809 -0.02038 0.19345
vn 0.92388 -0.02039 0.38214
vn -0.80745 -0.24715 -0.53567
vn -0.77173 -0.38171 -0.50866
vn -0.84701 -0.39955 -0.35061
vn -0.89502 -0.25059 -0.36897
vn -0.65621 -0.37233 -0.65632
vn -0.62629 -0.46601 -0.62497
vn -0.70245 -0.50991 -0.49655
vn -0.77494 -0.53427 -0.33768
vn -0.89392 -0.41177 -0.17706
vn -0.94918 -0.25344 -0.18659
vn 0.99788 -0.0651 -0
vn 0.99979 -0.02036 -0
vn 0.38165 -0.06487 -0.92203
vn 0.19329 -0.06506 -0.97898
vn 0.19345 -0.02038 -0.9809
vn 0.38214 -0.02039 -0.92388
vn -0.90942 -0.41588 -0
vn -0.96709 -0.25442 0
vn -0.81498 -0.55399 -0.16999
vn -0.82671 -0.56262 -0
vn -0.89392 -0.41177 0.17706
vn -0.94918 -0.25344 0.18659
vn -0 -0.0651 -0.99788
vn -0 -0.02036 -0.99979
vn 0.38165 -0.06487 0.92203
vn 0.55269 -0.06467 0.83088
vn 0.55358 -0.0204 0.83255
vn 0.38214 -0.02039 0.92388
vn -0.84701 -0.39955 0.35061
vn -0.89502 -0.25059 0.36897
vn -0.81496 -0.55401 0.17004
vn -0.77475 -0.53427 0.33811
vn -0.77186 -0.38163 0.50851
vn -0.80745 -0.24715 0.53567
vn 0.70563 -0.06463 0.70563
vn 0.70696 -0.02042 0.70696
vn 0.83088 -0.06467 0.55269
vn 0.83255 -0.0204 0.55358
vn -0.65627 -0.37218 0.65635
vn -0.68545 -0.24559 0.68545
vn -0.70361 -0.50891 0.49592
vn -0.62285 -0.47484 0.62175
vn 0.62492 -0.46785 -0.62497
vn 0.65627 -0.37232 -0.65627
vn 0.77188 -0.38173 -0.50841
vn 0.69881 -0.51422 -0.49724
vn -0.4971 -0.5203 -0.69439
vn -0.56235 -0.61775 -0.54968
vn -0.33707 -0.54604 -0.76696
vn -0.36868 -0.68301 -0.63054
vn -0.43227 -0.79254 -0.43014
vn -0.64962 -0.66716 -0.36453
vn -0.16976 -0.56627 -0.80655
vn -0.17701 -0.70871 -0.68294
vn 0 -0.57549 -0.81781
vn 0 -0.72101 -0.69292
vn 0 -0.87626 -0.48183
vn -0.20178 -0.85803 -0.47231
vn 0.16976 -0.56627 -0.80655
vn 0.17701 -0.70871 -0.68294
vn 0.33596 -0.54575 -0.76765
vn 0.36493 -0.68345 -0.63224
vn 0.42751 -0.79462 -0.43108
vn 0.20178 -0.85803 -0.47231
vn 0.49399 -0.51943 -0.69725
vn 0.55489 -0.62183 -0.55266
vn 0.77329 -0.53775 -0.33592
vn 0.64408 -0.67276 -0.36408
vn -0.69049 -0.70074 -0.17942
vn -0.47078 -0.85837 -0.20388
vn -0.47874 -0.87796 -0
vn -0.7013 -0.71287 -0
vn -0.21957 -0.95057 -0.21957
vn -0 -0.97476 -0.22326
vn 0 -1 0
vn -0.22326 -0.97476 0
vn 0.21957 -0.95057 -0.21957
vn 0.46593 -0.86092 -0.20427
vn 0.47382 -0.88062 -0
vn 0.22326 -0.97476 -0
vn 0.6861 -0.70525 -0.1786
vn 0.81572 -0.55325 -0.16885
vn 0.82677 -0.56254 0
vn 0.69717 -0.71691 0
vn -0.69161 -0.70021 0.17714
vn -0.46954 -0.85953 0.20183
vn -0.42638 -0.79652 0.42867
vn -0.64455 -0.67345 0.36196
vn -0.21957 -0.95057 0.21957
vn 0 -0.97476 0.22326
vn -0 -0.87596 0.48239
vn -0.20234 -0.85738 0.47325
vn 0.21957 -0.95057 0.21957
vn 0.46443 -0.86229 0.20192
vn 0.42173 -0.79789 0.43072
vn 0.20234 -0.85738 0.47325
vn 0.68735 -0.70469 0.17597
vn 0.81568 -0.55329 0.16894
vn 0.7731 -0.53772 0.33641
vn 0.63695 -0.67995 0.36327
vn -0.54695 -0.62733 0.55435
vn -0.35892 -0.68205 0.63717
vn -0.33313 -0.54509 0.76935
vn -0.49371 -0.51579 0.70015
vn -0.17707 -0.70734 0.68433
vn -0 -0.71926 0.69474
vn 0 -0.57389 0.81894
vn -0.16933 -0.56446 0.80791
vn 0.17707 -0.70734 0.68433
vn 0.35684 -0.68169 0.63872
vn 0.33313 -0.54509 0.76935
vn 0.16933 -0.56446 0.80791
vn 0.5441 -0.62691 0.55762
vn 0.69852 -0.51376 0.49812
vn 0.62365 -0.47032 0.62439
vn 0.49242 -0.51573 0.7011
vn 0.84707 -0.39955 -0.35047
vn 0.68545 -0.24559 -0.68545
vn 0.80745 -0.24715 -0.53567
vn 0.89502 -0.25059 -0.36897
vn 0.89393 -0.41176 -0.17702
vn 0.92203 -0.06486 -0.38165
vn 0.83088 -0.06467 -0.55269
vn 0.83255 -0.0204 -0.55358
vn 0.92388 -0.02039 -0.38214
vn 0.90942 -0.41588 -0
vn 0.94918 -0.25344 -0.18659
vn 0.96709 -0.25442 -0
vn 0.89393 -0.41176 0.17702
vn 0.70563 -0.06463 -0.70563
vn 0.70696 -0.02042 -0.70696
vn 0.55269 -0.06467 -0.83088
vn 0.55358 -0.0204 -0.83255
vn 0.84707 -0.39955 0.35047
vn 0.94918 -0.25344 0.18659
vn 0.89502 -0.25059 0.36897
vn 0.77192 -0.38171 0.50837
vn -0.92203 -0.06486 0.38165
vn -0.83088 -0.06467 0.55269
vn -0.83255 -0.0204 0.55358
vn -0.92388 -0.02039 0.38214
vn 0.65631 -0.37227 0.65626
vn 0.80745 -0.24715 0.53567
vn 0.68545 -0.24559 0.68545
vn 0.35045 -0.39956 -0.84707
vn 0.50841 -0.38173 -0.77188
vn -0.70563 -0.06463 0.70563
vn -0.70696 -0.02042 0.70696
vn -0.55269 -0.06467 0.83088
vn -0.55358 -0.0204 0.83255
vn 0 -0.41588 -0.90942
vn 0.17697 -0.41178 -0.89394
vn -0.35045 -0.39956 -0.84707
vn -0.17697 -0.41178 -0.89394
vn -0.50849 -0.38177 -0.77181
vn 0.36897 -0.25059 -0.89502
vn 0.53567 -0.24715 -0.80745
vn -0 -0.25442 -0.96709
vn 0.18659 -0.25344 -0.94918
vn -0.36897 -0.25059 -0.89502
vn -0.18659 -0.25344 -0.94918
vn -0.68545 -0.24559 -0.68545
vn -0.53567 -0.24715 -0.80745
vn 0.36897 -0.25059 0.89502
vn 0.35052 -0.39955 0.84705
vn 0.50844 -0.38169 0.77188
vn 0.53567 -0.24715 0.80745
vn -0.38165 -0.06487 0.92203
vn -0.38214 -0.02039 0.92388
vn -0.99788 -0.0651 -0
vn -0.97898 -0.06506 0.19329
vn -0.9809 -0.02038 0.19345
vn -0.99979 -0.02036 -0
vn -0.19329 -0.06506 0.97898
vn -0.19345 -0.02038 0.9809
vn -0 -0.0651 0.99788
vn -0 -0.02036 0.99979
vn -0.92203 -0.06486 -0.38165
vn -0.97898 -0.06506 -0.19329
vn -0.9809 -0.02038 -0.19345
vn -0.92388 -0.02039 -0.38214
vn -0.38165 -0.06487 -0.92203
vn -0.55269 -0.06467 -0.83088
vn -0.55358 -0.0204 -0.83255
vn -0.38214 -0.02039 -0.92388
vn -0.70563 -0.06463 -0.70563
vn -0.70696 -0.02042 -0.70696
vn -0.19329 -0.06506 -0.97898
vn -0.19345 -0.02038 -0.9809
vn 0.19329 -0.06506 0.97898
vn 0.19345 -0.02038 0.9809
vn -0.83088 -0.06467 -0.55269
vn -0.83255 -0.0204 -0.55358
vn -0.19289 0.06509 0.97906
vn -0.38119 0.06504 0.92221
vn 0.97898 -0.06506 -0.19329
vn 0.9809 -0.02038 -0.19345
vn 0 -0.25442 0.96709
vn 0 -0.41588 0.90942
vn 0.17702 -0.41177 0.89393
vn 0.18659 -0.25344 0.94918
vn -0.36897 -0.25059 0.89502
vn -0.35052 -0.39955 0.84705
vn -0.17702 -0.41177 0.89393
vn -0.18659 -0.25344 0.94918
vn -0.50841 -0.38167 0.77192
vn -0.53567 -0.24715 0.80745
vn 0.91601 -0.13213 -0.37878
vn 0.97238 -0.13299 -0.1918
vn -0.91601 -0.13213 -0.37878
vn -0.82559 -0.13119 -0.54881
vn 0.99108 -0.13328 -0
vn 0.37878 -0.13212 0.91601
vn 0.1918 -0.13299 0.97238
vn -0.70103 -0.13084 -0.70103
vn -0.37878 -0.13212 -0.91601
vn -0.1918 -0.13299 -0.97238
vn -0 -0.13328 0.99108
vn -0.54881 -0.13118 -0.82559
vn -0 -0.13328 -0.99108
vn -0.99108 -0.13328 0
vn -0.97238 -0.13299 -0.1918
vn -0.1918 -0.13299 0.97238
vn -0.91601 -0.13213 0.37878
vn -0.97238 -0.13299 0.1918
vn -0.37878 -0.13212 0.91601
vn -0.54881 -0.13118 0.82559
vn -0.70103 -0.13084 0.70103
vn -0.82559 -0.13119 0.54881
vn 0.37878 -0.13212 -0.91601
vn 0.54881 -0.13118 -0.82559
vn 0.70103 -0.13084 -0.70103
vn 0.82559 -0.13119 -0.54881
vn 0.91601 -0.13213 0.37878
vn 0.82559 -0.13119 0.54881
vn 0.70103 -0.13084 0.70103
vn 0.54881 -0.13118 0.82559
vn 0.1918 -0.13299 -0.97238
vn 0.97238 -0.13299 0.1918
vn -0.03208 0.99946 0.00639
vn -0.0343 0.99941 -0
vn -0.21868 0.9758 0
vn -0.21494 0.9757 0.04251
vn -0.03167 0.99941 0.01316
vn -0.20229 0.97573 0.08384
vn 0.02729 0.99946 0.01821
vn 0.02427 0.99941 0.02427
vn 0.1551 0.97565 0.1551
vn 0.18234 0.97572 0.12136
vn 0.03167 0.99941 0.01316
vn 0.20229 0.97573 0.08385
vn 0.03208 0.99946 0.00639
vn 0.21494 0.9757 0.04251
vn 0.0343 0.99941 -0
vn 0.21868 0.9758 0
vn -0.02729 0.99946 -0.01821
vn -0.02427 0.99941 -0.02427
vn -0.1551 0.97565 -0.1551
vn -0.18234 0.97572 -0.12136
vn -0.03167 0.99941 -0.01316
vn -0.20229 0.97573 -0.08384
vn 0.00639 0.99946 0.03208
vn 0 0.99941 0.0343
vn 0 0.9758 0.21868
vn 0.04251 0.9757 0.21494
vn 0.01316 0.99941 0.03167
vn 0.08385 0.97573 0.20229
vn 0.00639 0.99946 -0.03208
vn 0.01316 0.99941 -0.03167
vn 0.08384 0.97573 -0.20229
vn 0.04251 0.9757 -0.21494
vn 0 0.99941 -0.0343
vn 0 0.9758 -0.21867
vn -0.03208 0.99946 -0.00639
vn -0.21494 0.9757 -0.04251
vn 0.01821 0.99946 -0.0273
vn 0.02427 0.99941 -0.02427
vn 0.1551 0.97565 -0.1551
vn 0.12136 0.97572 -0.18234
vn 0.02729 0.99946 -0.01821
vn 0.03167 0.99941 -0.01316
vn 0.20229 0.97573 -0.08384
vn 0.18234 0.97572 -0.12136
vn -0.00639 0.99946 -0.03208
vn -0.04251 0.9757 -0.21494
vn -0.01316 0.99941 -0.03167
vn -0.08385 0.97573 -0.20229
vn -0.01821 0.99946 -0.0273
vn -0.12136 0.97572 -0.18234
vn -0.00639 0.99946 0.03208
vn -0.01316 0.99941 0.03167
vn -0.08384 0.97573 0.20229
vn -0.04251 0.9757 0.21494
vn 0.03208 0.99946 -0.00639
vn 0.21494 0.9757 -0.04251
vn -0.02729 0.99946 0.01821
vn -0.18234 0.97572 0.12136
vn -0.02427 0.99941 0.02427
vn -0.1551 0.97565 0.1551
vn 0.01821 0.99946 0.0273
vn 0.12136 0.97572 0.18234
vn -0.42909 0.79484 0.42909
vn -0.33575 0.79518 0.50494
vn -0.12136 0.97572 0.18234
vn -0.55238 0.06499 0.83106
vn 0.19289 0.06509 0.97906
vn -0 0.06509 0.99788
vn 0.55238 0.06499 0.83106
vn 0.38119 0.06504 0.92221
vn -0.55238 0.06499 -0.83106
vn -0.38119 0.06504 -0.92221
vn 0.70561 0.065 0.70561
vn -0.19289 0.06509 -0.97906
vn -0 0.0651 -0.99788
vn -0.70561 0.065 -0.70561
vn 0.19289 0.06509 -0.97906
vn 0.38119 0.06504 -0.92221
vn 0.55238 0.06499 -0.83106
vn 0.70561 0.065 -0.70561
vn 0.83106 0.06499 0.55238
vn 0.97906 0.06509 0.19289
vn 0.92221 0.06504 0.38119
vn 0.97906 0.06509 -0.19289
vn 0.99788 0.06509 -0
vn 0.83106 0.06499 -0.55238
vn 0.92221 0.06504 -0.38119
vn -0.83106 0.06499 0.55238
vn -0.92221 0.06504 0.38119
vn -0.97906 0.06509 0.19289
vn -0.99788 0.06509 -0
vn -0.70561 0.065 0.70561
vn -0.97906 0.06509 -0.19289
vn -0.92221 0.06504 -0.38119
vn -0.83106 0.06499 -0.55238
vn -0.6551 0.37641 0.6551
vn -0.51276 0.37658 0.77153
vn -0.23184 0.79517 0.56032
vn -0.11734 0.79518 0.59491
vn -0.35381 0.37664 0.85613
vn -0.17902 0.37671 0.90887
vn -0 0.79545 0.60602
vn 0.11734 0.79518 0.59491
vn -0 0.37686 0.92627
vn 0.17902 0.37671 0.90887
vn 0.23184 0.79517 0.56032
vn 0.33575 0.79518 0.50494
vn 0.35381 0.37664 0.85613
vn 0.51276 0.37658 0.77153
vn 0.42909 0.79484 0.42909
vn -0.23184 0.79516 -0.56032
vn -0.33575 0.79518 -0.50494
vn 0.6551 0.37641 0.6551
vn -0.35381 0.37663 -0.85613
vn -0.51276 0.37658 -0.77153
vn -0.42909 0.79484 -0.42909
vn -0.11734 0.79518 -0.59491
vn -0.17902 0.37671 -0.90887
vn -0.6551 0.37641 -0.6551
vn -0 0.37686 -0.92627
vn 0 0.79545 -0.60602
vn 0.11734 0.79518 -0.59491
vn 0.17902 0.37671 -0.90887
vn 0.35381 0.37663 -0.85613
vn 0.23184 0.79517 -0.56032
vn 0.33575 0.79518 -0.50494
vn 0.51276 0.37658 -0.77153
vn 0.6551 0.37641 -0.6551
vn 0.42909 0.79484 -0.42909
vn 0.50494 0.79518 0.33575
vn 0.77153 0.37658 0.51276
vn 0.56032 0.79517 0.23184
vn 0.59491 0.79518 0.11734
vn 0.85613 0.37664 0.35381
vn 0.90887 0.37671 0.17902
vn 0.60602 0.79545 0
vn 0.59491 0.79518 -0.11734
vn 0.92627 0.37686 0
vn 0.90887 0.37671 -0.17902
vn 0.56032 0.79516 -0.23184
vn 0.50494 0.79518 -0.33575
vn 0.85613 0.37664 -0.35381
vn 0.77153 0.37658 -0.51276
vn -0.50494 0.79518 0.33575
vn -0.77153 0.37658 0.51276
vn -0.85613 0.37664 0.35381
vn -0.56032 0.79517 0.23184
vn -0.59491 0.79518 0.11734
vn -0.90887 0.37671 0.17902
vn -0.92627 0.37686 -0
vn -0.60602 0.79545 -0
vn -0.59491 0.79518 -0.11734
vn -0.90887 0.37671 -0.17902
vn -0.85613 0.37664 -0.35381
vn -0.56032 0.79517 -0.23184
vn -0.50494 0.79518 -0.33575
vn -0.77153 0.37658 -0.51276
vn -0.01821 0.99946 0.02729
vt 0.31272 0.76045
vt 0.2916 0.73999
vt 0.24456 0.787
vt 0.26552 0.80832
vt 0.56255 0.32799
vt 0.529 0.38012
vt 0.54702 0.39351
vt 0.58401 0.34442
vt 0.50754 0.36849
vt 0.49559 0.40489
vt 0.50958 0.41533
vt 0.52487 0.42494
vt 0.56235 0.40663
vt 0.60272 0.36042
vt 0.27174 0.72013
vt 0.22454 0.76665
vt 0.23772 0.31758
vt 0.25822 0.29682
vt 0.21201 0.2497
vt 0.19066 0.2703
vt 0.57613 0.41978
vt 0.61962 0.37657
vt 0.53806 0.43515
vt 0.54949 0.44625
vt 0.5892 0.43362
vt 0.63566 0.39358
vt 0.27811 0.2773
vt 0.23239 0.23003
vt 0.67329 0.76028
vt 0.65013 0.78171
vt 0.697 0.83077
vt 0.7197 0.80805
vt 0.60225 0.44903
vt 0.65153 0.4124
vt 0.56051 0.45776
vt 0.57089 0.47098
vt 0.61551 0.46713
vt 0.6678 0.43397
vt 0.62548 0.80387
vt 0.67299 0.85471
vt 0.36064 0.8048
vt 0.33593 0.78226
vt 0.28826 0.83142
vt 0.31232 0.85576
vt 0.62691 0.4886
vt 0.6839 0.45822
vt 0.58047 0.48628
vt 0.5874 0.50084
vt 0.39998 0.49945
vt 0.36143 0.51138
vt 0.37291 0.53322
vt 0.41058 0.51331
vt 0.482 0.41676
vt 0.49658 0.43508
vt 0.46658 0.42551
vt 0.48358 0.44737
vt 0.49511 0.45977
vt 0.50912 0.44507
vt 0.4533 0.43554
vt 0.47171 0.4564
vt 0.44176 0.44635
vt 0.46134 0.46642
vt 0.47451 0.47987
vt 0.48452 0.46994
vt 0.43062 0.45759
vt 0.45107 0.47658
vt 0.42017 0.47063
vt 0.44174 0.48828
vt 0.45403 0.50013
vt 0.46438 0.48971
vt 0.41086 0.48591
vt 0.42979 0.50078
vt 0.41957 0.52889
vt 0.43965 0.51356
vt 0.52001 0.45534
vt 0.50548 0.4702
vt 0.51532 0.48021
vt 0.53017 0.46547
vt 0.49492 0.48041
vt 0.48477 0.49033
vt 0.49477 0.50049
vt 0.50492 0.49049
vt 0.47467 0.50033
vt 0.46418 0.51076
vt 0.47415 0.5208
vt 0.48461 0.5105
vt 0.44977 0.52463
vt 0.4287 0.54297
vt 0.43975 0.55464
vt 0.45979 0.53493
vt 0.54023 0.47571
vt 0.52529 0.49017
vt 0.53548 0.50071
vt 0.54942 0.48744
vt 0.51487 0.50062
vt 0.50479 0.51064
vt 0.51511 0.52106
vt 0.52519 0.51118
vt 0.49464 0.52061
vt 0.48404 0.53093
vt 0.49452 0.54127
vt 0.50511 0.53105
vt 0.46992 0.54512
vt 0.45124 0.56589
vt 0.46515 0.57528
vt 0.48163 0.5543
vt 0.55806 0.50079
vt 0.54816 0.51269
vt 0.56989 0.53019
vt 0.57941 0.51503
vt 0.53859 0.52421
vt 0.52837 0.53445
vt 0.54878 0.55501
vt 0.55986 0.54359
vt 0.51804 0.54459
vt 0.50642 0.55409
vt 0.52378 0.57598
vt 0.53729 0.56602
vt 0.49442 0.56393
vt 0.48053 0.58454
vt 0.49435 0.59443
vt 0.50847 0.58543
vt 0.38623 0.55163
vt 0.30355 0.54198
vt 0.31977 0.5666
vt 0.33618 0.58852
vt 0.39948 0.56733
vt 0.23202 0.67857
vt 0.21055 0.65504
vt 0.1607 0.70199
vt 0.18347 0.72507
vt 0.41259 0.58137
vt 0.35218 0.60766
vt 0.36834 0.62494
vt 0.42641 0.59469
vt 0.18837 0.63001
vt 0.13671 0.67758
vt 0.19326 0.36471
vt 0.21586 0.34041
vt 0.16753 0.29265
vt 0.14315 0.31629
vt 0.4419 0.60818
vt 0.38538 0.64136
vt 0.40427 0.65764
vt 0.46007 0.62176
vt 0.75402 0.32311
vt 0.7753 0.34627
vt 0.82436 0.29973
vt 0.8018 0.27703
vt 0.48172 0.63354
vt 0.42594 0.67436
vt 0.45031 0.69093
vt 0.38774 0.44723
vt 0.37403 0.46518
vt 0.7973 0.37091
vt 0.84813 0.32375
vt 0.79742 0.63195
vt 0.77527 0.65659
vt 0.82432 0.70346
vt 0.84825 0.67945
vt 0.41456 0.41832
vt 0.40116 0.43198
vt 0.36206 0.48656
vt 0.44429 0.39245
vt 0.42864 0.40536
vt 0.4844 0.36814
vt 0.46264 0.37936
vt 0.3389 0.4094
vt 0.3221 0.43075
vt 0.37169 0.37403
vt 0.35523 0.3908
vt 0.3054 0.45479
vt 0.40811 0.34244
vt 0.38899 0.35814
vt 0.45456 0.31048
vt 0.43 0.32636
vt 0.58333 0.65773
vt 0.54641 0.60835
vt 0.52827 0.62172
vt 0.56174 0.67414
vt 0.75383 0.67975
vt 0.80159 0.72616
vt 0.71466 0.28222
vt 0.73405 0.30204
vt 0.78097 0.2561
vt 0.7611 0.23611
vt 0.73371 0.70081
vt 0.78062 0.74708
vt 0.71418 0.72063
vt 0.76061 0.76706
vt 0.67405 0.24255
vt 0.69497 0.26268
vt 0.74126 0.21609
vt 0.72048 0.19511
vt 0.31972 0.23827
vt 0.34326 0.21719
vt 0.29714 0.16729
vt 0.27403 0.18967
vt 0.3683 0.19541
vt 0.32158 0.14372
vt 0.29828 0.25807
vt 0.25273 0.21032
vt 0.69436 0.74016
vt 0.74062 0.78708
vt 0.62657 0.19893
vt 0.65105 0.2211
vt 0.69794 0.17239
vt 0.6741 0.14844
vt 0.86962 0.83838
vt 0.89056 0.81964
vt 0.25217 0.69998
vt 0.20448 0.74634
vt 0.61919 0.6256
vt 0.57573 0.58207
vt 0.56185 0.59521
vt 0.60217 0.64174
vt 0.50673 0.63329
vt 0.53746 0.69039
vt 0.65134 0.58979
vt 0.60206 0.55285
vt 0.58891 0.56824
vt 0.63534 0.6086
vt 0.68398 0.54396
vt 0.62694 0.51329
vt 0.61543 0.53477
vt 0.66774 0.56821
vt 0.28454 0.63126
vt 0.303 0.65205
vt 0.62677 0.29389
vt 0.6041 0.27459
vt 0.32129 0.6713
vt 0.62605 0.70859
vt 0.6465 0.69015
vt 0.57938 0.25471
vt 0.53841 0.31169
vt 0.36617 0.29081
vt 0.34538 0.30894
vt 0.66545 0.67189
vt 0.41457 0.25242
vt 0.38934 0.27188
vt 0.32611 0.32692
vt 0.6659 0.33062
vt 0.64709 0.31234
vt 0.68372 0.65295
vt 0.70234 0.37001
vt 0.68404 0.34956
vt 0.70215 0.6325
vt 0.72143 0.60969
vt 0.74117 0.41768
vt 0.72148 0.39282
vt 0.74128 0.58483
vt 0.28869 0.36576
vt 0.26899 0.38829
vt 0.24538 0.58283
vt 0.26524 0.60809
vt 0.24869 0.41286
vt 0.36078 0.70863
vt 0.38367 0.72826
vt 0.57835 0.74772
vt 0.60323 0.72787
vt 0.40863 0.74848
vt 0.3075 0.34558
vt 0.34027 0.68988
vt 0.90439 0.12865
vt 0.88623 0.11189
vt 0.87543 0.12261
vt 0.89351 0.1402
vt 0.92304 0.14598
vt 0.91333 0.15752
vt 0.14722 0.95211
vt 0.16248 0.9761
vt 0.17656 0.96954
vt 0.16052 0.94303
vt 0.13147 0.92965
vt 0.14327 0.91995
vt 0.11412 0.91058
vt 0.12594 0.89969
vt 0.09735 0.892
vt 0.10833 0.88119
vt 0.83678 0.05272
vt 0.82163 0.02908
vt 0.80775 0.03561
vt 0.82368 0.06173
vt 0.85241 0.07484
vt 0.8408 0.08446
vt 0.86897 0.91045
vt 0.88572 0.89217
vt 0.87492 0.88137
vt 0.85734 0.89958
vt 0.85164 0.92923
vt 0.84003 0.91953
vt 0.09062 0.11913
vt 0.07153 0.13616
vt 0.08105 0.14796
vt 0.10132 0.13096
vt 0.10921 0.10266
vt 0.11984 0.11365
vt 0.86961 0.09361
vt 0.85798 0.1044
vt 0.0491 0.15158
vt 0.02516 0.16649
vt 0.03153 0.18052
vt 0.05799 0.16486
vt 0.03798 0.84127
vt 0.0602 0.85734
vt 0.07007 0.84569
vt 0.04724 0.8281
vt 0.01421 0.82566
vt 0.02097 0.81168
vt 0.12628 0.08464
vt 0.13775 0.09572
vt 0.14395 0.06613
vt 0.15542 0.07603
vt 0.1601 0.04423
vt 0.17308 0.05355
vt 0.17581 0.02079
vt 0.18962 0.02763
vt 0.904 0.87542
vt 0.92277 0.85809
vt 0.91307 0.84648
vt 0.89312 0.86379
vt 0.07903 0.87497
vt 0.09009 0.86331
vt 0.94504 0.16177
vt 0.93594 0.17481
vt 0.96856 0.1771
vt 0.96194 0.19093
vt 0.83588 0.95137
vt 0.82276 0.94228
vt 0.82058 0.97503
vt 0.80668 0.96843
vt 0.96196 0.81314
vt 0.95477 0.79926
vt 0.92751 0.81737
vt 0.93582 0.82921
vt 0.9146 0.80003
vt 0.83192 0.87608
vt 0.85043 0.85689
vt 0.79357 0.92106
vt 0.81318 0.89702
vt 0.20195 0.07528
vt 0.18191 0.09902
vt 0.77332 0.94838
vt 0.1628 0.11968
vt 0.14395 0.13858
vt 0.22268 0.04826
vt 0.12442 0.15679
vt 0.10314 0.17521
vt 0.07874 0.19444
vt 0.05105 0.21426
vt 0.19014 0.92183
vt 0.21037 0.94955
vt 0.15176 0.87616
vt 0.17052 0.89743
vt 0.11399 0.83783
vt 0.13322 0.85665
vt 0.06887 0.7988
vt 0.09299 0.81877
vt 0.91469 0.20382
vt 0.8908 0.18419
vt 0.04145 0.77816
vt 0.87 0.16544
vt 0.85094 0.14692
vt 0.94184 0.2241
vt 0.83257 0.12773
vt 0.81397 0.10679
vt 0.79451 0.08276
vt 0.77443 0.05546
vt 0.94958 0.79059
vt 0.92203 0.80984
vt 0.90401 0.83551
vt 0.88354 0.85334
vt 0.8982 0.8286
vt 0.94192 0.77978
vt 0.87749 0.84682
vt 0.8648 0.87126
vt 0.84688 0.88999
vt 0.8585 0.86496
vt 0.84036 0.88395
vt 0.82906 0.91047
vt 0.81092 0.93398
vt 0.82215 0.90466
vt 0.80339 0.92849
vt 0.7928 0.96124
vt 0.16625 0.08529
vt 0.1848 0.06206
vt 0.78413 0.95604
vt 0.17307 0.09122
vt 0.19225 0.06768
vt 0.20339 0.03507
vt 0.14805 0.10549
vt 0.15448 0.11166
vt 0.21199 0.04041
vt 0.136 0.13037
vt 0.1298 0.12396
vt 0.11074 0.14158
vt 0.11669 0.14821
vt 0.09564 0.1661
vt 0.08994 0.15909
vt 0.0661 0.17686
vt 0.07147 0.18449
vt 0.04356 0.20331
vt 0.0385 0.19454
vt 0.19061 0.96238
vt 0.17254 0.93474
vt 0.19941 0.9572
vt 0.18018 0.92926
vt 0.1544 0.91089
vt 0.13656 0.89009
vt 0.16142 0.90507
vt 0.14319 0.88404
vt 0.11862 0.87105
vt 0.09984 0.85283
vt 0.12502 0.86474
vt 0.10599 0.84629
vt 0.0793 0.83469
vt 0.05571 0.81621
vt 0.08521 0.82776
vt 0.06131 0.80865
vt 0.02833 0.79773
vt 0.95472 0.20473
vt 0.92762 0.18658
vt 0.92212 0.19407
vt 0.94951 0.21336
vt 0.03364 0.78901
vt 0.89845 0.17528
vt 0.90426 0.16842
vt 0.88392 0.15058
vt 0.87787 0.15706
vt 0.85901 0.13891
vt 0.86531 0.13266
vt 0.84753 0.11392
vt 0.841 0.11992
vt 0.82293 0.09921
vt 0.82984 0.09345
vt 0.81184 0.06996
vt 0.80432 0.0754
vt 0.78523 0.04787
vt 0.7939 0.04273
vt 0.94491 0.84233
vt 0.96856 0.82704
vt 0.76171 0.44348
vt 0.78755 0.40923
vt 0.7722 0.42453
vt 0.75304 0.4644
vt 0.80528 0.39516
vt 0.8278 0.38582
vt 0.75024 0.48861
vt 0.75024 0.51395
vt 0.85216 0.37886
vt 0.75719 0.53832
vt 0.8775 0.37886
vt 0.76653 0.56083
vt 0.90172 0.38166
vt 0.78061 0.57857
vt 0.92263 0.39033
vt 0.7959 0.59391
vt 0.94159 0.40083
vt 0.95688 0.41617
vt 0.81485 0.6044
vt 0.83577 0.61308
vt 0.97096 0.43391
vt 0.85999 0.61588
vt 0.9803 0.45642
vt 0.88532 0.61588
vt 0.98725 0.48079
vt 0.90969 0.60892
vt 0.98725 0.50613
vt 0.93221 0.59958
vt 0.98445 0.53034
vt 0.94994 0.5855
vt 0.97578 0.55126
vt 0.96529 0.57021
usemtl mat1
f 525/525/586 526/526/587 527/527/588
f 525/525/586 527/527/588 528/528/589
f 529/529/590 530/530/591 531/531/592
f 529/529/590 531/531/592 532/532/593
f 533/533/594 534/534/595 535/535/596
f 533/533/594 535/535/596 530/530/591
f 530/530/591 535/535/596 536/536/597
f 530/530/591 536/536/597 531/531/592
f 532/532/593 531/531/592 537/537/598
f 532/532/593 537/537/598 538/538/599
f 526/526/587 539/539/600 540/540/601
f 526/526/587 540/540/601 527/527/588
f 541/541/602 542/542/603 543/543/604
f 541/541/602 543/543/604 544/544/605
f 538/538/599 537/537/598 545/545/606
f 538/538/599 545/545/606 546/546/607
f 531/531/592 536/536/597 547/547/608
f 531/531/592 547/547/608 537/537/598
f 537/537/598 547/547/608 548/548/609
f 537/537/598 548/548/609 545/545/606
f 546/546/607 545/545/606 549/549/610
f 546/546/607 549/549/610 550/550/611
f 542/542/603 551/551/612 552/552/613
f 542/542/603 552/552/613 543/543/604
f 553/553/614 554/554/615 555/555/616
f 553/553/614 555/555/616 556/556/617
f 550/550/611 549/549/610 557/557/618
f 550/550/611 557/557/618 558/558/619
f 545/545/606 548/548/609 559/559/620
f 545/545/606 559/559/620 549/549/610
f 549/549/610 559/559/620 560/560/621
f 549/549/610 560/560/621 557/557/618
f 558/558/619 557/557/618 561/561/622
f 558/558/619 561/561/622 562/562/623
f 554/554/615 563/563/624 564/564/625
f 554/554/615 564/564/625 555/555/616
f 565/565/624 566/566/626 567/567/627
f 565/565/624 567/567/627 568/568/625
f 562/562/623 561/561/622 569/569/628
f 562/562/623 569/569/628 570/570/629
f 557/557/618 560/560/621 571/571/630
f 557/557/618 571/571/630 561/561/622
f 561/561/622 571/571/630 572/572/631
f 561/561/622 572/572/631 569/569/628
f 573/573/632 574/574/633 575/575/634
f 573/573/632 575/575/634 576/576/635
f 534/534/595 577/577/636 578/578/637
f 534/534/595 578/578/637 535/535/596
f 577/577/636 579/579/638 580/580/639
f 577/577/636 580/580/639 578/578/637
f 578/578/637 580/580/639 581/581/640
f 578/578/637 581/581/640 582/582/641
f 535/535/596 578/578/637 582/582/641
f 535/535/596 582/582/641 536/536/597
f 579/579/638 583/583/642 584/584/643
f 579/579/638 584/584/643 580/580/639
f 583/583/642 585/585/644 586/586/645
f 583/583/642 586/586/645 584/584/643
f 584/584/643 586/586/645 587/587/646
f 584/584/643 587/587/646 588/588/647
f 580/580/639 584/584/643 588/588/647
f 580/580/639 588/588/647 581/581/640
f 585/585/644 589/589/648 590/590/649
f 585/585/644 590/590/649 586/586/645
f 589/589/648 591/591/650 592/592/651
f 589/589/648 592/592/651 590/590/649
f 590/590/649 592/592/651 593/593/652
f 590/590/649 593/593/652 594/594/653
f 586/586/645 590/590/649 594/594/653
f 586/586/645 594/594/653 587/587/646
f 591/591/650 595/595/654 596/596/655
f 591/591/650 596/596/655 592/592/651
f 595/595/654 573/573/632 576/576/635
f 595/595/654 576/576/635 596/596/655
f 596/596/655 576/576/635 597/597/656
f 596/596/655 597/597/656 598/598/657
f 592/592/651 596/596/655 598/598/657
f 592/592/651 598/598/657 593/593/652
f 536/536/597 582/582/641 599/599/658
f 536/536/597 599/599/658 547/547/608
f 582/582/641 581/581/640 600/600/659
f 582/582/641 600/600/659 599/599/658
f 599/599/658 600/600/659 601/601/660
f 599/599/658 601/601/660 602/602/661
f 547/547/608 599/599/658 602/602/661
f 547/547/608 602/602/661 548/548/609
f 581/581/640 588/588/647 603/603/662
f 581/581/640 603/603/662 600/600/659
f 588/588/647 587/587/646 604/604/663
f 588/588/647 604/604/663 603/603/662
f 603/603/662 604/604/663 605/605/664
f 603/603/662 605/605/664 606/606/665
f 600/600/659 603/603/662 606/606/665
f 600/600/659 606/606/665 601/601/660
f 587/587/646 594/594/653 607/607/666
f 587/587/646 607/607/666 604/604/663
f 594/594/653 593/593/652 608/608/667
f 594/594/653 608/608/667 607/607/666
f 607/607/666 608/608/667 609/609/668
f 607/607/666 609/609/668 610/610/669
f 604/604/663 607/607/666 610/610/669
f 604/604/663 610/610/669 605/605/664
f 593/593/652 598/598/657 611/611/670
f 593/593/652 611/611/670 608/608/667
f 598/598/657 597/597/656 612/612/671
f 598/598/657 612/612/671 611/611/670
f 611/611/670 612/612/671 613/613/672
f 611/611/670 613/613/672 614/614/673
f 608/608/667 611/611/670 614/614/673
f 608/608/667 614/614/673 609/609/668
f 548/548/609 602/602/661 615/615/674
f 548/548/609 615/615/674 559/559/620
f 602/602/661 601/601/660 616/616/675
f 602/602/661 616/616/675 615/615/674
f 615/615/674 616/616/675 617/617/676
f 615/615/674 617/617/676 618/618/677
f 559/559/620 615/615/674 618/618/677
f 559/559/620 618/618/677 560/560/621
f 601/601/660 606/606/665 619/619/678
f 601/601/660 619/619/678 616/616/675
f 606/606/665 605/605/664 620/620/679
f 606/606/665 620/620/679 619/619/678
f 619/619/678 620/620/679 621/621/680
f 619/619/678 621/621/680 622/622/681
f 616/616/675 619/619/678 622/622/681
f 616/616/675 622/622/681 617/617/676
f 605/605/664 610/610/669 623/623/682
f 605/605/664 623/623/682 620/620/679
f 610/610/669 609/609/668 624/624/683
f 610/610/669 624/624/683 623/623/682
f 623/623/682 624/624/683 625/625/684
f 623/623/682 625/625/684 626/626/685
f 620/620/679 623/623/682 626/626/685
f 620/620/679 626/626/685 621/621/680
f 609/609/668 614/614/673 627/627/686
f 609/609/668 627/627/686 624/624/683
f 614/614/673 613/613/672 628/628/687
f 614/614/673 628/628/687 627/627/686
f 627/627/686 628/628/687 629/629/688
f 627/627/686 629/629/688 630/630/689
f 624/624/683 627/627/686 630/630/689
f 624/624/683 630/630/689 625/625/684
f 560/560/621 618/618/677 631/631/690
f 560/560/621 631/631/690 571/571/630
f 618/618/677 617/617/676 632/632/691
f 618/618/677 632/632/691 631/631/690
f 631/631/690 632/632/691 633/633/692
f 631/631/690 633/633/692 634/634/693
f 571/571/630 631/631/690 634/634/693
f 571/571/630 634/634/693 572/572/631
f 617/617/676 622/622/681 635/635/694
f 617/617/676 635/635/694 632/632/691
f 622/622/681 621/621/680 636/636/695
f 622/622/681 636/636/695 635/635/694
f 635/635/694 636/636/695 637/637/696
f 635/635/694 637/637/696 638/638/697
f 632/632/691 635/635/694 638/638/697
f 632/632/691 638/638/697 633/633/692
f 621/621/680 626/626/685 639/639/698
f 621/621/680 639/639/698 636/636/695
f 626/626/685 625/625/684 640/640/699
f 626/626/685 640/640/699 639/639/698
f 639/639/698 640/640/699 641/641/700
f 639/639/698 641/641/700 642/642/701
f 636/636/695 639/639/698 642/642/701
f 636/636/695 642/642/701 637/637/696
f 625/625/684 630/630/689 643/643/702
f 625/625/684 643/643/702 640/640/699
f 630/630/689 629/629/688 644/644/703
f 630/630/689 644/644/703 643/643/702
f 643/643/702 644/644/703 645/645/704
f 643/643/702 645/645/704 646/646/705
f 640/640/699 643/643/702 646/646/705
f 640/640/699 646/646/705 641/641/700
f 576/576/635 575/575/634 647/647/706
f 576/576/635 647/647/706 597/597/656
f 574/574/633 648/648/707 649/649/708
f 574/574/633 649/649/708 575/575/634
f 575/575/634 649/649/708 650/650/709
f 575/575/634 650/650/709 647/647/706
f 597/597/656 647/647/706 651/651/710
f 597/597/656 651/651/710 612/612/671
f 566/566/626 525/525/586 528/528/589
f 566/566/626 528/528/589 567/567/627
f 652/652/711 653/653/712 654/654/713
f 652/652/711 654/654/713 655/655/714
f 612/612/671 651/651/710 656/656/715
f 612/612/671 656/656/715 613/613/672
f 647/647/706 650/650/709 657/657/716
f 647/647/706 657/657/716 651/651/710
f 651/651/710 657/657/716 658/658/717
f 651/651/710 658/658/717 656/656/715
f 613/613/672 656/656/715 659/659/718
f 613/613/672 659/659/718 628/628/687
f 653/653/712 660/660/719 661/661/720
f 653/653/712 661/661/720 654/654/713
f 662/662/719 663/663/721 664/664/722
f 662/662/719 664/664/722 665/665/720
f 628/628/687 659/659/718 666/666/723
f 628/628/687 666/666/723 629/629/688
f 656/656/715 658/658/717 667/667/724
f 656/656/715 667/667/724 659/659/718
f 659/659/718 667/667/724 668/668/725
f 659/659/718 668/668/725 666/666/723
f 629/629/688 666/666/723 669/669/726
f 629/629/688 669/669/726 644/644/703
f 663/663/721 541/541/602 544/544/605
f 663/663/721 544/544/605 664/664/722
f 670/670/727 671/671/728 672/672/729
f 670/670/727 672/672/729 673/673/730
f 644/644/703 669/669/726 674/674/731
f 644/644/703 674/674/731 645/645/704
f 666/666/723 668/668/725 675/675/732
f 666/666/723 675/675/732 669/669/726
f 669/669/726 675/675/732 676/676/733
f 669/669/726 676/676/733 674/674/731
f 591/591/650 677/677/734 678/678/735
f 591/591/650 678/678/735 595/595/654
f 671/671/728 679/679/736 680/680/737
f 671/671/728 680/680/737 672/672/729
f 681/681/736 682/682/738 683/683/739
f 681/681/736 683/683/739 684/684/737
f 585/585/644 685/685/740 686/686/741
f 585/585/644 686/686/741 589/589/648
f 595/595/654 678/678/735 687/687/633
f 595/595/654 687/687/633 573/573/632
f 579/579/638 688/688/742 689/689/743
f 579/579/638 689/689/743 583/583/642
f 589/589/648 686/686/741 677/677/734
f 589/589/648 677/677/734 591/591/650
f 690/690/594 691/691/744 577/577/636
f 690/690/594 577/577/636 534/534/595
f 583/583/642 689/689/743 685/685/740
f 583/583/642 685/685/740 585/585/644
f 677/677/734 692/692/745 693/693/746
f 677/677/734 693/693/746 678/678/735
f 577/577/636 691/691/744 688/688/742
f 577/577/636 688/688/742 579/579/638
f 685/685/740 694/694/747 695/695/748
f 685/685/740 695/695/748 686/686/741
f 678/678/735 693/693/746 696/696/707
f 678/678/735 696/696/707 687/687/633
f 688/688/742 697/697/749 698/698/750
f 688/688/742 698/698/750 689/689/743
f 686/686/741 695/695/748 692/692/745
f 686/686/741 692/692/745 677/677/734
f 699/699/751 700/700/752 691/691/744
f 699/699/751 691/691/744 690/690/594
f 689/689/743 698/698/750 694/694/747
f 689/689/743 694/694/747 685/685/740
f 701/701/753 702/702/754 703/703/755
f 701/701/753 703/703/755 704/704/756
f 691/691/744 700/700/752 697/697/749
f 691/691/744 697/697/749 688/688/742
f 682/682/738 705/705/757 706/706/758
f 682/682/738 706/706/758 683/683/739
f 707/707/759 708/708/760 709/709/761
f 707/707/759 709/709/761 710/710/762
f 708/708/760 670/670/727 673/673/730
f 708/708/760 673/673/730 709/709/761
f 705/705/757 711/711/763 712/712/764
f 705/705/757 712/712/764 706/706/758
f 711/711/763 713/713/765 714/714/766
f 711/711/763 714/714/766 712/712/764
f 715/715/767 716/716/768 717/717/769
f 715/715/767 717/717/769 718/718/770
f 716/716/768 707/707/759 710/710/762
f 716/716/768 710/710/762 717/717/769
f 719/719/771 720/720/772 721/721/773
f 719/719/771 721/721/773 722/722/774
f 720/720/772 723/723/775 724/724/776
f 720/720/772 724/724/776 721/721/773
f 551/551/612 725/725/777 726/726/778
f 551/551/612 726/726/778 552/552/613
f 725/725/777 719/719/771 722/722/774
f 725/725/777 722/722/774 726/726/778
f 713/713/765 727/727/779 728/728/780
f 713/713/765 728/728/780 714/714/766
f 727/727/779 553/553/614 556/556/617
f 727/727/779 556/556/617 728/728/780
f 729/729/775 730/730/781 731/731/782
f 729/729/775 731/731/782 732/732/776
f 733/733/783 734/734/784 706/706/758
f 733/733/783 706/706/758 712/712/764
f 730/730/781 715/715/767 718/718/770
f 730/730/781 718/718/770 731/731/782
f 539/539/600 735/735/785 736/736/786
f 539/539/600 736/736/786 540/540/601
f 737/737/787 738/738/788 739/739/789
f 737/737/787 739/739/789 740/740/790
f 704/704/756 703/703/755 741/741/731
f 704/704/756 741/741/731 742/742/733
f 743/743/791 744/744/792 745/745/793
f 743/743/791 745/745/793 746/746/794
f 740/740/790 739/739/789 702/702/754
f 740/740/790 702/702/754 701/701/753
f 747/747/629 748/748/628 749/749/795
f 747/747/629 749/749/795 750/750/796
f 746/746/794 745/745/793 738/738/788
f 746/746/794 738/738/788 737/737/787
f 702/702/754 641/641/700 646/646/705
f 702/702/754 646/646/705 703/703/755
f 750/750/796 749/749/795 744/744/792
f 750/750/796 744/744/792 743/743/791
f 738/738/788 637/637/696 642/642/701
f 738/738/788 642/642/701 739/739/789
f 703/703/755 646/646/705 645/645/704
f 703/703/755 645/645/704 741/741/731
f 744/744/792 633/633/692 638/638/697
f 744/744/792 638/638/697 745/745/793
f 739/739/789 642/642/701 641/641/700
f 739/739/789 641/641/700 702/702/754
f 748/748/628 572/572/631 634/634/693
f 748/748/628 634/634/693 749/749/795
f 745/745/793 638/638/697 637/637/696
f 745/745/793 637/637/696 738/738/788
f 650/650/709 751/751/797 752/752/798
f 650/650/709 752/752/798 657/657/716
f 749/749/795 634/634/693 633/633/692
f 749/749/795 633/633/692 744/744/792
f 532/532/593 753/753/799 754/754/800
f 532/532/593 754/754/800 529/529/590
f 657/657/716 752/752/798 755/755/801
f 657/657/716 755/755/801 658/658/717
f 701/701/753 756/756/802 757/757/803
f 701/701/753 757/757/803 740/740/790
f 529/529/590 754/754/800 758/758/804
f 529/529/590 758/758/804 759/759/751
f 697/697/749 760/760/805 761/761/806
f 697/697/749 761/761/806 698/698/750
f 740/740/790 757/757/803 762/762/807
f 740/740/790 762/762/807 737/737/787
f 763/763/804 764/764/808 700/700/752
f 763/763/804 700/700/752 699/699/751
f 698/698/750 761/761/806 765/765/809
f 698/698/750 765/765/809 694/694/747
f 546/546/607 766/766/810 767/767/811
f 546/546/607 767/767/811 538/538/599
f 700/700/752 764/764/808 760/760/805
f 700/700/752 760/760/805 697/697/749
f 762/762/807 768/768/812 746/746/794
f 762/762/807 746/746/794 737/737/787
f 538/538/599 767/767/811 753/753/799
f 538/538/599 753/753/799 532/532/593
f 558/558/619 769/769/813 770/770/814
f 558/558/619 770/770/814 550/550/611
f 746/746/794 768/768/812 771/771/815
f 746/746/794 771/771/815 743/743/791
f 771/771/815 772/772/816 750/750/796
f 771/771/815 750/750/796 743/743/791
f 550/550/611 770/770/814 766/766/810
f 550/550/611 766/766/810 546/546/607
f 773/773/817 774/774/818 562/562/623
f 773/773/817 562/562/623 570/570/629
f 750/750/796 772/772/816 775/775/817
f 750/750/796 775/775/817 747/747/629
f 692/692/745 776/776/819 777/777/820
f 692/692/745 777/777/820 693/693/746
f 562/562/623 774/774/818 769/769/813
f 562/562/623 769/769/813 558/558/619
f 778/778/821 779/779/822 649/649/708
f 778/778/821 649/649/708 648/648/707
f 693/693/746 777/777/820 780/780/821
f 693/693/746 780/780/821 696/696/707
f 668/668/725 781/781/823 782/782/824
f 668/668/725 782/782/824 675/675/732
f 649/649/708 779/779/822 751/751/797
f 649/649/708 751/751/797 650/650/709
f 783/783/825 784/784/826 704/704/756
f 783/783/825 704/704/756 742/742/733
f 675/675/732 782/782/824 785/785/825
f 675/675/732 785/785/825 676/676/733
f 765/765/809 786/786/827 695/695/748
f 765/765/809 695/695/748 694/694/747
f 704/704/756 784/784/826 756/756/802
f 704/704/756 756/756/802 701/701/753
f 755/755/801 787/787/828 667/667/724
f 755/755/801 667/667/724 658/658/717
f 695/695/748 786/786/827 776/776/819
f 695/695/748 776/776/819 692/692/745
f 667/667/724 787/787/828 781/781/823
f 667/667/724 781/781/823 668/668/725
f 755/755/801 752/752/798 735/735/785
f 755/755/801 735/735/785 539/539/600
f 752/752/798 751/751/797 652/652/711
f 752/752/798 652/652/711 735/735/785
f 758/758/804 754/754/800 730/730/781
f 758/758/804 730/730/781 729/729/775
f 754/754/800 753/753/799 715/715/767
f 754/754/800 715/715/767 730/730/781
f 762/762/807 757/757/803 727/727/779
f 762/762/807 727/727/779 713/713/765
f 757/757/803 756/756/802 553/553/614
f 757/757/803 553/553/614 727/727/779
f 765/765/809 761/761/806 725/725/777
f 765/765/809 725/725/777 551/551/612
f 761/761/806 760/760/805 719/719/771
f 761/761/806 719/719/771 725/725/777
f 760/760/805 764/764/808 720/720/772
f 760/760/805 720/720/772 719/719/771
f 764/764/808 763/763/804 723/723/775
f 764/764/808 723/723/775 720/720/772
f 753/753/799 767/767/811 716/716/768
f 753/753/799 716/716/768 715/715/767
f 767/767/811 766/766/810 707/707/759
f 767/767/811 707/707/759 716/716/768
f 771/771/815 768/768/812 711/711/763
f 771/771/815 711/711/763 705/705/757
f 768/768/812 762/762/807 713/713/765
f 768/768/812 713/713/765 711/711/763
f 766/766/810 770/770/814 708/708/760
f 766/766/810 708/708/760 707/707/759
f 770/770/814 769/769/813 670/670/727
f 770/770/814 670/670/727 708/708/760
f 775/775/817 772/772/816 682/682/738
f 775/775/817 682/682/738 681/681/736
f 772/772/816 771/771/815 705/705/757
f 772/772/816 705/705/757 682/682/738
f 769/769/813 774/774/818 671/671/728
f 769/769/813 671/671/728 670/670/727
f 774/774/818 773/773/817 679/679/736
f 774/774/818 679/679/736 671/671/728
f 780/780/821 777/777/820 663/663/721
f 780/780/821 663/663/721 662/662/719
f 777/777/820 776/776/819 541/541/602
f 777/777/820 541/541/602 663/663/721
f 751/751/797 779/779/822 653/653/712
f 751/751/797 653/653/712 652/652/711
f 779/779/822 778/778/821 660/660/719
f 779/779/822 660/660/719 653/653/712
f 785/785/825 782/782/824 566/566/626
f 785/785/825 566/566/626 565/565/624
f 782/782/824 781/781/823 525/525/586
f 782/782/824 525/525/586 566/566/626
f 756/756/802 784/784/826 554/554/615
f 756/756/802 554/554/615 553/553/614
f 784/784/826 783/783/825 563/563/624
f 784/784/826 563/563/624 554/554/615
f 776/776/819 786/786/827 542/542/603
f 776/776/819 542/542/603 541/541/602
f 786/786/827 765/765/809 551/551/612
f 786/786/827 551/551/612 542/542/603
f 781/781/823 787/787/828 526/526/587
f 781/781/823 526/526/587 525/525/586
f 787/787/828 755/755/801 539/539/600
f 787/787/828 539/539/600 526/526/587
f 788/788/829 789/789/830 790/790/831
f 788/788/829 790/790/831 791/791/832
f 792/792/833 788/788/829 791/791/832
f 792/792/833 791/791/832 793/793/834
f 794/794/835 795/795/836 796/796/837
f 794/794/835 796/796/837 797/797/838
f 798/798/839 794/794/835 797/797/838
f 798/798/839 797/797/838 799/799/840
f 800/800/841 798/798/839 799/799/840
f 800/800/841 799/799/840 801/801/842
f 802/802/843 800/800/841 801/801/842
f 802/802/843 801/801/842 803/803/844
f 804/804/845 805/805/846 806/806/847
f 804/804/845 806/806/847 807/807/848
f 808/808/849 804/804/845 807/807/848
f 808/808/849 807/807/848 809/809/850
f 810/810/851 811/811/852 812/812/853
f 810/810/851 812/812/853 813/813/854
f 814/814/855 810/810/851 813/813/854
f 814/814/855 813/813/854 815/815/856
f 816/816/857 817/817/858 818/818/859
f 816/816/857 818/818/859 819/819/860
f 820/820/861 816/816/857 819/819/860
f 820/820/861 819/819/860 821/821/862
f 822/822/863 808/808/849 809/809/850
f 822/822/863 809/809/850 823/823/864
f 789/789/830 822/822/863 823/823/864
f 789/789/830 823/823/864 790/790/831
f 824/824/865 825/825/866 826/826/867
f 824/824/865 826/826/867 827/827/868
f 817/817/858 824/824/865 827/827/868
f 817/817/858 827/827/868 818/818/859
f 828/828/869 829/829/870 830/830/871
f 828/828/869 830/830/871 831/831/872
f 832/832/866 828/828/869 831/831/872
f 832/832/866 831/831/872 833/833/867
f 834/834/873 820/820/861 821/821/862
f 834/834/873 821/821/862 835/835/874
f 836/836/875 834/834/873 835/835/874
f 836/836/875 835/835/874 837/837/876
f 838/838/877 836/836/875 837/837/876
f 838/838/877 837/837/876 839/839/878
f 840/840/846 838/838/877 839/839/878
f 840/840/846 839/839/878 841/841/847
f 842/842/879 843/843/880 844/844/881
f 842/842/879 844/844/881 845/845/882
f 811/811/852 842/842/879 845/845/882
f 811/811/852 845/845/882 812/812/853
f 846/846/883 802/802/843 803/803/844
f 846/846/883 803/803/844 847/847/884
f 829/829/870 846/846/883 847/847/884
f 829/829/870 847/847/884 830/830/871
f 848/848/885 792/792/833 793/793/834
f 848/848/885 793/793/834 849/849/886
f 850/850/887 848/848/885 849/849/886
f 850/850/887 849/849/886 851/851/888
f 852/852/889 814/814/855 815/815/856
f 852/852/889 815/815/856 853/853/890
f 854/854/836 852/852/889 853/853/890
f 854/854/836 853/853/890 855/855/837
f 856/856/888 857/857/891 858/858/892
f 856/856/888 858/858/892 859/859/893
f 734/734/784 860/860/894 683/683/739
f 734/734/784 683/683/739 706/706/758
f 861/861/895 862/862/896 714/714/766
f 861/861/895 714/714/766 728/728/780
f 862/862/896 733/733/783 712/712/764
f 862/862/896 712/712/764 714/714/766
f 863/863/897 864/864/898 556/556/617
f 863/863/897 556/556/617 555/555/616
f 864/864/898 861/861/895 728/728/780
f 864/864/898 728/728/780 556/556/617
f 865/865/899 866/866/900 722/722/774
f 865/865/899 722/722/774 721/721/773
f 867/867/901 863/863/897 555/555/616
f 867/867/901 555/555/616 564/564/625
f 726/726/778 868/868/902 869/869/903
f 726/726/778 869/869/903 552/552/613
f 870/870/904 865/865/899 721/721/773
f 870/870/904 721/721/773 724/724/776
f 543/543/604 871/871/905 872/872/906
f 543/543/604 872/872/906 544/544/605
f 866/866/900 868/868/902 726/726/778
f 866/866/900 726/726/778 722/722/774
f 664/664/722 873/873/907 874/874/908
f 664/664/722 874/874/908 665/665/720
f 869/869/903 871/871/905 543/543/604
f 869/869/903 543/543/604 552/552/613
f 875/875/909 876/876/901 568/568/625
f 875/875/909 568/568/625 567/567/627
f 872/872/906 873/873/907 664/664/722
f 872/872/906 664/664/722 544/544/605
f 877/877/910 878/878/911 528/528/589
f 877/877/910 528/528/589 527/527/588
f 878/878/911 875/875/909 567/567/627
f 878/878/911 567/567/627 528/528/589
f 879/879/912 880/880/913 540/540/601
f 879/879/912 540/540/601 736/736/786
f 880/880/913 877/877/910 527/527/588
f 880/880/913 527/527/588 540/540/601
f 881/881/914 882/882/915 655/655/714
f 881/881/914 655/655/714 654/654/713
f 882/882/915 879/879/912 736/736/786
f 882/882/915 736/736/786 655/655/714
f 672/672/729 883/883/916 884/884/917
f 672/672/729 884/884/917 673/673/730
f 885/885/908 881/881/914 654/654/713
f 885/885/908 654/654/713 661/661/720
f 709/709/761 886/886/918 887/887/919
f 709/709/761 887/887/919 710/710/762
f 888/888/920 883/883/916 672/672/729
f 888/888/920 672/672/729 680/680/737
f 717/717/769 889/889/921 890/890/922
f 717/717/769 890/890/922 718/718/770
f 884/884/917 886/886/918 709/709/761
f 884/884/917 709/709/761 673/673/730
f 731/731/782 891/891/923 892/892/904
f 731/731/782 892/892/904 732/732/776
f 887/887/919 889/889/921 717/717/769
f 887/887/919 717/717/769 710/710/762
f 890/890/922 891/891/923 731/731/782
f 890/890/922 731/731/782 718/718/770
f 857/857/891 893/893/924 894/894/925
f 857/857/891 894/894/925 858/858/892
f 859/859/893 858/858/892 895/895/926
f 859/859/893 895/895/926 844/844/881
f 895/895/926 896/896/927 845/845/882
f 895/895/926 845/845/882 844/844/881
f 858/858/892 894/894/925 897/897/928
f 858/858/892 897/897/928 895/895/926
f 897/897/928 894/894/925 860/860/894
f 897/897/928 860/860/894 734/734/784
f 894/894/925 893/893/924 898/898/920
f 894/894/925 898/898/920 860/860/894
f 897/897/928 899/899/929 896/896/927
f 897/897/928 896/896/927 895/895/926
f 845/845/882 896/896/927 900/900/930
f 845/845/882 900/900/930 812/812/853
f 900/900/930 901/901/931 813/813/854
f 900/900/930 813/813/854 812/812/853
f 896/896/927 899/899/929 902/902/932
f 896/896/927 902/902/932 900/900/930
f 902/902/932 899/899/929 733/733/783
f 902/902/932 733/733/783 862/862/896
f 899/899/929 897/897/928 734/734/784
f 899/899/929 734/734/784 733/733/783
f 902/902/932 903/903/933 901/901/931
f 902/902/932 901/901/931 900/900/930
f 813/813/854 901/901/931 904/904/934
f 813/813/854 904/904/934 815/815/856
f 904/904/934 905/905/935 853/853/890
f 904/904/934 853/853/890 815/815/856
f 901/901/931 903/903/933 906/906/936
f 901/901/931 906/906/936 904/904/934
f 906/906/936 903/903/933 861/861/895
f 906/906/936 861/861/895 864/864/898
f 903/903/933 902/902/932 862/862/896
f 903/903/933 862/862/896 861/861/895
f 906/906/936 907/907/937 905/905/935
f 906/906/936 905/905/935 904/904/934
f 853/853/890 905/905/935 908/908/938
f 853/853/890 908/908/938 855/855/837
f 837/837/876 909/909/939 910/910/940
f 837/837/876 910/910/940 839/839/878
f 905/905/935 907/907/937 911/911/941
f 905/905/935 911/911/941 908/908/938
f 911/911/941 907/907/937 863/863/897
f 911/911/941 863/863/897 867/867/901
f 907/907/937 906/906/936 864/864/898
f 907/907/937 864/864/898 863/863/897
f 909/909/939 912/912/942 913/913/943
f 909/909/939 913/913/943 910/910/940
f 839/839/878 910/910/940 914/914/944
f 839/839/878 914/914/944 841/841/847
f 909/909/939 915/915/945 916/916/946
f 909/909/939 916/916/946 912/912/942
f 910/910/940 913/913/943 917/917/947
f 910/910/940 917/917/947 914/914/944
f 917/917/947 913/913/943 865/865/899
f 917/917/947 865/865/899 870/870/904
f 913/913/943 912/912/942 866/866/900
f 913/913/943 866/866/900 865/865/899
f 868/868/902 866/866/900 912/912/942
f 868/868/902 912/912/942 916/916/946
f 869/869/903 868/868/902 916/916/946
f 869/869/903 916/916/946 918/918/948
f 837/837/876 835/835/874 915/915/945
f 837/837/876 915/915/945 909/909/939
f 916/916/946 915/915/945 919/919/949
f 916/916/946 919/919/949 918/918/948
f 919/919/949 920/920/950 921/921/951
f 919/919/949 921/921/951 918/918/948
f 915/915/945 835/835/874 821/821/862
f 915/915/945 821/821/862 919/919/949
f 871/871/905 869/869/903 918/918/948
f 871/871/905 918/918/948 921/921/951
f 872/872/906 871/871/905 921/921/951
f 872/872/906 921/921/951 922/922/952
f 821/821/862 819/819/860 920/920/950
f 821/821/862 920/920/950 919/919/949
f 921/921/951 920/920/950 923/923/953
f 921/921/951 923/923/953 922/922/952
f 923/923/953 924/924/954 925/925/955
f 923/923/953 925/925/955 922/922/952
f 920/920/950 819/819/860 818/818/859
f 920/920/950 818/818/859 923/923/953
f 873/873/907 872/872/906 922/922/952
f 873/873/907 922/922/952 925/925/955
f 874/874/908 873/873/907 925/925/955
f 874/874/908 925/925/955 926/926/956
f 818/818/859 827/827/868 924/924/954
f 818/818/859 924/924/954 923/923/953
f 925/925/955 924/924/954 927/927/957
f 925/925/955 927/927/957 926/926/956
f 928/928/938 929/929/958 797/797/838
f 928/928/938 797/797/838 796/796/837
f 924/924/954 827/827/868 826/826/867
f 924/924/954 826/826/867 927/927/957
f 930/930/941 931/931/959 929/929/958
f 930/930/941 929/929/958 928/928/938
f 797/797/838 929/929/958 932/932/960
f 797/797/838 932/932/960 799/799/840
f 932/932/960 933/933/961 801/801/842
f 932/932/960 801/801/842 799/799/840
f 929/929/958 931/931/959 934/934/962
f 929/929/958 934/934/962 932/932/960
f 934/934/962 931/931/959 875/875/909
f 934/934/962 875/875/909 878/878/911
f 931/931/959 930/930/941 876/876/901
f 931/931/959 876/876/901 875/875/909
f 934/934/962 935/935/963 933/933/961
f 934/934/962 933/933/961 932/932/960
f 801/801/842 933/933/961 936/936/964
f 801/801/842 936/936/964 803/803/844
f 936/936/964 937/937/965 847/847/884
f 936/936/964 847/847/884 803/803/844
f 933/933/961 935/935/963 938/938/966
f 933/933/961 938/938/966 936/936/964
f 938/938/966 935/935/963 877/877/910
f 938/938/966 877/877/910 880/880/913
f 935/935/963 934/934/962 878/878/911
f 935/935/963 878/878/911 877/877/910
f 938/938/966 939/939/967 937/937/965
f 938/938/966 937/937/965 936/936/964
f 847/847/884 937/937/965 940/940/968
f 847/847/884 940/940/968 830/830/871
f 940/940/968 941/941/969 831/831/872
f 940/940/968 831/831/872 830/830/871
f 937/937/965 939/939/967 942/942/970
f 937/937/965 942/942/970 940/940/968
f 942/942/970 939/939/967 879/879/912
f 942/942/970 879/879/912 882/882/915
f 939/939/967 938/938/966 880/880/913
f 939/939/967 880/880/913 879/879/912
f 942/942/970 943/943/971 941/941/969
f 942/942/970 941/941/969 940/940/968
f 831/831/872 941/941/969 944/944/957
f 831/831/872 944/944/957 833/833/867
f 945/945/891 946/946/972 947/947/973
f 945/945/891 947/947/973 948/948/924
f 941/941/969 943/943/971 949/949/956
f 941/941/969 949/949/956 944/944/957
f 949/949/956 943/943/971 881/881/914
f 949/949/956 881/881/914 885/885/908
f 943/943/971 942/942/970 882/882/915
f 943/943/971 882/882/915 881/881/914
f 883/883/916 888/888/920 948/948/924
f 883/883/916 948/948/924 947/947/973
f 884/884/917 883/883/916 947/947/973
f 884/884/917 947/947/973 950/950/974
f 851/851/888 849/849/886 946/946/972
f 851/851/888 946/946/972 945/945/891
f 947/947/973 946/946/972 951/951/975
f 947/947/973 951/951/975 950/950/974
f 951/951/975 952/952/976 953/953/977
f 951/951/975 953/953/977 950/950/974
f 946/946/972 849/849/886 793/793/834
f 946/946/972 793/793/834 951/951/975
f 886/886/918 884/884/917 950/950/974
f 886/886/918 950/950/974 953/953/977
f 887/887/919 886/886/918 953/953/977
f 887/887/919 953/953/977 954/954/978
f 793/793/834 791/791/832 952/952/976
f 793/793/834 952/952/976 951/951/975
f 953/953/977 952/952/976 955/955/979
f 953/953/977 955/955/979 954/954/978
f 955/955/979 956/956/980 957/957/981
f 955/955/979 957/957/981 954/954/978
f 952/952/976 791/791/832 790/790/831
f 952/952/976 790/790/831 955/955/979
f 889/889/921 887/887/919 954/954/978
f 889/889/921 954/954/978 957/957/981
f 890/890/922 889/889/921 957/957/981
f 890/890/922 957/957/981 958/958/982
f 790/790/831 823/823/864 956/956/980
f 790/790/831 956/956/980 955/955/979
f 957/957/981 956/956/980 959/959/983
f 957/957/981 959/959/983 958/958/982
f 959/959/983 960/960/984 961/961/985
f 959/959/983 961/961/985 958/958/982
f 956/956/980 823/823/864 809/809/850
f 956/956/980 809/809/850 959/959/983
f 891/891/923 890/890/922 958/958/982
f 891/891/923 958/958/982 961/961/985
f 892/892/904 891/891/923 961/961/985
f 892/892/904 961/961/985 962/962/947
f 809/809/850 807/807/848 960/960/984
f 809/809/850 960/960/984 959/959/983
f 961/961/985 960/960/984 963/963/944
f 961/961/985 963/963/944 962/962/947
f 960/960/984 807/807/848 806/806/847
f 960/960/984 806/806/847 963/963/944
f 964/964/986 965/965/887 856/856/888
f 964/964/986 856/856/888 859/859/893
f 843/843/880 964/964/986 859/859/893
f 843/843/880 859/859/893 844/844/881
f 735/735/785 652/652/711 655/655/714
f 735/735/785 655/655/714 736/736/786
f 759/759/751 533/533/594 530/530/591
f 759/759/751 530/530/591 529/529/590
f 860/860/894 898/898/920 684/684/737
f 860/860/894 684/684/737 683/683/739
f 966/966/873 967/967/857 968/968/861
f 967/967/857 966/966/873 969/969/875
f 967/967/857 969/969/875 970/970/858
f 970/970/858 969/969/875 971/971/865
f 971/971/865 969/969/875 972/972/877
f 971/971/865 972/972/877 973/973/846
f 971/971/865 973/973/846 974/974/866
f 974/974/866 973/973/846 975/975/845
f 974/974/866 975/975/845 976/976/869
f 976/976/869 975/975/845 977/977/849
f 976/976/869 977/977/849 978/978/870
f 978/978/870 977/977/849 979/979/863
f 978/978/870 979/979/863 980/980/883
f 980/980/883 979/979/863 981/981/830
f 980/980/883 981/981/830 982/982/843
f 982/982/843 981/981/830 983/983/841
f 983/983/841 981/981/830 984/984/829
f 983/983/841 984/984/829 985/985/833
f 983/983/841 985/985/833 986/986/839
f 986/986/839 985/985/833 987/987/885
f 986/986/839 987/987/885 988/988/835
f 988/988/835 987/987/885 989/989/887
f 988/988/835 989/989/887 990/990/836
f 990/990/836 989/989/887 991/991/986
f 990/990/836 991/991/986 992/992/889
f 992/992/889 991/991/986 993/993/880
f 992/992/889 993/993/880 994/994/855
f 994/994/855 993/993/880 995/995/879
f 994/994/855 995/995/879 996/996/851
f 996/996/851 995/995/879 997/997/852
# Vertices: 473, normals: 401, texture coordinates: 473, faces: 798

